Model,Epoch,TrainLoss,ValLoss
ConvNet,0,11006.744140625,1081.3812255859375
ConvNet,1,1090.43505859375,913.7747192382812
ConvNet,2,838.1109619140625,747.4530029296875
ConvNet,3,803.7645263671875,672.322265625
ConvNet,4,691.747802734375,710.8630981445312
ConvNet,5,662.1154174804688,709.2782592773438
ConvNet,6,649.6363525390625,730.3902587890625
ConvNet,7,732.2125854492188,702.1787109375
ConvNet,8,682.6727294921875,619.489013671875
ConvNet,9,607.2476806640625,613.169189453125
ConvNet,10,585.1675415039062,604.4131469726562
ConvNet,11,529.436767578125,550.53369140625
ConvNet,12,578.4690551757812,577.273681640625
ConvNet,13,540.1488037109375,584.6424560546875
ConvNet,14,559.6857299804688,545.3133544921875
ConvNet,15,597.08349609375,566.6220703125
ConvNet,16,563.66748046875,533.3264770507812
ConvNet,17,546.2991333007812,525.2650146484375
ConvNet,18,516.2803955078125,493.309326171875
ConvNet,19,546.3138427734375,497.26434326171875
ConvNet,20,487.794189453125,486.18798828125
ConvNet,21,460.12225341796875,491.9281921386719
ConvNet,22,549.3267822265625,467.9217224121094
ConvNet,23,522.6705322265625,487.3671875
ConvNet,24,490.4505615234375,487.3625183105469
ConvNet,25,445.59393310546875,488.1053466796875
ConvNet,26,456.9230651855469,466.48748779296875
ConvNet,27,458.51544189453125,461.0094299316406
ConvNet,28,461.0532531738281,484.95819091796875
ConvNet,29,461.2794189453125,482.5002136230469
ConvNet,30,463.1427307128906,499.50225830078125
ConvNet,31,471.6908264160156,484.1144104003906
ConvNet,32,483.7104187011719,448.5647277832031
ConvNet,33,497.7274169921875,465.47467041015625
ConvNet,34,454.8359680175781,486.13311767578125
ConvNet,35,425.61492919921875,501.6531066894531
ConvNet,36,442.5461120605469,457.56414794921875
ConvNet,37,452.8673095703125,431.36065673828125
ConvNet,38,434.09063720703125,502.02642822265625
ConvNet,39,465.1864013671875,449.8895263671875
ConvNet,40,424.7833557128906,439.162109375
ConvNet,41,446.73388671875,508.058837890625
ConvNet,42,450.342529296875,476.4964904785156
ConvNet,43,461.1004333496094,447.7066650390625
ConvNet,44,501.6624755859375,451.8214111328125
ConvNet,45,433.7192687988281,440.0244445800781
ConvNet,46,454.9697570800781,463.15997314453125
ConvNet,47,441.271484375,438.0059814453125
ConvNet,48,440.02490234375,444.9903869628906
ConvNet,49,436.3786926269531,454.9193115234375
ConvNet,50,420.918701171875,441.94696044921875
ConvNet,51,445.2425842285156,423.6016845703125
ConvNet,52,388.4486999511719,427.4025573730469
ConvNet,53,440.1316833496094,455.0959777832031
ConvNet,54,443.1952819824219,462.0935363769531
ConvNet,55,443.4042053222656,453.2757263183594
ConvNet,56,476.7356262207031,438.56427001953125
ConvNet,57,474.75396728515625,430.2204895019531
ConvNet,58,449.33026123046875,485.3880615234375
ConvNet,59,409.90155029296875,416.3976135253906
ConvNet,60,473.789794921875,420.39520263671875
ConvNet,61,442.4124450683594,426.8963623046875
ConvNet,62,473.3782653808594,411.4936218261719
ConvNet,63,423.2544860839844,439.18597412109375
ConvNet,64,411.6424865722656,460.9073791503906
ConvNet,65,453.4564208984375,465.2450256347656
ConvNet,66,435.0932922363281,413.310791015625
ConvNet,67,422.915771484375,396.58245849609375
ConvNet,68,458.890380859375,473.4465637207031
ConvNet,69,465.8384094238281,439.2567443847656
ConvNet,70,436.6884460449219,387.14398193359375
ConvNet,71,432.3935546875,455.6404724121094
ConvNet,72,441.3014221191406,416.06866455078125
ConvNet,73,446.0224609375,428.3831787109375
ConvNet,74,407.4019470214844,475.55828857421875
ConvNet,75,418.60443115234375,478.8173828125
ConvNet,76,413.82666015625,446.9920654296875
ConvNet,77,478.529296875,442.9286193847656
ConvNet,78,450.4525146484375,434.26727294921875
ConvNet,79,409.20977783203125,441.3932800292969
ConvNet,80,433.66412353515625,422.0645446777344
ConvNet,81,432.138427734375,435.70672607421875
ConvNet,82,405.8673095703125,448.8158264160156
ConvNet,83,444.08245849609375,409.32977294921875
ConvNet,84,424.36199951171875,415.6842956542969
ConvNet,85,439.3062744140625,424.2284240722656
ConvNet,86,453.0533142089844,446.38739013671875
ConvNet,87,473.039794921875,415.23541259765625
ConvNet,88,415.9073791503906,453.6741638183594
ConvNet,89,438.7515563964844,441.26190185546875
ConvNet,90,431.98638916015625,431.6563720703125
ConvNet,91,413.15863037109375,397.15911865234375
ConvNet,92,450.3736572265625,456.4997253417969
ConvNet,93,402.2746276855469,442.5018310546875
ConvNet,94,434.06878662109375,399.8630676269531
ConvNet,95,455.4678955078125,394.6978759765625
ConvNet,96,397.4268493652344,427.92138671875
ConvNet,97,462.1623229980469,448.448486328125
ConvNet,98,434.658203125,407.7780456542969
ConvNet,99,459.45703125,442.30487060546875
ConvNet,100,433.68865966796875,462.0080261230469
ConvNet,101,412.5551452636719,440.1005859375
ConvNet,102,397.8785705566406,415.491943359375
ConvNet,103,443.9306640625,425.221435546875
ConvNet,104,471.08221435546875,447.099853515625
ConvNet,105,439.21478271484375,477.1313781738281
ConvNet,106,421.5340576171875,435.3038330078125
ConvNet,107,446.26837158203125,419.70428466796875
ConvNet,108,460.22613525390625,415.7090759277344
ConvNet,109,479.6515808105469,429.8954772949219
ConvNet,110,417.2245788574219,423.51416015625
ConvNet,111,424.56060791015625,437.4603271484375
ConvNet,112,433.7620849609375,447.9439392089844
ConvNet,113,439.522705078125,432.647705078125
ConvNet,114,390.8841857910156,442.0635986328125
ConvNet,115,459.19696044921875,459.4703674316406
ConvNet,116,477.02850341796875,424.41607666015625
ConvNet,117,414.8992919921875,419.2009582519531
ConvNet,118,448.3575439453125,430.15447998046875
ConvNet,119,423.1058349609375,419.368408203125
ConvNet,120,464.742919921875,397.39459228515625
ConvNet,121,425.8330078125,386.29705810546875
ConvNet,122,434.2196350097656,469.47802734375
ConvNet,123,420.76983642578125,434.0002136230469
ConvNet,124,416.36004638671875,443.2628173828125
ConvNet,125,430.84173583984375,428.23876953125
ConvNet,126,472.3112487792969,392.4113464355469
ConvNet,127,451.70550537109375,466.730224609375
ConvNet,128,380.720703125,460.9930419921875
ConvNet,129,442.3931884765625,419.5302734375
ConvNet,130,437.766357421875,427.46112060546875
ConvNet,131,444.294921875,413.779541015625
ConvNet,132,418.56158447265625,422.7215576171875
ConvNet,133,455.80645751953125,443.7844543457031
ConvNet,134,468.79791259765625,427.48199462890625
ConvNet,135,423.7993469238281,464.71636962890625
ConvNet,136,507.3267517089844,438.27838134765625
ConvNet,137,417.47235107421875,392.5687255859375
ConvNet,138,423.69134521484375,440.18701171875
ConvNet,139,439.0547790527344,390.5519714355469
ConvNet,140,394.27374267578125,448.6966552734375
ConvNet,141,438.1538391113281,414.25274658203125
ConvNet,142,407.67034912109375,440.89520263671875
ConvNet,143,454.7813415527344,424.95037841796875
ConvNet,144,414.71087646484375,416.67474365234375
ConvNet,145,393.64605712890625,449.5741882324219
ConvNet,146,435.04595947265625,424.75634765625
ConvNet,147,445.6310119628906,427.83233642578125
ConvNet,148,429.09515380859375,459.58636474609375
ConvNet,149,442.8720397949219,444.265869140625
ConvNet,150,410.1375427246094,406.2154541015625
ConvNet,151,452.9828186035156,409.1563720703125
ConvNet,152,444.20245361328125,437.23193359375
ConvNet,153,404.6259765625,427.99261474609375
ConvNet,154,442.309326171875,399.34039306640625
ConvNet,155,438.10260009765625,457.1167297363281
ConvNet,156,448.69842529296875,395.2301025390625
ConvNet,157,427.64263916015625,428.26751708984375
ConvNet,158,451.8555908203125,409.8118896484375
ConvNet,159,401.78851318359375,423.71246337890625
ConvNet,160,432.13787841796875,419.5378112792969
ConvNet,161,401.93328857421875,414.914794921875
ConvNet,162,460.97589111328125,436.2332763671875
ConvNet,163,414.5875244140625,443.6850891113281
ConvNet,164,423.93707275390625,458.0023193359375
ConvNet,165,417.52789306640625,421.5094909667969
ConvNet,166,402.34149169921875,452.9656982421875
ConvNet,167,472.1298522949219,463.4609375
ConvNet,168,409.924072265625,426.177490234375
ConvNet,169,402.537353515625,446.657470703125
ConvNet,170,417.9718933105469,429.7345886230469
ConvNet,171,429.39349365234375,413.5495910644531
ConvNet,172,388.95941162109375,439.88836669921875
ConvNet,173,462.25555419921875,416.74981689453125
ConvNet,174,436.2069396972656,457.62664794921875
ConvNet,175,385.79913330078125,414.47528076171875
ConvNet,176,483.51788330078125,443.85504150390625
ConvNet,177,396.36004638671875,484.8560791015625
ConvNet,178,413.91900634765625,417.259521484375
ConvNet,179,475.4239501953125,421.46435546875
ConvNet,180,426.4984130859375,400.17486572265625
ConvNet,181,428.7999572753906,454.4659729003906
ConvNet,182,432.129150390625,401.7238464355469
ConvNet,183,454.9617919921875,382.9747314453125
ConvNet,184,418.8973388671875,428.5452880859375
ConvNet,185,452.80780029296875,430.26068115234375
ConvNet,186,422.8333435058594,449.63494873046875
ConvNet,187,417.49395751953125,430.7152099609375
ConvNet,188,426.05712890625,445.416748046875
ConvNet,189,423.8758544921875,424.11767578125
ConvNet,190,432.42694091796875,453.9374084472656
ConvNet,191,435.7477111816406,438.584228515625
ConvNet,192,417.1816711425781,423.4288330078125
ConvNet,193,426.1029052734375,416.98382568359375
ConvNet,194,430.9740295410156,422.4831848144531
ConvNet,195,393.0650634765625,448.82965087890625
ConvNet,196,447.1389465332031,473.8412780761719
ConvNet,197,404.6496887207031,441.2720642089844
ConvNet,198,452.5352783203125,396.9197998046875
ConvNet,199,408.90869140625,402.8768310546875
ConvNet,200,441.65704345703125,427.858154296875
ConvNet,201,430.67578125,444.106689453125
ConvNet,202,446.074462890625,459.64239501953125
ConvNet,203,420.9876403808594,448.40386962890625
ConvNet,204,435.36712646484375,395.2818603515625
ConvNet,205,383.73272705078125,426.31463623046875
ConvNet,206,447.47723388671875,408.9681396484375
ConvNet,207,456.9212646484375,443.1904296875
ConvNet,208,463.27294921875,442.5931396484375
ConvNet,209,461.3699035644531,402.16943359375
ConvNet,210,436.36260986328125,423.0858154296875
ConvNet,211,408.00885009765625,440.9449768066406
ConvNet,212,434.4468994140625,443.85546875
ConvNet,213,397.4870910644531,395.4229736328125
ConvNet,214,424.4779052734375,475.36785888671875
ConvNet,215,416.4552001953125,458.19537353515625
ConvNet,216,422.36480712890625,438.35223388671875
ConvNet,217,441.07696533203125,460.7715148925781
ConvNet,218,398.2005615234375,439.2044982910156
ConvNet,219,416.2591552734375,427.4549560546875
ConvNet,220,444.43109130859375,434.74542236328125
ConvNet,221,453.5694885253906,435.26953125
ConvNet,222,432.78021240234375,434.0390625
ConvNet,223,392.99774169921875,386.614990234375
ConvNet,224,450.6243896484375,399.2698059082031
ConvNet,225,432.0623474121094,428.44879150390625
ConvNet,226,445.42303466796875,478.5090637207031
ConvNet,227,426.45928955078125,391.56646728515625
ConvNet,228,415.85614013671875,440.9859313964844
ConvNet,229,370.5362243652344,461.4930419921875
ConvNet,230,416.73419189453125,431.4073486328125
ConvNet,231,464.81378173828125,459.8560791015625
ConvNet,232,389.27642822265625,400.23992919921875
ConvNet,233,447.0623779296875,420.4798583984375
ConvNet,234,433.50323486328125,436.22314453125
ConvNet,235,397.4755554199219,452.23193359375
ConvNet,236,415.2200012207031,457.1913757324219
ConvNet,237,408.7037048339844,443.4126281738281
ConvNet,238,416.6172180175781,425.06231689453125
ConvNet,239,463.7257080078125,427.12567138671875
ConvNet,240,408.67724609375,399.9905700683594
ConvNet,241,466.4208984375,429.7362365722656
ConvNet,242,422.5477294921875,402.9727783203125
ConvNet,243,441.44696044921875,421.41461181640625
ConvNet,244,401.03594970703125,421.81829833984375
ConvNet,245,409.62890625,417.04083251953125
ConvNet,246,441.8153991699219,406.05072021484375
ConvNet,247,475.9421691894531,394.9345397949219
ConvNet,248,409.47760009765625,389.75494384765625
ConvNet,249,413.6662292480469,399.5527038574219
ConvNet,250,411.7699279785156,398.7955627441406
ConvNet,251,463.5169677734375,430.7065734863281
ConvNet,252,462.486328125,395.8939208984375
ConvNet,253,473.4140319824219,407.8873291015625
ConvNet,254,435.63494873046875,462.2369079589844
ConvNet,255,457.611328125,432.6373291015625
ConvNet,256,429.73992919921875,434.6615295410156
ConvNet,257,444.82733154296875,393.812255859375
ConvNet,258,431.64178466796875,397.4532470703125
ConvNet,259,397.7161865234375,453.02545166015625
ConvNet,260,413.2721862792969,412.79449462890625
ConvNet,261,478.06622314453125,442.2073669433594
ConvNet,262,433.2006530761719,448.55511474609375
ConvNet,263,441.9842834472656,439.4316101074219
ConvNet,264,409.88726806640625,426.1255798339844
ConvNet,265,449.17242431640625,421.66583251953125
ConvNet,266,452.4268798828125,447.216796875
ConvNet,267,415.36529541015625,401.6514587402344
ConvNet,268,433.19366455078125,431.1407470703125
ConvNet,269,390.56512451171875,444.5599365234375
ConvNet,270,444.87738037109375,430.415283203125
ConvNet,271,404.6015625,370.77813720703125
ConvNet,272,421.83172607421875,441.3760681152344
ConvNet,273,405.5462646484375,437.4897766113281
ConvNet,274,412.33447265625,432.21514892578125
ConvNet,275,420.61090087890625,412.0545349121094
ConvNet,276,417.56744384765625,462.26263427734375
ConvNet,277,384.5667724609375,430.118896484375
ConvNet,278,431.313720703125,405.37786865234375
ConvNet,279,437.211669921875,402.2593994140625
ConvNet,280,429.9627380371094,410.3670959472656
ConvNet,281,414.39208984375,447.7300720214844
ConvNet,282,442.89385986328125,478.95086669921875
ConvNet,283,407.5532531738281,410.3822326660156
ConvNet,284,412.4324645996094,454.7620544433594
ConvNet,285,434.28472900390625,391.933837890625
ConvNet,286,431.1039123535156,383.92333984375
ConvNet,287,400.00250244140625,402.48291015625
ConvNet,288,427.08984375,465.7392272949219
ConvNet,289,451.293212890625,403.986083984375
ConvNet,290,389.9978942871094,434.5723876953125
ConvNet,291,403.26385498046875,407.3302917480469
ConvNet,292,449.547119140625,422.6953430175781
ConvNet,293,465.048095703125,456.52313232421875
ConvNet,294,418.71258544921875,401.9336853027344
ConvNet,295,377.84735107421875,431.92791748046875
ConvNet,296,469.9271240234375,453.60919189453125
ConvNet,297,447.4058837890625,425.6483459472656
ConvNet,298,405.9291687011719,451.7337341308594
ConvNet,299,431.9782409667969,404.884765625
ConvNet,300,420.06988525390625,423.00152587890625
ConvNet,301,439.8083801269531,414.20611572265625
ConvNet,302,388.3388977050781,422.36224365234375
ConvNet,303,447.0389099121094,417.351318359375
ConvNet,304,423.08697509765625,427.795166015625
ConvNet,305,429.33685302734375,428.38739013671875
ConvNet,306,407.3609619140625,407.3232727050781
ConvNet,307,437.37640380859375,440.88818359375
ConvNet,308,406.5161437988281,407.56072998046875
ConvNet,309,425.28155517578125,435.05035400390625
ConvNet,310,431.6952819824219,453.2386474609375
ConvNet,311,422.6540832519531,468.7657470703125
ConvNet,312,379.30206298828125,432.26263427734375
ConvNet,313,439.99462890625,478.9281311035156
ConvNet,314,429.12298583984375,431.13616943359375
ConvNet,315,401.3848571777344,421.2513427734375
ConvNet,316,421.9788513183594,427.84130859375
ConvNet,317,454.64837646484375,428.2940673828125
ConvNet,318,390.7406005859375,398.7181396484375
ConvNet,319,392.6024475097656,423.99822998046875
ConvNet,320,452.32830810546875,411.6749572753906
ConvNet,321,403.42718505859375,415.9280700683594
ConvNet,322,449.3499755859375,420.2659606933594
ConvNet,323,432.0505676269531,403.6783142089844
ConvNet,324,419.4112243652344,478.72723388671875
ConvNet,325,429.614013671875,425.09686279296875
ConvNet,326,401.73504638671875,407.58807373046875
ConvNet,327,434.4321594238281,387.78192138671875
ConvNet,328,413.42822265625,457.25482177734375
ConvNet,329,419.67242431640625,439.5621643066406
ConvNet,330,404.9207458496094,437.9062194824219
ConvNet,331,451.5828857421875,413.45062255859375
ConvNet,332,449.7101745605469,441.09552001953125
ConvNet,333,459.32122802734375,415.81158447265625
ConvNet,334,431.13275146484375,439.15423583984375
ConvNet,335,405.4619140625,475.2108154296875
ConvNet,336,400.4400634765625,426.6466064453125
ConvNet,337,441.0414123535156,425.8755798339844
ConvNet,338,411.92926025390625,442.693359375
ConvNet,339,412.7059631347656,452.4517822265625
ConvNet,340,402.8902587890625,436.943115234375
ConvNet,341,415.3724365234375,419.57122802734375
ConvNet,342,453.37384033203125,400.6609191894531
ConvNet,343,375.70867919921875,442.55438232421875
ConvNet,344,450.22186279296875,398.9917907714844
ConvNet,345,447.47369384765625,431.3357849121094
ConvNet,346,439.2651062011719,424.24627685546875
ConvNet,347,421.9069519042969,399.5664367675781
ConvNet,348,379.948974609375,416.9399719238281
ConvNet,349,422.3695068359375,432.7808532714844
ConvNet,350,404.5277099609375,453.25433349609375
ConvNet,351,448.0211181640625,399.0654296875
ConvNet,352,433.14984130859375,396.8433837890625
ConvNet,353,425.3833923339844,448.9583740234375
ConvNet,354,395.3905334472656,431.8770446777344
ConvNet,355,445.98284912109375,428.431640625
ConvNet,356,419.71221923828125,418.84637451171875
ConvNet,357,442.2353515625,410.7052001953125
ConvNet,358,447.238525390625,423.6007385253906
ConvNet,359,469.67071533203125,410.5286865234375
ConvNet,360,411.4710693359375,518.9599609375
ConvNet,361,410.97601318359375,443.50933837890625
ConvNet,362,443.3094482421875,434.42340087890625
ConvNet,363,447.49676513671875,426.92706298828125
ConvNet,364,402.4510498046875,429.8680419921875
ConvNet,365,434.6749267578125,436.08721923828125
ConvNet,366,397.42626953125,419.3025817871094
ConvNet,367,418.66204833984375,441.4832458496094
ConvNet,368,407.634033203125,437.87286376953125
ConvNet,369,467.79949951171875,408.847900390625
ConvNet,370,381.5654296875,426.72796630859375
ConvNet,371,471.87322998046875,413.0736083984375
ConvNet,372,428.4798583984375,425.88897705078125
ConvNet,373,416.43218994140625,439.1033630371094
ConvNet,374,466.8760070800781,396.62860107421875
ConvNet,375,416.2415771484375,412.52984619140625
ConvNet,376,432.8172607421875,437.4549560546875
ConvNet,377,457.44818115234375,385.812744140625
ConvNet,378,425.13665771484375,420.8039855957031
ConvNet,379,431.8034362792969,409.81378173828125
ConvNet,380,398.6378479003906,383.2850036621094
ConvNet,381,441.8919677734375,436.2154235839844
ConvNet,382,381.1160888671875,430.6697998046875
ConvNet,383,492.0404052734375,418.57574462890625
ConvNet,384,423.48260498046875,429.25396728515625
ConvNet,385,421.3414001464844,394.1753234863281
ConvNet,386,452.87493896484375,427.4559326171875
ConvNet,387,408.1585693359375,433.240234375
ConvNet,388,420.0576171875,405.074462890625
ConvNet,389,426.62127685546875,414.6847839355469
ConvNet,390,445.7225341796875,471.05810546875
ConvNet,391,418.757080078125,450.6570129394531
ConvNet,392,434.3223876953125,406.50274658203125
ConvNet,393,454.2696228027344,431.1670837402344
ConvNet,394,435.751220703125,444.42803955078125
ConvNet,395,402.46270751953125,438.36163330078125
ConvNet,396,410.9800109863281,430.00360107421875
ConvNet,397,445.05670166015625,424.112060546875
ConvNet,398,431.14013671875,484.716552734375
ConvNet,399,445.8855285644531,445.68731689453125
ConvNet,400,429.8822021484375,441.4939880371094
ConvNet,401,395.35723876953125,435.134765625
ConvNet,402,439.4060974121094,413.7804870605469
ConvNet,403,412.91729736328125,430.42498779296875
ConvNet,404,471.48193359375,475.01165771484375
ConvNet,405,417.7046813964844,405.03369140625
ConvNet,406,413.605712890625,403.5681457519531
ConvNet,407,436.53692626953125,474.5091247558594
ConvNet,408,407.8887939453125,419.9139709472656
ConvNet,409,455.85614013671875,419.72955322265625
ConvNet,410,427.6444091796875,459.6463623046875
ConvNet,411,405.048095703125,459.6880187988281
ConvNet,412,425.0165100097656,387.9893493652344
ConvNet,413,465.1199951171875,434.2199401855469
ConvNet,414,418.9573669433594,466.144775390625
ConvNet,415,428.0875549316406,453.0702209472656
ConvNet,416,410.66400146484375,406.3363952636719
ConvNet,417,439.894287109375,414.80810546875
ConvNet,418,483.01416015625,444.2874450683594
ConvNet,419,434.92010498046875,415.0051574707031
ConvNet,420,459.76251220703125,449.99383544921875
ConvNet,421,408.1402282714844,416.4559326171875
ConvNet,422,417.73309326171875,413.8291015625
ConvNet,423,443.4793701171875,397.3730773925781
ConvNet,424,414.99432373046875,438.1270751953125
ConvNet,425,445.15997314453125,471.6296691894531
ConvNet,426,401.5865783691406,448.35382080078125
ConvNet,427,456.19134521484375,403.8435363769531
ConvNet,428,449.6600646972656,408.45709228515625
ConvNet,429,471.0191955566406,475.67889404296875
ConvNet,430,387.9948425292969,458.7815246582031
ConvNet,431,387.4149169921875,405.8277587890625
ConvNet,432,445.46710205078125,478.2604064941406
ConvNet,433,441.0146484375,434.8895568847656
ConvNet,434,419.0959777832031,419.0611572265625
ConvNet,435,417.84344482421875,442.3023681640625
ConvNet,436,414.6584777832031,461.93218994140625
ConvNet,437,426.389892578125,467.01983642578125
ConvNet,438,448.02105712890625,436.0086975097656
ConvNet,439,418.8374328613281,362.3070068359375
ConvNet,440,441.7602844238281,413.7597961425781
ConvNet,441,431.60400390625,411.72216796875
ConvNet,442,422.2396240234375,439.7031555175781
ConvNet,443,458.40887451171875,432.7181091308594
ConvNet,444,419.5240478515625,435.09515380859375
ConvNet,445,470.46527099609375,427.7893981933594
ConvNet,446,430.76849365234375,475.56005859375
ConvNet,447,395.5863342285156,441.40576171875
ConvNet,448,448.58416748046875,414.9942932128906
ConvNet,449,435.7618103027344,419.0994567871094
ConvNet,450,463.96148681640625,459.78900146484375
ConvNet,451,430.76953125,412.4246826171875
ConvNet,452,447.5416259765625,447.13739013671875
ConvNet,453,410.4449768066406,430.39312744140625
ConvNet,454,460.2791748046875,497.02874755859375
ConvNet,455,428.37384033203125,436.49920654296875
ConvNet,456,448.2026062011719,406.1276550292969
ConvNet,457,424.6195068359375,451.8629455566406
ConvNet,458,425.32537841796875,480.1498718261719
ConvNet,459,422.1921081542969,390.9338073730469
ConvNet,460,435.8808898925781,455.16192626953125
ConvNet,461,425.31695556640625,424.6956787109375
ConvNet,462,414.3687744140625,437.73150634765625
ConvNet,463,462.032470703125,396.2304992675781
ConvNet,464,428.2503356933594,425.1009521484375
ConvNet,465,428.1556396484375,440.2439270019531
ConvNet,466,462.21881103515625,413.8056640625
ConvNet,467,451.21728515625,427.83734130859375
ConvNet,468,424.63323974609375,483.1029968261719
ConvNet,469,391.0336608886719,396.54461669921875
ConvNet,470,441.20330810546875,456.3765563964844
ConvNet,471,403.64508056640625,401.35089111328125
ConvNet,472,427.742919921875,424.09893798828125
ConvNet,473,441.97467041015625,388.58648681640625
ConvNet,474,416.36846923828125,452.4091796875
ConvNet,475,420.53973388671875,443.48370361328125
ConvNet,476,403.4769592285156,436.78887939453125
ConvNet,477,409.161865234375,430.34991455078125
ConvNet,478,428.75567626953125,402.8946228027344
ConvNet,479,420.3673400878906,402.9083251953125
ConvNet,480,437.41632080078125,408.41741943359375
ConvNet,481,435.84039306640625,436.0603942871094
ConvNet,482,444.4383850097656,446.92462158203125
ConvNet,483,412.837646484375,437.20025634765625
ConvNet,484,383.0675048828125,447.3936767578125
ConvNet,485,408.1104736328125,425.68896484375
ConvNet,486,404.9400329589844,433.80255126953125
ConvNet,487,415.85205078125,424.2752685546875
ConvNet,488,430.9988708496094,436.46795654296875
ConvNet,489,415.41558837890625,426.4561462402344
ConvNet,490,451.14892578125,371.5567321777344
ConvNet,491,384.7848205566406,421.785400390625
ConvNet,492,425.02471923828125,390.46173095703125
ConvNet,493,457.5462951660156,479.994873046875
ConvNet,494,434.0838623046875,451.6512756347656
ConvNet,495,435.89617919921875,408.96429443359375
ConvNet,496,433.49072265625,437.6376037597656
ConvNet,497,424.74224853515625,445.11090087890625
ConvNet,498,449.19189453125,431.1790771484375
ConvNet,499,378.375244140625,419.0633850097656
ConvNet,500,480.09161376953125,450.74945068359375
ConvNet,501,444.54608154296875,413.5823974609375
ConvNet,502,453.23187255859375,379.5887451171875
ConvNet,503,431.60858154296875,409.40228271484375
ConvNet,504,369.78717041015625,483.53271484375
ConvNet,505,463.896240234375,427.5551452636719
ConvNet,506,437.20477294921875,417.15472412109375
ConvNet,507,433.49444580078125,439.8795166015625
ConvNet,508,409.121826171875,419.29791259765625
ConvNet,509,445.61309814453125,434.3509521484375
ConvNet,510,419.9250793457031,451.1041564941406
ConvNet,511,418.8851623535156,420.69403076171875
ConvNet,512,405.3408508300781,424.99652099609375
ConvNet,513,446.08709716796875,450.73565673828125
ConvNet,514,398.4061279296875,403.3162841796875
ConvNet,515,453.24267578125,412.9479064941406
ConvNet,516,413.72998046875,405.7890319824219
ConvNet,517,389.6190490722656,434.9009094238281
ConvNet,518,399.8121337890625,465.6476745605469
ConvNet,519,459.40374755859375,416.1780090332031
ConvNet,520,433.3926696777344,396.8211669921875
ConvNet,521,437.35955810546875,465.76007080078125
ConvNet,522,407.2004089355469,390.7272644042969
ConvNet,523,418.1263427734375,460.3176574707031
ConvNet,524,439.9447326660156,391.3937683105469
ConvNet,525,395.45404052734375,434.62518310546875
ConvNet,526,422.8699645996094,424.1766357421875
ConvNet,527,415.46759033203125,417.67535400390625
ConvNet,528,404.85662841796875,440.3097839355469
ConvNet,529,413.6287841796875,378.89044189453125
ConvNet,530,468.17022705078125,418.7548828125
ConvNet,531,391.69451904296875,452.8177185058594
ConvNet,532,438.62335205078125,371.74609375
ConvNet,533,453.6483459472656,421.8003845214844
ConvNet,534,394.828369140625,409.11114501953125
ConvNet,535,425.00390625,406.60247802734375
ConvNet,536,421.27117919921875,449.789306640625
ConvNet,537,439.53009033203125,476.1813659667969
ConvNet,538,379.05975341796875,424.5643615722656
ConvNet,539,428.1764221191406,462.476318359375
ConvNet,540,450.9621276855469,418.719482421875
ConvNet,541,412.7062683105469,435.1171569824219
ConvNet,542,451.0987854003906,414.77105712890625
ConvNet,543,417.478515625,422.49462890625
ConvNet,544,405.7716064453125,441.0137939453125
ConvNet,545,447.11151123046875,384.72100830078125
ConvNet,546,449.5606384277344,408.5447998046875
ConvNet,547,409.7287292480469,399.04339599609375
ConvNet,548,409.7073974609375,433.2359924316406
ConvNet,549,414.60321044921875,417.4227294921875
ConvNet,550,428.87451171875,418.69342041015625
ConvNet,551,445.59454345703125,463.38702392578125
ConvNet,552,421.44232177734375,434.4403381347656
ConvNet,553,423.1546936035156,447.6894226074219
ConvNet,554,440.650146484375,415.822998046875
ConvNet,555,408.4137268066406,416.0845031738281
ConvNet,556,404.9085998535156,420.6966552734375
ConvNet,557,391.3116455078125,437.54559326171875
ConvNet,558,414.38348388671875,446.400390625
ConvNet,559,393.22747802734375,467.99822998046875
ConvNet,560,470.6236572265625,419.0174560546875
ConvNet,561,464.5360107421875,408.83416748046875
ConvNet,562,418.1668701171875,404.6308898925781
ConvNet,563,406.13494873046875,459.2660827636719
ConvNet,564,444.9988708496094,415.66339111328125
ConvNet,565,449.8353576660156,417.1657409667969
ConvNet,566,442.4937744140625,434.55328369140625
ConvNet,567,464.72174072265625,435.15740966796875
ConvNet,568,464.51263427734375,443.82177734375
ConvNet,569,432.0604248046875,397.922119140625
ConvNet,570,398.3350524902344,417.8055419921875
ConvNet,571,420.955078125,427.0443115234375
ConvNet,572,447.10797119140625,452.1585693359375
ConvNet,573,395.2049560546875,434.48590087890625
ConvNet,574,403.42889404296875,423.4328918457031
ConvNet,575,413.216064453125,427.47064208984375
ConvNet,576,418.3750305175781,396.4781188964844
ConvNet,577,421.16571044921875,415.1072692871094
ConvNet,578,424.00323486328125,473.92108154296875
ConvNet,579,461.5845642089844,423.4532470703125
ConvNet,580,449.45947265625,378.66790771484375
ConvNet,581,441.1800537109375,423.27874755859375
ConvNet,582,449.9183349609375,471.57720947265625
ConvNet,583,425.82318115234375,443.4772033691406
ConvNet,584,411.6016845703125,425.6884460449219
ConvNet,585,418.7630615234375,432.23638916015625
ConvNet,586,452.76580810546875,424.7888488769531
ConvNet,587,438.61956787109375,397.89739990234375
ConvNet,588,461.896728515625,472.0299377441406
ConvNet,589,428.1279296875,423.0729675292969
ConvNet,590,420.66937255859375,407.0154113769531
ConvNet,591,400.6575927734375,447.4072570800781
ConvNet,592,401.57098388671875,443.4434814453125
ConvNet,593,372.56390380859375,430.7152099609375
ConvNet,594,428.7548828125,451.639404296875
ConvNet,595,439.05401611328125,392.4755859375
ConvNet,596,421.4012451171875,423.576171875
ConvNet,597,436.9718933105469,395.2826843261719
ConvNet,598,444.3116455078125,431.87255859375
ConvNet,599,433.70465087890625,418.02740478515625
ConvNet,600,437.7428894042969,426.4679260253906
ConvNet,601,426.02001953125,414.9660949707031
ConvNet,602,420.02301025390625,423.49505615234375
ConvNet,603,440.8299255371094,402.2368469238281
ConvNet,604,398.160400390625,421.49542236328125
ConvNet,605,407.9894104003906,404.96832275390625
ConvNet,606,406.40655517578125,405.8328552246094
ConvNet,607,399.8527526855469,420.9259948730469
ConvNet,608,407.7096252441406,379.16766357421875
ConvNet,609,436.2189636230469,418.1666564941406
ConvNet,610,377.5401916503906,442.36846923828125
ConvNet,611,423.05169677734375,401.6964416503906
ConvNet,612,413.55328369140625,404.53668212890625
ConvNet,613,433.6318359375,448.25457763671875
ConvNet,614,423.6014404296875,407.092041015625
ConvNet,615,430.60125732421875,435.4671630859375
ConvNet,616,448.72900390625,430.18780517578125
ConvNet,617,414.8070068359375,440.66339111328125
ConvNet,618,384.63385009765625,446.26141357421875
ConvNet,619,438.6126708984375,404.78521728515625
ConvNet,620,394.46185302734375,410.3707275390625
ConvNet,621,442.25616455078125,417.18609619140625
ConvNet,622,415.08770751953125,425.7476806640625
ConvNet,623,403.0284423828125,424.62890625
ConvNet,624,426.09613037109375,427.5997314453125
ConvNet,625,393.75518798828125,424.40264892578125
ConvNet,626,447.98797607421875,413.42864990234375
ConvNet,627,412.6150817871094,429.11358642578125
ConvNet,628,399.34344482421875,401.8508605957031
ConvNet,629,392.91473388671875,448.518798828125
ConvNet,630,444.76263427734375,413.7742004394531
ConvNet,631,425.7280578613281,433.89825439453125
ConvNet,632,491.3285217285156,445.73468017578125
ConvNet,633,426.15618896484375,432.61529541015625
ConvNet,634,458.5537414550781,404.0475769042969
ConvNet,635,428.63018798828125,457.6638488769531
ConvNet,636,413.6802978515625,404.7742004394531
ConvNet,637,414.51629638671875,424.9632568359375
ConvNet,638,415.1830139160156,424.0540771484375
ConvNet,639,430.0466003417969,394.62646484375
ConvNet,640,418.332275390625,418.6912841796875
ConvNet,641,420.4169921875,449.313720703125
ConvNet,642,415.5257263183594,418.994384765625
ConvNet,643,424.40228271484375,456.60498046875
ConvNet,644,412.3851318359375,445.6599426269531
ConvNet,645,375.3218994140625,421.4512939453125
ConvNet,646,441.6902160644531,418.55224609375
ConvNet,647,424.4728698730469,451.690185546875
ConvNet,648,411.271484375,391.50775146484375
ConvNet,649,436.6258544921875,411.1957092285156
ConvNet,650,437.47381591796875,422.03778076171875
ConvNet,651,430.24896240234375,412.9112854003906
ConvNet,652,438.29296875,470.4844665527344
ConvNet,653,404.79730224609375,408.1499938964844
ConvNet,654,427.260498046875,397.9706726074219
ConvNet,655,429.83258056640625,437.9967956542969
ConvNet,656,418.7885437011719,438.53546142578125
ConvNet,657,396.3060302734375,429.41961669921875
ConvNet,658,403.14898681640625,431.898681640625
ConvNet,659,389.799560546875,413.1439514160156
ConvNet,660,408.2071533203125,436.5797119140625
ConvNet,661,437.36474609375,415.3442687988281
ConvNet,662,421.86846923828125,422.4990234375
ConvNet,663,437.337158203125,424.3428955078125
ConvNet,664,466.81829833984375,427.4385986328125
ConvNet,665,429.57733154296875,425.9337158203125
ConvNet,666,402.79913330078125,433.43914794921875
ConvNet,667,456.35345458984375,417.73443603515625
ConvNet,668,423.3327941894531,459.906982421875
ConvNet,669,459.9513244628906,381.8199462890625
ConvNet,670,440.2293701171875,448.9118347167969
ConvNet,671,415.2847900390625,446.9884033203125
ConvNet,672,450.22467041015625,428.5174255371094
ConvNet,673,451.70880126953125,408.91412353515625
ConvNet,674,428.1575622558594,446.71380615234375
ConvNet,675,410.5147399902344,440.86871337890625
ConvNet,676,439.37689208984375,441.5738830566406
ConvNet,677,431.26153564453125,464.6986389160156
ConvNet,678,449.60211181640625,447.2951354980469
ConvNet,679,448.705078125,397.27667236328125
ConvNet,680,401.5169372558594,424.50042724609375
ConvNet,681,443.4410400390625,390.7325134277344
ConvNet,682,468.404296875,445.94525146484375
ConvNet,683,406.6444091796875,436.5621337890625
ConvNet,684,444.5225830078125,445.9454040527344
ConvNet,685,425.87445068359375,415.3615417480469
ConvNet,686,409.1226806640625,426.1205749511719
ConvNet,687,382.8270568847656,456.52117919921875
ConvNet,688,443.33355712890625,433.58856201171875
ConvNet,689,405.28668212890625,410.442626953125
ConvNet,690,420.410400390625,388.89825439453125
ConvNet,691,425.9619140625,405.64324951171875
ConvNet,692,411.91302490234375,432.52276611328125
ConvNet,693,379.7379150390625,405.58770751953125
ConvNet,694,412.54644775390625,402.0775146484375
ConvNet,695,415.667236328125,403.51153564453125
ConvNet,696,446.1307373046875,449.1134033203125
ConvNet,697,430.2717590332031,464.13970947265625
ConvNet,698,460.98162841796875,410.15557861328125
ConvNet,699,470.3445739746094,404.794677734375
ConvNet,700,471.41119384765625,423.3623046875
ConvNet,701,489.9125671386719,431.2411804199219
ConvNet,702,429.3282165527344,443.0199890136719
ConvNet,703,400.1051330566406,436.9903564453125
ConvNet,704,435.18157958984375,400.4579772949219
ConvNet,705,440.46923828125,449.292724609375
ConvNet,706,402.1960754394531,439.9735412597656
ConvNet,707,443.4204406738281,396.4222717285156
ConvNet,708,420.14013671875,383.9847106933594
ConvNet,709,433.2024841308594,415.108642578125
ConvNet,710,437.0906982421875,453.14117431640625
ConvNet,711,418.93115234375,441.6980285644531
ConvNet,712,441.342529296875,418.1154479980469
ConvNet,713,417.52001953125,437.3025207519531
ConvNet,714,416.36431884765625,420.73638916015625
ConvNet,715,435.23175048828125,458.4859924316406
ConvNet,716,415.0858459472656,427.27392578125
ConvNet,717,417.35736083984375,438.19134521484375
ConvNet,718,447.96295166015625,385.72760009765625
ConvNet,719,448.7071228027344,400.5274658203125
ConvNet,720,430.45086669921875,424.2978820800781
ConvNet,721,409.7574157714844,423.30914306640625
ConvNet,722,408.61114501953125,424.28363037109375
ConvNet,723,424.3226318359375,414.75933837890625
ConvNet,724,376.48138427734375,439.79486083984375
ConvNet,725,411.7279052734375,430.93756103515625
ConvNet,726,456.66851806640625,370.75164794921875
ConvNet,727,454.5111389160156,442.994873046875
ConvNet,728,405.5921325683594,401.20184326171875
ConvNet,729,376.260498046875,458.5596923828125
ConvNet,730,414.4436340332031,437.56890869140625
ConvNet,731,444.9522705078125,485.6552734375
ConvNet,732,409.34649658203125,393.18896484375
ConvNet,733,401.5894775390625,402.1035461425781
ConvNet,734,416.77886962890625,398.9214782714844
ConvNet,735,407.86993408203125,383.32733154296875
ConvNet,736,441.85406494140625,415.4764404296875
ConvNet,737,415.1893310546875,435.58001708984375
ConvNet,738,425.705322265625,447.3549499511719
ConvNet,739,444.82928466796875,434.794921875
ConvNet,740,469.9118347167969,448.83807373046875
ConvNet,741,383.441650390625,429.497314453125
ConvNet,742,469.63226318359375,414.1893310546875
ConvNet,743,414.1229553222656,443.93463134765625
ConvNet,744,418.16583251953125,402.56500244140625
ConvNet,745,410.42962646484375,385.38983154296875
ConvNet,746,421.6790771484375,431.36151123046875
ConvNet,747,448.4647216796875,418.7900085449219
ConvNet,748,423.35986328125,413.74822998046875
ConvNet,749,389.5664367675781,439.741943359375
ConvNet,750,416.58807373046875,411.9200744628906
ConvNet,751,432.9203796386719,452.17926025390625
ConvNet,752,440.0050048828125,386.0669860839844
ConvNet,753,431.6278381347656,398.5114440917969
ConvNet,754,417.6023864746094,430.08929443359375
ConvNet,755,439.78179931640625,444.259521484375
ConvNet,756,417.1061096191406,425.3253173828125
ConvNet,757,446.892578125,454.20928955078125
ConvNet,758,388.90325927734375,410.7818298339844
ConvNet,759,432.58099365234375,402.24395751953125
ConvNet,760,413.2142028808594,426.2315979003906
ConvNet,761,434.85296630859375,416.5745849609375
ConvNet,762,403.34893798828125,408.536865234375
ConvNet,763,421.77252197265625,399.011962890625
ConvNet,764,399.619140625,441.70318603515625
ConvNet,765,449.55828857421875,422.487060546875
ConvNet,766,440.1417236328125,393.12744140625
ConvNet,767,436.697265625,445.48394775390625
ConvNet,768,418.5024108886719,415.89801025390625
ConvNet,769,415.8551025390625,474.4075622558594
ConvNet,770,387.8374328613281,425.51068115234375
ConvNet,771,403.40399169921875,423.22515869140625
ConvNet,772,400.73046875,401.629150390625
ConvNet,773,400.6249084472656,388.352783203125
ConvNet,774,395.4273986816406,429.45660400390625
ConvNet,775,456.58807373046875,425.663330078125
ConvNet,776,388.4884948730469,418.263427734375
ConvNet,777,375.6591796875,419.83026123046875
ConvNet,778,445.9747314453125,412.10748291015625
ConvNet,779,405.2274169921875,383.45355224609375
ConvNet,780,409.1441650390625,396.8660888671875
ConvNet,781,426.9671630859375,417.8944396972656
ConvNet,782,427.8915710449219,417.0898132324219
ConvNet,783,430.835693359375,443.1533203125
ConvNet,784,422.6800537109375,424.25860595703125
ConvNet,785,419.3023681640625,421.69110107421875
ConvNet,786,437.86309814453125,441.9044494628906
ConvNet,787,413.2250061035156,411.649169921875
ConvNet,788,382.5819091796875,424.1766662597656
ConvNet,789,410.24725341796875,410.18426513671875
ConvNet,790,458.4741516113281,400.8040771484375
ConvNet,791,426.714111328125,395.09912109375
ConvNet,792,401.10797119140625,424.9442138671875
ConvNet,793,451.918212890625,414.432373046875
ConvNet,794,431.34918212890625,456.81231689453125
ConvNet,795,392.9800109863281,421.26373291015625
ConvNet,796,399.181640625,431.27642822265625
ConvNet,797,427.7294921875,389.9795837402344
ConvNet,798,399.6051025390625,401.63031005859375
ConvNet,799,419.27850341796875,402.49432373046875
ConvNet,800,444.2062072753906,426.3979797363281
ConvNet,801,410.08990478515625,435.34185791015625
ConvNet,802,445.334716796875,419.9031982421875
ConvNet,803,403.4081726074219,422.01025390625
ConvNet,804,416.9479675292969,415.81011962890625
ConvNet,805,405.5811767578125,439.25921630859375
ConvNet,806,419.0194091796875,444.1980285644531
ConvNet,807,422.1018981933594,432.80035400390625
ConvNet,808,469.8949279785156,400.3693542480469
ConvNet,809,425.8748779296875,433.06939697265625
ConvNet,810,414.34271240234375,401.26141357421875
ConvNet,811,437.87750244140625,417.87774658203125
ConvNet,812,427.3645935058594,409.7276611328125
ConvNet,813,420.84478759765625,451.0147705078125
ConvNet,814,416.6131591796875,395.01348876953125
ConvNet,815,415.22235107421875,459.88604736328125
ConvNet,816,421.6224365234375,415.9349365234375
ConvNet,817,387.23223876953125,439.8133850097656
ConvNet,818,410.5778503417969,399.703369140625
ConvNet,819,426.78863525390625,437.6060791015625
ConvNet,820,450.35089111328125,392.060791015625
ConvNet,821,421.19500732421875,431.07196044921875
ConvNet,822,452.7991638183594,430.77593994140625
ConvNet,823,453.5267639160156,419.0042419433594
ConvNet,824,409.17242431640625,403.3769226074219
ConvNet,825,432.7520751953125,410.8666076660156
ConvNet,826,411.6427917480469,423.3615417480469
ConvNet,827,422.0887756347656,399.067138671875
ConvNet,828,422.1175537109375,432.77886962890625
ConvNet,829,415.6015930175781,441.07257080078125
ConvNet,830,435.21429443359375,460.08013916015625
ConvNet,831,438.40386962890625,426.0809631347656
ConvNet,832,365.2234191894531,461.898681640625
ConvNet,833,403.2911682128906,398.55218505859375
ConvNet,834,429.25958251953125,429.68951416015625
ConvNet,835,409.8736572265625,418.10430908203125
ConvNet,836,416.1710205078125,405.3170166015625
ConvNet,837,409.8818054199219,430.11090087890625
ConvNet,838,429.8463134765625,395.9085388183594
ConvNet,839,417.3912658691406,423.63800048828125
ConvNet,840,420.228271484375,452.6544494628906
ConvNet,841,487.3623046875,432.01947021484375
ConvNet,842,441.19354248046875,449.890869140625
ConvNet,843,439.12530517578125,433.513671875
ConvNet,844,400.9544372558594,457.5353698730469
ConvNet,845,430.0899658203125,476.7095031738281
ConvNet,846,409.77294921875,423.1127624511719
ConvNet,847,374.2724609375,408.07647705078125
ConvNet,848,426.40313720703125,411.3620300292969
ConvNet,849,410.01690673828125,428.2836608886719
ConvNet,850,452.9826965332031,408.113037109375
ConvNet,851,453.1378479003906,420.05133056640625
ConvNet,852,430.86810302734375,492.5835876464844
ConvNet,853,427.82342529296875,426.3458251953125
ConvNet,854,411.5264892578125,377.92840576171875
ConvNet,855,432.14666748046875,415.82159423828125
ConvNet,856,430.76776123046875,460.67608642578125
ConvNet,857,439.46917724609375,369.83709716796875
ConvNet,858,438.5702819824219,427.51873779296875
ConvNet,859,410.0335388183594,433.15338134765625
ConvNet,860,445.1395263671875,420.98455810546875
ConvNet,861,418.03271484375,420.834228515625
ConvNet,862,411.39715576171875,436.91851806640625
ConvNet,863,434.5058288574219,411.8197937011719
ConvNet,864,414.1693420410156,443.315185546875
ConvNet,865,419.95513916015625,396.2349548339844
ConvNet,866,420.62274169921875,427.0931701660156
ConvNet,867,442.7107238769531,440.4433898925781
ConvNet,868,454.3725280761719,430.6553955078125
ConvNet,869,409.1789855957031,453.68218994140625
ConvNet,870,423.7626037597656,433.5895690917969
ConvNet,871,439.5284423828125,427.23223876953125
ConvNet,872,434.31396484375,438.0022888183594
ConvNet,873,425.9820861816406,380.5002746582031
ConvNet,874,392.25518798828125,410.6841735839844
ConvNet,875,401.1859436035156,438.76629638671875
ConvNet,876,461.89788818359375,465.3710632324219
ConvNet,877,405.76513671875,410.28179931640625
ConvNet,878,388.77044677734375,415.1806335449219
ConvNet,879,400.29095458984375,434.0914306640625
ConvNet,880,456.58837890625,415.5432434082031
ConvNet,881,428.3278503417969,461.963623046875
ConvNet,882,398.1005859375,420.23291015625
ConvNet,883,400.43475341796875,404.6798095703125
ConvNet,884,467.13629150390625,471.0819396972656
ConvNet,885,425.4138488769531,453.76251220703125
ConvNet,886,402.1962890625,434.4759521484375
ConvNet,887,391.47796630859375,429.3759765625
ConvNet,888,406.1154479980469,419.0057373046875
ConvNet,889,460.17926025390625,399.0903015136719
ConvNet,890,453.66534423828125,407.9808349609375
ConvNet,891,429.12237548828125,422.39398193359375
ConvNet,892,442.4197998046875,422.0593566894531
ConvNet,893,443.0870361328125,458.07379150390625
ConvNet,894,447.4991455078125,408.96685791015625
ConvNet,895,449.20648193359375,398.7723083496094
ConvNet,896,422.851806640625,409.64093017578125
ConvNet,897,440.44207763671875,376.10357666015625
ConvNet,898,427.61981201171875,406.15838623046875
ConvNet,899,409.40924072265625,457.193359375
ConvNet,900,421.975830078125,429.3905944824219
ConvNet,901,435.62579345703125,458.0531005859375
ConvNet,902,418.3468933105469,429.2437744140625
ConvNet,903,422.2544860839844,402.82684326171875
ConvNet,904,401.2835998535156,419.70306396484375
ConvNet,905,421.2507019042969,420.23291015625
ConvNet,906,419.1434326171875,435.15057373046875
ConvNet,907,407.12640380859375,412.6114807128906
ConvNet,908,400.40472412109375,432.62005615234375
ConvNet,909,423.31512451171875,445.7307434082031
ConvNet,910,420.9212951660156,442.77532958984375
ConvNet,911,421.5918884277344,401.8493957519531
ConvNet,912,430.7205505371094,433.447021484375
ConvNet,913,457.5345458984375,401.341064453125
ConvNet,914,401.762451171875,441.2080078125
ConvNet,915,443.5130920410156,447.81500244140625
ConvNet,916,409.67730712890625,440.8927001953125
ConvNet,917,424.6785583496094,460.79376220703125
ConvNet,918,422.48663330078125,432.98443603515625
ConvNet,919,405.420166015625,374.6617736816406
ConvNet,920,450.1382141113281,441.160400390625
ConvNet,921,425.889404296875,417.8546142578125
ConvNet,922,428.7198791503906,420.766845703125
ConvNet,923,401.14801025390625,392.24566650390625
ConvNet,924,430.24481201171875,423.23284912109375
ConvNet,925,395.94635009765625,393.93267822265625
ConvNet,926,416.4408264160156,428.3505554199219
ConvNet,927,360.0203857421875,405.561279296875
ConvNet,928,396.28643798828125,419.9067077636719
ConvNet,929,396.50152587890625,454.0768127441406
ConvNet,930,438.2142028808594,471.2242431640625
ConvNet,931,423.4762268066406,445.70343017578125
ConvNet,932,446.25262451171875,390.04351806640625
ConvNet,933,443.8609924316406,430.7154541015625
ConvNet,934,425.40997314453125,416.96954345703125
ConvNet,935,459.9259033203125,435.039794921875
ConvNet,936,431.34014892578125,450.3056335449219
ConvNet,937,451.29180908203125,461.38671875
ConvNet,938,417.8961181640625,437.4742736816406
ConvNet,939,463.672119140625,447.698486328125
ConvNet,940,425.76544189453125,375.73297119140625
ConvNet,941,412.7628173828125,406.5501708984375
ConvNet,942,402.38525390625,498.13104248046875
ConvNet,943,447.4188537597656,420.6744079589844
ConvNet,944,442.2355651855469,374.97430419921875
ConvNet,945,434.3262939453125,408.3443603515625
ConvNet,946,456.28515625,443.24029541015625
ConvNet,947,410.75946044921875,399.1700134277344
ConvNet,948,383.4097900390625,449.6971130371094
ConvNet,949,383.1976623535156,422.3993835449219
ConvNet,950,391.65521240234375,385.8482360839844
ConvNet,951,405.57379150390625,407.07330322265625
ConvNet,952,410.8188171386719,450.69189453125
ConvNet,953,424.6930236816406,430.11175537109375
ConvNet,954,409.5782165527344,416.0637512207031
ConvNet,955,411.84027099609375,418.32080078125
ConvNet,956,423.87823486328125,428.6990966796875
ConvNet,957,458.12884521484375,417.06591796875
ConvNet,958,388.4158020019531,428.2369384765625
ConvNet,959,444.53436279296875,450.7022705078125
ConvNet,960,407.2601013183594,444.7200012207031
ConvNet,961,408.415283203125,426.004638671875
ConvNet,962,427.58551025390625,440.45794677734375
ConvNet,963,385.2437744140625,426.21429443359375
ConvNet,964,474.582763671875,423.16448974609375
ConvNet,965,440.03387451171875,435.6789855957031
ConvNet,966,425.3792419433594,414.77880859375
ConvNet,967,438.19317626953125,376.368896484375
ConvNet,968,438.81304931640625,444.5591735839844
ConvNet,969,464.19305419921875,418.9671630859375
ConvNet,970,404.7377624511719,386.07232666015625
ConvNet,971,375.63250732421875,441.4759521484375
ConvNet,972,423.3684387207031,435.4403076171875
ConvNet,973,436.87921142578125,432.4079284667969
ConvNet,974,385.8385314941406,413.1533203125
ConvNet,975,437.17730712890625,417.604736328125
ConvNet,976,484.6494445800781,417.9679260253906
ConvNet,977,438.0145263671875,421.5255126953125
ConvNet,978,431.50128173828125,433.774169921875
ConvNet,979,436.4248962402344,378.98077392578125
ConvNet,980,423.1408996582031,421.00421142578125
ConvNet,981,435.452880859375,382.5753173828125
ConvNet,982,402.5090026855469,438.7525329589844
ConvNet,983,404.319580078125,369.01324462890625
ConvNet,984,426.4918212890625,407.2052001953125
ConvNet,985,408.210205078125,404.3744201660156
ConvNet,986,463.6309814453125,400.22467041015625
ConvNet,987,408.28143310546875,449.47314453125
ConvNet,988,456.0003662109375,454.68780517578125
ConvNet,989,422.1873779296875,446.8277282714844
ConvNet,990,423.34100341796875,442.4822998046875
ConvNet,991,459.35736083984375,382.12615966796875
ConvNet,992,421.4823913574219,417.42718505859375
ConvNet,993,402.86700439453125,421.9460144042969
ConvNet,994,449.22052001953125,445.87103271484375
ConvNet,995,417.59521484375,413.7593994140625
ConvNet,996,417.3993835449219,398.3885498046875
ConvNet,997,421.37725830078125,444.735595703125
ConvNet,998,412.9788818359375,434.4122314453125
ConvNet,999,408.6836853027344,453.31756591796875
ConvNet,1000,412.1249694824219,469.00225830078125
ConvNet,1001,405.45721435546875,465.0396423339844
ConvNet,1002,409.1754150390625,380.29351806640625
ConvNet,1003,406.7306823730469,426.32684326171875
ConvNet,1004,440.9572448730469,469.5984802246094
ConvNet,1005,449.22808837890625,417.11688232421875
ConvNet,1006,386.0733337402344,383.6918640136719
ConvNet,1007,445.66998291015625,418.9430236816406
ConvNet,1008,425.8659362792969,409.67041015625
ConvNet,1009,437.7890930175781,413.3365173339844
ConvNet,1010,451.5727233886719,428.1440124511719
ConvNet,1011,430.1354064941406,446.5601501464844
ConvNet,1012,442.2593994140625,460.21734619140625
ConvNet,1013,405.28289794921875,445.52972412109375
ConvNet,1014,425.88116455078125,419.56390380859375
ConvNet,1015,407.20465087890625,406.36834716796875
ConvNet,1016,418.55889892578125,440.6180114746094
ConvNet,1017,410.18212890625,410.93096923828125
ConvNet,1018,394.2040710449219,433.981201171875
ConvNet,1019,472.74371337890625,432.44354248046875
ConvNet,1020,431.1708679199219,432.228515625
ConvNet,1021,485.0950927734375,408.88104248046875
ConvNet,1022,418.6919250488281,441.8290710449219
ConvNet,1023,419.9641418457031,388.5231628417969
ConvNet,1024,446.3367919921875,446.3858642578125
ConvNet,1025,369.8686828613281,437.231689453125
ConvNet,1026,466.80352783203125,427.7092590332031
ConvNet,1027,486.7054443359375,440.38067626953125
ConvNet,1028,411.21905517578125,444.22607421875
ConvNet,1029,453.845458984375,474.5489807128906
ConvNet,1030,384.9214172363281,418.859619140625
ConvNet,1031,403.2454528808594,441.81011962890625
ConvNet,1032,401.8672180175781,414.12255859375
ConvNet,1033,417.328857421875,427.1084289550781
ConvNet,1034,417.0177001953125,363.3226623535156
ConvNet,1035,391.73406982421875,399.37127685546875
ConvNet,1036,441.2276611328125,467.514892578125
ConvNet,1037,455.30340576171875,442.215576171875
ConvNet,1038,420.896728515625,404.56304931640625
ConvNet,1039,437.57086181640625,400.9781494140625
ConvNet,1040,410.63897705078125,419.48046875
ConvNet,1041,446.4820251464844,448.6575927734375
ConvNet,1042,463.68896484375,399.1986999511719
ConvNet,1043,456.1624450683594,475.4092712402344
ConvNet,1044,366.47760009765625,423.82275390625
ConvNet,1045,415.4840393066406,424.2101745605469
ConvNet,1046,380.92279052734375,403.0039367675781
ConvNet,1047,445.98602294921875,451.7972717285156
ConvNet,1048,395.49212646484375,431.57659912109375
ConvNet,1049,406.71588134765625,463.5514831542969
ConvNet,1050,395.26220703125,386.34320068359375
ConvNet,1051,433.69305419921875,408.6896667480469
ConvNet,1052,407.438232421875,410.0084228515625
ConvNet,1053,393.0023498535156,449.5592041015625
ConvNet,1054,444.6919250488281,440.8229675292969
ConvNet,1055,426.5467224121094,419.585205078125
ConvNet,1056,388.53729248046875,421.17108154296875
ConvNet,1057,416.16021728515625,419.384033203125
ConvNet,1058,471.74468994140625,425.65203857421875
ConvNet,1059,424.8131408691406,459.02203369140625
ConvNet,1060,397.7450866699219,434.19122314453125
ConvNet,1061,433.96502685546875,434.3007507324219
ConvNet,1062,398.6833801269531,456.9019775390625
ConvNet,1063,403.3739013671875,410.1669006347656
ConvNet,1064,462.6348571777344,425.8501281738281
ConvNet,1065,450.3268737792969,418.16766357421875
ConvNet,1066,435.44293212890625,474.53802490234375
ConvNet,1067,416.46820068359375,457.89410400390625
ConvNet,1068,416.0352783203125,438.1912841796875
ConvNet,1069,418.44049072265625,433.89825439453125
ConvNet,1070,428.19683837890625,425.8191223144531
ConvNet,1071,418.70013427734375,414.7436828613281
ConvNet,1072,433.4317932128906,418.138916015625
ConvNet,1073,394.34771728515625,417.3216552734375
ConvNet,1074,441.9367370605469,449.61553955078125
ConvNet,1075,403.5338439941406,473.3773498535156
ConvNet,1076,412.41949462890625,406.6761169433594
ConvNet,1077,442.8097229003906,405.4658508300781
ConvNet,1078,418.80657958984375,420.68658447265625
ConvNet,1079,422.0230712890625,405.2646484375
ConvNet,1080,407.9284973144531,452.052490234375
ConvNet,1081,401.94305419921875,419.8664245605469
ConvNet,1082,411.11724853515625,397.14898681640625
ConvNet,1083,402.2325439453125,414.373046875
ConvNet,1084,444.3925476074219,429.6929931640625
ConvNet,1085,447.41229248046875,436.7265930175781
ConvNet,1086,422.53125,413.1192626953125
ConvNet,1087,395.957275390625,395.66705322265625
ConvNet,1088,403.16888427734375,410.22369384765625
ConvNet,1089,425.1423645019531,440.0615234375
ConvNet,1090,444.87249755859375,421.18084716796875
ConvNet,1091,449.185302734375,419.7299499511719
ConvNet,1092,451.330078125,441.81634521484375
ConvNet,1093,463.1495361328125,400.31280517578125
ConvNet,1094,440.001708984375,436.4465637207031
ConvNet,1095,413.5521240234375,433.6938171386719
ConvNet,1096,444.79766845703125,399.4698791503906
ConvNet,1097,425.69305419921875,444.95611572265625
ConvNet,1098,425.3292541503906,468.42730712890625
ConvNet,1099,394.7356262207031,376.6300048828125
ConvNet,1100,447.01763916015625,407.83526611328125
ConvNet,1101,426.0809326171875,397.6587829589844
ConvNet,1102,415.583251953125,423.35540771484375
ConvNet,1103,434.68408203125,424.150634765625
ConvNet,1104,425.225830078125,412.7166442871094
ConvNet,1105,444.268798828125,407.900390625
ConvNet,1106,393.5286865234375,390.91119384765625
ConvNet,1107,436.4505615234375,443.197021484375
ConvNet,1108,407.46746826171875,398.7554016113281
ConvNet,1109,446.1347351074219,364.6352844238281
ConvNet,1110,425.8323059082031,419.06512451171875
ConvNet,1111,430.80194091796875,412.26165771484375
ConvNet,1112,448.5561218261719,393.189208984375
ConvNet,1113,428.2989501953125,417.4090576171875
ConvNet,1114,397.55291748046875,433.50189208984375
ConvNet,1115,420.4879150390625,388.64892578125
ConvNet,1116,441.0306091308594,439.512451171875
ConvNet,1117,416.0978088378906,444.15521240234375
ConvNet,1118,471.39215087890625,455.62982177734375
ConvNet,1119,394.76715087890625,422.65533447265625
ConvNet,1120,419.3336181640625,441.7430725097656
ConvNet,1121,478.9399108886719,419.3582763671875
ConvNet,1122,432.1007385253906,435.56427001953125
ConvNet,1123,421.47479248046875,385.70574951171875
ConvNet,1124,398.490478515625,442.2394104003906
ConvNet,1125,382.8271484375,427.567138671875
ConvNet,1126,428.4704284667969,407.10223388671875
ConvNet,1127,433.4933776855469,410.16741943359375
ConvNet,1128,447.5736083984375,423.92852783203125
ConvNet,1129,438.431884765625,415.24560546875
ConvNet,1130,445.03271484375,395.5094909667969
ConvNet,1131,413.66168212890625,447.34075927734375
ConvNet,1132,451.18011474609375,422.5587463378906
ConvNet,1133,425.1561584472656,450.8677062988281
ConvNet,1134,421.33837890625,425.33685302734375
ConvNet,1135,446.05560302734375,437.10894775390625
ConvNet,1136,422.83477783203125,430.46820068359375
ConvNet,1137,415.3567199707031,415.8098449707031
ConvNet,1138,435.7453308105469,470.2438659667969
ConvNet,1139,410.712646484375,435.63037109375
ConvNet,1140,424.63470458984375,434.6968994140625
ConvNet,1141,451.49334716796875,439.65386962890625
ConvNet,1142,436.55206298828125,418.7799987792969
ConvNet,1143,437.6941223144531,431.0787353515625
ConvNet,1144,396.87371826171875,421.27728271484375
ConvNet,1145,414.49798583984375,426.4686584472656
ConvNet,1146,413.13922119140625,407.132568359375
ConvNet,1147,441.2104797363281,426.9330139160156
ConvNet,1148,399.97344970703125,432.5693664550781
ConvNet,1149,427.0610046386719,389.2297058105469
ConvNet,1150,403.9369812011719,416.4967041015625
ConvNet,1151,414.42620849609375,436.2542724609375
ConvNet,1152,430.0320739746094,454.79638671875
ConvNet,1153,399.806640625,365.64556884765625
ConvNet,1154,434.6963806152344,449.9739990234375
ConvNet,1155,413.30352783203125,440.33673095703125
ConvNet,1156,400.67333984375,468.429443359375
ConvNet,1157,420.63360595703125,407.44110107421875
ConvNet,1158,446.81524658203125,420.7995300292969
ConvNet,1159,450.360595703125,454.6473388671875
ConvNet,1160,420.6925964355469,379.541015625
ConvNet,1161,394.282958984375,438.29730224609375
ConvNet,1162,439.49578857421875,460.934814453125
ConvNet,1163,422.65570068359375,418.31597900390625
ConvNet,1164,391.58953857421875,394.1602478027344
ConvNet,1165,443.7695007324219,409.80523681640625
ConvNet,1166,392.78594970703125,429.023681640625
ConvNet,1167,425.75836181640625,419.1714172363281
ConvNet,1168,435.3565979003906,436.5929870605469
ConvNet,1169,431.230712890625,436.401611328125
ConvNet,1170,423.368408203125,429.6434020996094
ConvNet,1171,395.33905029296875,438.380859375
ConvNet,1172,428.718017578125,412.482666015625
ConvNet,1173,429.9921875,466.3043518066406
ConvNet,1174,413.794189453125,427.3064880371094
ConvNet,1175,428.41375732421875,414.8288269042969
ConvNet,1176,421.6408996582031,438.51043701171875
ConvNet,1177,404.3615417480469,417.0435485839844
ConvNet,1178,439.5604553222656,406.9487609863281
ConvNet,1179,459.9726257324219,452.1252136230469
ConvNet,1180,396.03814697265625,401.7561950683594
ConvNet,1181,463.8913269042969,443.7390441894531
ConvNet,1182,426.4401550292969,421.0306091308594
ConvNet,1183,416.76605224609375,371.97161865234375
ConvNet,1184,477.9481506347656,430.0048828125
ConvNet,1185,435.3484191894531,416.2716064453125
ConvNet,1186,389.89801025390625,411.8424072265625
ConvNet,1187,421.13848876953125,413.407958984375
ConvNet,1188,412.95025634765625,396.3520812988281
ConvNet,1189,408.36444091796875,400.6046142578125
ConvNet,1190,411.5580139160156,408.8876037597656
ConvNet,1191,431.4913330078125,430.41900634765625
ConvNet,1192,414.3984375,420.82818603515625
ConvNet,1193,428.26312255859375,431.43048095703125
ConvNet,1194,410.85638427734375,467.0001525878906
ConvNet,1195,406.276611328125,391.0489501953125
ConvNet,1196,422.0344543457031,438.15814208984375
ConvNet,1197,394.1346130371094,427.8270568847656
ConvNet,1198,410.4407958984375,439.316162109375
ConvNet,1199,416.02227783203125,394.748046875
ConvNet,1200,410.7437744140625,404.5628662109375
ConvNet,1201,409.67315673828125,426.38470458984375
ConvNet,1202,418.32269287109375,432.2200622558594
ConvNet,1203,441.7671813964844,401.76861572265625
ConvNet,1204,384.89434814453125,448.80517578125
ConvNet,1205,412.0421142578125,422.371826171875
ConvNet,1206,414.9203796386719,441.6079406738281
ConvNet,1207,407.3393249511719,410.5567321777344
ConvNet,1208,421.2976989746094,429.86517333984375
ConvNet,1209,390.83306884765625,402.88885498046875
ConvNet,1210,371.9068298339844,447.46563720703125
ConvNet,1211,424.21405029296875,453.9461975097656
ConvNet,1212,418.8309631347656,374.9658203125
ConvNet,1213,461.324951171875,414.1198425292969
ConvNet,1214,461.5169677734375,419.66265869140625
ConvNet,1215,400.9399108886719,397.57989501953125
ConvNet,1216,464.7520751953125,432.0267639160156
ConvNet,1217,411.96044921875,420.1772766113281
ConvNet,1218,423.9955749511719,425.97271728515625
ConvNet,1219,434.46868896484375,408.30267333984375
ConvNet,1220,403.94378662109375,398.76025390625
ConvNet,1221,433.41326904296875,438.4869384765625
ConvNet,1222,418.25286865234375,429.3957824707031
ConvNet,1223,420.296142578125,428.91949462890625
ConvNet,1224,425.558837890625,435.89678955078125
ConvNet,1225,394.9103698730469,407.9437255859375
ConvNet,1226,417.2071838378906,427.09271240234375
ConvNet,1227,392.1474609375,378.8849182128906
ConvNet,1228,429.0963439941406,432.94586181640625
ConvNet,1229,407.0585632324219,426.97784423828125
ConvNet,1230,441.8365173339844,402.02862548828125
ConvNet,1231,431.6329040527344,426.8345031738281
ConvNet,1232,431.6029052734375,422.19586181640625
ConvNet,1233,423.5527648925781,440.04913330078125
ConvNet,1234,434.5576171875,380.22222900390625
ConvNet,1235,430.189453125,435.2984619140625
ConvNet,1236,432.89892578125,457.62127685546875
ConvNet,1237,451.65350341796875,427.6760559082031
ConvNet,1238,425.79095458984375,442.2512512207031
ConvNet,1239,431.8923034667969,406.9821472167969
ConvNet,1240,436.3927917480469,427.8658142089844
ConvNet,1241,429.35394287109375,450.2931823730469
ConvNet,1242,457.8668212890625,421.98309326171875
ConvNet,1243,431.14825439453125,483.52264404296875
ConvNet,1244,485.08868408203125,413.54669189453125
ConvNet,1245,432.1411437988281,426.8004455566406
ConvNet,1246,421.548583984375,395.70562744140625
ConvNet,1247,399.6335754394531,416.8479309082031
ConvNet,1248,420.3145751953125,405.8169860839844
ConvNet,1249,404.5025939941406,396.6375732421875
ConvNet,1250,471.7015380859375,438.9605712890625
ConvNet,1251,436.4595947265625,420.27484130859375
ConvNet,1252,402.2271728515625,453.31622314453125
ConvNet,1253,405.3831787109375,443.3563537597656
ConvNet,1254,403.4543151855469,436.62835693359375
ConvNet,1255,455.91741943359375,402.3516845703125
ConvNet,1256,419.2869873046875,437.69964599609375
ConvNet,1257,409.22601318359375,428.546142578125
ConvNet,1258,464.8300476074219,446.8860778808594
ConvNet,1259,407.27935791015625,439.4658203125
ConvNet,1260,387.9112548828125,400.53692626953125
ConvNet,1261,395.5536193847656,408.12457275390625
ConvNet,1262,436.69891357421875,403.5688171386719
ConvNet,1263,429.0860595703125,441.58941650390625
ConvNet,1264,454.77508544921875,448.45111083984375
ConvNet,1265,434.943603515625,448.4716796875
ConvNet,1266,403.7215576171875,422.15875244140625
ConvNet,1267,429.45977783203125,377.41754150390625
ConvNet,1268,390.0050048828125,438.208740234375
ConvNet,1269,408.7635498046875,429.3702087402344
ConvNet,1270,445.6102600097656,407.7229309082031
ConvNet,1271,433.6317443847656,448.70050048828125
ConvNet,1272,412.35186767578125,410.9691162109375
ConvNet,1273,396.8308410644531,455.70513916015625
ConvNet,1274,410.9018859863281,452.24114990234375
ConvNet,1275,444.3132629394531,441.9545593261719
ConvNet,1276,427.73101806640625,419.4044189453125
ConvNet,1277,456.4599914550781,445.79425048828125
ConvNet,1278,417.2557373046875,450.4200439453125
ConvNet,1279,428.6993103027344,414.99603271484375
ConvNet,1280,415.44189453125,424.887451171875
ConvNet,1281,447.45306396484375,442.2405700683594
ConvNet,1282,445.43768310546875,442.693115234375
ConvNet,1283,428.5887451171875,432.297607421875
ConvNet,1284,411.02197265625,404.7078857421875
ConvNet,1285,409.28961181640625,433.7662353515625
ConvNet,1286,380.611083984375,425.3106689453125
ConvNet,1287,386.0944519042969,448.5391845703125
ConvNet,1288,418.43841552734375,409.8072509765625
ConvNet,1289,430.73016357421875,439.1075134277344
ConvNet,1290,421.3599853515625,396.07470703125
ConvNet,1291,424.1359558105469,417.68133544921875
ConvNet,1292,426.8271484375,427.6883544921875
ConvNet,1293,442.64715576171875,436.30572509765625
ConvNet,1294,443.529052734375,418.2581787109375
ConvNet,1295,410.94482421875,427.70416259765625
ConvNet,1296,450.3179931640625,403.7654724121094
ConvNet,1297,411.2677307128906,426.686767578125
ConvNet,1298,447.12310791015625,427.71826171875
ConvNet,1299,428.7721252441406,415.1614990234375
ConvNet,1300,416.9493408203125,444.34344482421875
ConvNet,1301,444.56298828125,417.4939270019531
ConvNet,1302,406.50897216796875,404.91900634765625
ConvNet,1303,361.7446594238281,406.81622314453125
ConvNet,1304,445.1938781738281,446.6961669921875
ConvNet,1305,443.3277893066406,475.459716796875
ConvNet,1306,378.07659912109375,443.52154541015625
ConvNet,1307,401.54229736328125,410.3572082519531
ConvNet,1308,428.6685791015625,403.794921875
ConvNet,1309,409.0096435546875,431.82916259765625
ConvNet,1310,410.1401062011719,388.7361145019531
ConvNet,1311,391.87249755859375,414.0271301269531
ConvNet,1312,434.56549072265625,433.409423828125
ConvNet,1313,419.47711181640625,402.71466064453125
ConvNet,1314,434.1291809082031,406.5575866699219
ConvNet,1315,393.44329833984375,446.30859375
ConvNet,1316,453.5767822265625,439.16351318359375
ConvNet,1317,449.0020751953125,427.17913818359375
ConvNet,1318,447.6706848144531,434.2182312011719
ConvNet,1319,398.53546142578125,487.81109619140625
ConvNet,1320,391.1003723144531,414.5430908203125
ConvNet,1321,420.9214782714844,401.5926818847656
ConvNet,1322,410.49578857421875,450.8055114746094
ConvNet,1323,408.00048828125,404.7120056152344
ConvNet,1324,422.2960205078125,464.1632995605469
ConvNet,1325,455.44873046875,416.9779357910156
ConvNet,1326,389.4107666015625,420.10650634765625
ConvNet,1327,432.755859375,381.897705078125
ConvNet,1328,434.8216552734375,423.41845703125
ConvNet,1329,426.2289733886719,366.23126220703125
ConvNet,1330,422.4034118652344,440.62371826171875
ConvNet,1331,418.9719543457031,462.7095947265625
ConvNet,1332,420.1058349609375,445.859130859375
ConvNet,1333,449.8828125,394.5047607421875
ConvNet,1334,442.94598388671875,433.73272705078125
ConvNet,1335,431.01287841796875,401.5331726074219
ConvNet,1336,431.90380859375,405.5564880371094
ConvNet,1337,391.7503662109375,398.05145263671875
ConvNet,1338,420.03076171875,460.23101806640625
ConvNet,1339,408.58538818359375,443.8377380371094
ConvNet,1340,419.85919189453125,466.94500732421875
ConvNet,1341,441.368408203125,467.0750732421875
ConvNet,1342,432.5824279785156,410.47662353515625
ConvNet,1343,388.0496520996094,382.0902404785156
ConvNet,1344,439.3185119628906,421.3510437011719
ConvNet,1345,451.80572509765625,473.2467956542969
ConvNet,1346,441.1959228515625,434.97723388671875
ConvNet,1347,392.9158935546875,435.98291015625
ConvNet,1348,405.0404968261719,407.32867431640625
ConvNet,1349,426.14447021484375,451.44281005859375
ConvNet,1350,433.1636657714844,456.0329284667969
ConvNet,1351,410.44512939453125,450.41949462890625
ConvNet,1352,405.36309814453125,429.5343322753906
ConvNet,1353,422.82073974609375,439.693359375
ConvNet,1354,417.02752685546875,412.4073486328125
ConvNet,1355,403.4810791015625,455.93170166015625
ConvNet,1356,434.51300048828125,426.31378173828125
ConvNet,1357,445.89495849609375,425.9757385253906
ConvNet,1358,397.7790222167969,407.9809265136719
ConvNet,1359,404.29656982421875,422.55841064453125
ConvNet,1360,430.6279602050781,429.42132568359375
ConvNet,1361,408.01971435546875,430.88519287109375
ConvNet,1362,446.14031982421875,422.97021484375
ConvNet,1363,454.64764404296875,435.0380859375
ConvNet,1364,470.4315490722656,408.83929443359375
ConvNet,1365,419.44647216796875,421.8262023925781
ConvNet,1366,435.52490234375,418.2830505371094
ConvNet,1367,462.92950439453125,452.07061767578125
ConvNet,1368,401.361572265625,437.7860107421875
ConvNet,1369,429.57470703125,416.44451904296875
ConvNet,1370,422.11163330078125,417.8191223144531
ConvNet,1371,373.08184814453125,437.7362365722656
ConvNet,1372,420.4021911621094,477.10211181640625
ConvNet,1373,431.423828125,411.0880126953125
ConvNet,1374,436.6585388183594,437.154541015625
ConvNet,1375,452.99066162109375,379.9339599609375
ConvNet,1376,434.16082763671875,437.8206787109375
ConvNet,1377,406.4610595703125,448.7574462890625
ConvNet,1378,444.01361083984375,405.89300537109375
ConvNet,1379,407.36444091796875,396.1531677246094
ConvNet,1380,378.34716796875,440.7471008300781
ConvNet,1381,423.57196044921875,464.23797607421875
ConvNet,1382,424.190185546875,420.23590087890625
ConvNet,1383,409.98126220703125,416.7123718261719
ConvNet,1384,423.6531677246094,406.60235595703125
ConvNet,1385,415.21258544921875,418.8321838378906
ConvNet,1386,445.1589660644531,416.3710632324219
ConvNet,1387,432.3782043457031,408.52520751953125
ConvNet,1388,444.0702819824219,447.668212890625
ConvNet,1389,406.0565490722656,396.50213623046875
ConvNet,1390,455.04229736328125,396.27301025390625
ConvNet,1391,412.7672119140625,392.1170654296875
ConvNet,1392,428.9014892578125,429.97381591796875
ConvNet,1393,392.3061218261719,419.40008544921875
ConvNet,1394,443.61285400390625,477.5624694824219
ConvNet,1395,410.3788146972656,459.189208984375
ConvNet,1396,440.9422607421875,455.9619140625
ConvNet,1397,426.8015441894531,415.2358703613281
ConvNet,1398,417.37567138671875,391.904052734375
ConvNet,1399,422.29058837890625,400.45074462890625
ConvNet,1400,437.3722229003906,437.3269958496094
ConvNet,1401,417.6406555175781,436.887451171875
ConvNet,1402,448.4073181152344,397.33599853515625
ConvNet,1403,436.7091064453125,411.251708984375
ConvNet,1404,431.1358337402344,440.3782958984375
ConvNet,1405,398.35760498046875,432.241455078125
ConvNet,1406,425.8967590332031,392.65142822265625
ConvNet,1407,458.8421630859375,425.0155334472656
ConvNet,1408,442.9521789550781,443.89794921875
ConvNet,1409,453.39752197265625,427.40484619140625
ConvNet,1410,454.03118896484375,463.36322021484375
ConvNet,1411,423.81658935546875,441.54217529296875
ConvNet,1412,459.4107666015625,463.9629821777344
ConvNet,1413,396.29376220703125,419.5948181152344
ConvNet,1414,399.47552490234375,417.52459716796875
ConvNet,1415,402.68646240234375,452.04498291015625
ConvNet,1416,424.1977844238281,447.9969177246094
ConvNet,1417,457.11541748046875,407.47760009765625
ConvNet,1418,420.24755859375,400.95880126953125
ConvNet,1419,410.04388427734375,408.8213195800781
ConvNet,1420,400.23968505859375,421.13653564453125
ConvNet,1421,408.08642578125,383.0233154296875
ConvNet,1422,419.9518127441406,437.8320617675781
ConvNet,1423,414.9653015136719,431.39129638671875
ConvNet,1424,418.1172790527344,417.8199157714844
ConvNet,1425,406.6725769042969,409.7735595703125
ConvNet,1426,406.8708801269531,443.7607421875
ConvNet,1427,413.22174072265625,441.8463134765625
ConvNet,1428,490.2225036621094,436.80303955078125
ConvNet,1429,431.52325439453125,403.31915283203125
ConvNet,1430,448.7481689453125,428.5425720214844
ConvNet,1431,442.93682861328125,404.60552978515625
ConvNet,1432,402.2552185058594,458.30029296875
ConvNet,1433,440.92706298828125,390.74346923828125
ConvNet,1434,410.10882568359375,402.4778747558594
ConvNet,1435,403.25927734375,406.8343505859375
ConvNet,1436,408.70123291015625,431.7615966796875
ConvNet,1437,390.31103515625,393.9031066894531
ConvNet,1438,394.28680419921875,433.68817138671875
ConvNet,1439,440.2381591796875,393.20751953125
ConvNet,1440,414.242431640625,451.0189208984375
ConvNet,1441,415.0970764160156,420.657470703125
ConvNet,1442,451.4484558105469,425.92578125
ConvNet,1443,410.87225341796875,441.4114990234375
ConvNet,1444,419.166259765625,443.7850341796875
ConvNet,1445,409.17218017578125,420.667724609375
ConvNet,1446,411.9649963378906,416.2108459472656
ConvNet,1447,432.4990539550781,454.537841796875
ConvNet,1448,432.1617431640625,421.336669921875
ConvNet,1449,456.32904052734375,432.10894775390625
ConvNet,1450,419.857421875,432.5473327636719
ConvNet,1451,417.8681945800781,404.99127197265625
ConvNet,1452,458.22869873046875,400.58648681640625
ConvNet,1453,416.69561767578125,407.1438903808594
ConvNet,1454,408.3928527832031,404.2286376953125
ConvNet,1455,421.05224609375,412.5535888671875
ConvNet,1456,419.7283935546875,412.07061767578125
ConvNet,1457,414.5850524902344,449.4794616699219
ConvNet,1458,417.11199951171875,433.10284423828125
ConvNet,1459,392.9941711425781,434.6385192871094
ConvNet,1460,420.5438537597656,435.58612060546875
ConvNet,1461,424.2131042480469,422.9010925292969
ConvNet,1462,409.47418212890625,432.1693115234375
ConvNet,1463,407.6623229980469,428.6822509765625
ConvNet,1464,394.4627685546875,419.8406982421875
ConvNet,1465,401.4112243652344,462.62286376953125
ConvNet,1466,420.79522705078125,419.51629638671875
ConvNet,1467,387.9450988769531,416.86151123046875
ConvNet,1468,442.30401611328125,431.8497314453125
ConvNet,1469,412.783203125,422.92999267578125
ConvNet,1470,416.1940612792969,369.46636962890625
ConvNet,1471,410.272216796875,424.846923828125
ConvNet,1472,432.3133239746094,428.65557861328125
ConvNet,1473,417.7360534667969,407.6255798339844
ConvNet,1474,432.6126708984375,422.0626220703125
ConvNet,1475,376.9332275390625,433.7951354980469
ConvNet,1476,421.7496032714844,415.63580322265625
ConvNet,1477,399.8487243652344,419.468994140625
ConvNet,1478,399.84942626953125,450.44537353515625
ConvNet,1479,440.4338684082031,383.2290344238281
ConvNet,1480,411.1947326660156,489.6943054199219
ConvNet,1481,406.22314453125,424.23004150390625
ConvNet,1482,427.2254638671875,431.1231689453125
ConvNet,1483,405.4024963378906,421.62091064453125
ConvNet,1484,445.0030822753906,446.35919189453125
ConvNet,1485,453.25665283203125,424.51409912109375
ConvNet,1486,383.92529296875,418.830322265625
ConvNet,1487,371.29193115234375,414.77655029296875
ConvNet,1488,444.2866516113281,412.2564697265625
ConvNet,1489,411.08184814453125,440.5978698730469
ConvNet,1490,410.9932861328125,428.37799072265625
ConvNet,1491,454.36138916015625,390.77606201171875
ConvNet,1492,416.44189453125,462.0284423828125
ConvNet,1493,409.84564208984375,394.21923828125
ConvNet,1494,421.9130859375,424.7286682128906
ConvNet,1495,415.62786865234375,414.7437744140625
ConvNet,1496,429.6774597167969,457.26544189453125
ConvNet,1497,428.173828125,426.61968994140625
ConvNet,1498,419.3783264160156,430.5825500488281
ConvNet,1499,473.1099548339844,394.10809326171875
ConvNet,1500,390.2062683105469,454.2514953613281
ConvNet,1501,433.226806640625,419.49658203125
ConvNet,1502,415.264892578125,456.4967956542969
ConvNet,1503,388.87841796875,430.98748779296875
ConvNet,1504,422.89349365234375,393.751708984375
ConvNet,1505,387.85919189453125,395.91619873046875
ConvNet,1506,410.4424743652344,404.37969970703125
ConvNet,1507,452.888916015625,396.196533203125
ConvNet,1508,371.8804931640625,429.20416259765625
ConvNet,1509,413.3765563964844,419.1361999511719
ConvNet,1510,430.958740234375,414.7852478027344
ConvNet,1511,422.48736572265625,414.556396484375
ConvNet,1512,378.3035888671875,425.578857421875
ConvNet,1513,419.86285400390625,439.635498046875
ConvNet,1514,385.763427734375,404.16119384765625
ConvNet,1515,415.45318603515625,393.70623779296875
ConvNet,1516,423.2599182128906,444.1850280761719
ConvNet,1517,390.1824035644531,438.12420654296875
ConvNet,1518,445.7333984375,426.97222900390625
ConvNet,1519,411.67535400390625,437.2604064941406
ConvNet,1520,455.4154052734375,411.91436767578125
ConvNet,1521,412.7091979980469,465.7861328125
ConvNet,1522,423.3049621582031,424.00653076171875
ConvNet,1523,433.7698974609375,444.96527099609375
ConvNet,1524,372.20916748046875,439.37451171875
ConvNet,1525,409.61297607421875,426.72174072265625
ConvNet,1526,406.5428466796875,418.9815368652344
ConvNet,1527,406.1584167480469,427.33837890625
ConvNet,1528,450.223876953125,394.4765930175781
ConvNet,1529,472.90570068359375,420.0836181640625
ConvNet,1530,404.25726318359375,385.69329833984375
ConvNet,1531,448.2213134765625,412.7101135253906
ConvNet,1532,432.8006591796875,430.9725341796875
ConvNet,1533,428.546142578125,386.12420654296875
ConvNet,1534,421.33404541015625,388.83154296875
ConvNet,1535,469.2843017578125,441.79736328125
ConvNet,1536,437.3492736816406,470.4192199707031
ConvNet,1537,458.70684814453125,414.88629150390625
ConvNet,1538,389.7965393066406,443.4851379394531
ConvNet,1539,418.0232849121094,389.0314636230469
ConvNet,1540,376.93597412109375,409.872314453125
ConvNet,1541,394.82171630859375,390.88983154296875
ConvNet,1542,401.279296875,417.38323974609375
ConvNet,1543,461.323974609375,448.56988525390625
ConvNet,1544,471.3164978027344,412.7928466796875
ConvNet,1545,394.11474609375,448.2901306152344
ConvNet,1546,406.5789794921875,472.9984130859375
ConvNet,1547,425.11639404296875,391.0820007324219
ConvNet,1548,394.28118896484375,436.4163818359375
ConvNet,1549,431.4089660644531,425.20587158203125
ConvNet,1550,468.836669921875,378.52301025390625
ConvNet,1551,384.71246337890625,421.6651916503906
ConvNet,1552,406.968505859375,440.8509521484375
ConvNet,1553,415.02545166015625,398.66839599609375
ConvNet,1554,395.0640869140625,442.905517578125
ConvNet,1555,449.8236083984375,402.99420166015625
ConvNet,1556,436.5902099609375,431.7527770996094
ConvNet,1557,403.5170593261719,428.67266845703125
ConvNet,1558,409.153076171875,428.941162109375
ConvNet,1559,448.02227783203125,436.5253601074219
ConvNet,1560,404.7772521972656,436.656982421875
ConvNet,1561,387.89105224609375,363.5018005371094
ConvNet,1562,417.7149353027344,414.6064147949219
ConvNet,1563,401.36541748046875,364.0054931640625
ConvNet,1564,419.396240234375,412.0654296875
ConvNet,1565,397.04058837890625,449.26971435546875
ConvNet,1566,474.6195068359375,409.322998046875
ConvNet,1567,431.07305908203125,451.0166931152344
ConvNet,1568,475.7592468261719,431.73907470703125
ConvNet,1569,444.2217712402344,427.7016296386719
ConvNet,1570,452.08343505859375,464.1063232421875
ConvNet,1571,406.26220703125,420.74078369140625
ConvNet,1572,397.9713134765625,417.3924865722656
ConvNet,1573,409.18292236328125,399.75830078125
ConvNet,1574,433.1949462890625,456.1599426269531
ConvNet,1575,411.974365234375,398.04254150390625
ConvNet,1576,401.72283935546875,405.488525390625
ConvNet,1577,452.1953430175781,455.000244140625
ConvNet,1578,415.9210205078125,444.2218017578125
ConvNet,1579,411.70654296875,434.31585693359375
ConvNet,1580,440.7027587890625,418.55377197265625
ConvNet,1581,420.98614501953125,421.26708984375
ConvNet,1582,437.1268310546875,398.683837890625
ConvNet,1583,389.987060546875,421.2993469238281
ConvNet,1584,408.8454895019531,440.41424560546875
ConvNet,1585,428.27276611328125,411.94281005859375
ConvNet,1586,430.8139953613281,419.65191650390625
ConvNet,1587,448.43896484375,416.00518798828125
ConvNet,1588,367.5523376464844,402.3230285644531
ConvNet,1589,442.064208984375,430.5728759765625
ConvNet,1590,415.7962646484375,411.6451416015625
ConvNet,1591,401.38629150390625,396.4818115234375
ConvNet,1592,433.8226623535156,422.7923278808594
ConvNet,1593,488.8721923828125,433.88482666015625
ConvNet,1594,436.12762451171875,444.90875244140625
ConvNet,1595,431.11962890625,422.5583190917969
ConvNet,1596,447.63006591796875,397.97943115234375
ConvNet,1597,369.89617919921875,407.30389404296875
ConvNet,1598,420.3974914550781,431.7745056152344
ConvNet,1599,427.1517333984375,439.2484436035156
ConvNet,1600,407.34393310546875,474.24908447265625
ConvNet,1601,440.9013977050781,424.9754333496094
ConvNet,1602,458.3831481933594,455.45635986328125
ConvNet,1603,441.76519775390625,408.26043701171875
ConvNet,1604,395.8284912109375,452.3504638671875
ConvNet,1605,458.8920593261719,407.194580078125
ConvNet,1606,446.27197265625,445.72021484375
ConvNet,1607,444.5279846191406,423.5521240234375
ConvNet,1608,466.98895263671875,447.041259765625
ConvNet,1609,421.13507080078125,407.7625427246094
ConvNet,1610,406.3966064453125,444.00067138671875
ConvNet,1611,437.52587890625,437.32867431640625
ConvNet,1612,410.33050537109375,424.1042175292969
ConvNet,1613,418.00030517578125,429.1473388671875
ConvNet,1614,425.53509521484375,447.4270935058594
ConvNet,1615,414.960205078125,475.73046875
ConvNet,1616,420.180908203125,389.96307373046875
ConvNet,1617,407.30694580078125,402.7201843261719
ConvNet,1618,394.3702392578125,390.3636474609375
ConvNet,1619,433.1912536621094,391.358642578125
ConvNet,1620,448.360595703125,433.045654296875
ConvNet,1621,476.2100830078125,452.91107177734375
ConvNet,1622,420.6055908203125,470.36798095703125
ConvNet,1623,455.5201416015625,413.30657958984375
ConvNet,1624,428.0701904296875,424.37506103515625
ConvNet,1625,454.07342529296875,450.0460205078125
ConvNet,1626,402.53790283203125,425.86212158203125
ConvNet,1627,414.821533203125,410.6701965332031
ConvNet,1628,378.3463439941406,437.245361328125
ConvNet,1629,395.49957275390625,412.5207214355469
ConvNet,1630,445.65618896484375,406.72967529296875
ConvNet,1631,405.343994140625,468.9884948730469
ConvNet,1632,422.5234375,372.471923828125
ConvNet,1633,409.0089111328125,444.63861083984375
ConvNet,1634,426.4705810546875,378.2372741699219
ConvNet,1635,449.38653564453125,414.31201171875
ConvNet,1636,464.928955078125,427.8746337890625
ConvNet,1637,428.4931640625,480.7457275390625
ConvNet,1638,393.9101257324219,428.41168212890625
ConvNet,1639,433.53753662109375,426.2275390625
ConvNet,1640,400.7259521484375,398.8873596191406
ConvNet,1641,390.8746032714844,444.4685363769531
ConvNet,1642,411.687255859375,448.68060302734375
ConvNet,1643,407.4632568359375,414.4461669921875
ConvNet,1644,420.51898193359375,409.00384521484375
ConvNet,1645,428.35357666015625,405.1387023925781
ConvNet,1646,405.68505859375,446.6519775390625
ConvNet,1647,402.45916748046875,443.6934814453125
ConvNet,1648,442.2498779296875,434.1018981933594
ConvNet,1649,427.17401123046875,437.42724609375
ConvNet,1650,429.7809753417969,380.8049011230469
ConvNet,1651,429.73291015625,420.82830810546875
ConvNet,1652,416.429931640625,413.721435546875
ConvNet,1653,418.2633972167969,449.9322204589844
ConvNet,1654,413.8405456542969,403.4676208496094
ConvNet,1655,401.29278564453125,424.67510986328125
ConvNet,1656,429.36767578125,432.4901123046875
ConvNet,1657,443.3585205078125,426.44525146484375
ConvNet,1658,449.07000732421875,391.2777404785156
ConvNet,1659,439.24285888671875,443.0240173339844
ConvNet,1660,418.0494689941406,407.76080322265625
ConvNet,1661,400.55389404296875,428.85205078125
ConvNet,1662,430.0520324707031,442.8743896484375
ConvNet,1663,450.299560546875,417.0394287109375
ConvNet,1664,408.32977294921875,462.6543273925781
ConvNet,1665,445.6680603027344,432.20404052734375
ConvNet,1666,394.6634826660156,418.7311706542969
ConvNet,1667,394.54534912109375,454.90771484375
ConvNet,1668,452.9862976074219,424.11627197265625
ConvNet,1669,404.516357421875,399.96343994140625
ConvNet,1670,448.3086242675781,410.98248291015625
ConvNet,1671,437.824462890625,450.1331787109375
ConvNet,1672,421.0886535644531,372.9493713378906
ConvNet,1673,413.64910888671875,424.4352111816406
ConvNet,1674,404.89691162109375,423.2686767578125
ConvNet,1675,460.6610107421875,407.72808837890625
ConvNet,1676,421.5231628417969,383.9363708496094
ConvNet,1677,385.70654296875,416.366455078125
ConvNet,1678,412.3111877441406,432.3480224609375
ConvNet,1679,420.7755126953125,397.6178283691406
ConvNet,1680,376.57586669921875,401.95806884765625
ConvNet,1681,445.11236572265625,379.09930419921875
ConvNet,1682,441.59130859375,395.7637939453125
ConvNet,1683,396.5220947265625,456.2177734375
ConvNet,1684,432.8998718261719,447.96630859375
ConvNet,1685,427.39129638671875,429.5829772949219
ConvNet,1686,418.4013366699219,441.5351257324219
ConvNet,1687,466.3897705078125,448.678466796875
ConvNet,1688,420.3160095214844,399.85333251953125
ConvNet,1689,435.9241638183594,454.96875
ConvNet,1690,408.2085876464844,470.5083923339844
ConvNet,1691,426.36773681640625,429.01165771484375
ConvNet,1692,407.40032958984375,422.5059814453125
ConvNet,1693,428.54315185546875,451.40069580078125
ConvNet,1694,437.6087646484375,398.35223388671875
ConvNet,1695,435.3614196777344,415.0960693359375
ConvNet,1696,401.36407470703125,445.0382385253906
ConvNet,1697,371.7409973144531,449.09832763671875
ConvNet,1698,444.3351745605469,441.73260498046875
ConvNet,1699,428.344482421875,404.1363525390625
ConvNet,1700,467.8021240234375,420.77166748046875
ConvNet,1701,426.27545166015625,417.40252685546875
ConvNet,1702,431.9676818847656,419.19390869140625
ConvNet,1703,428.13653564453125,406.47344970703125
ConvNet,1704,440.2144470214844,411.28216552734375
ConvNet,1705,432.81689453125,400.02142333984375
ConvNet,1706,433.3452453613281,405.70574951171875
ConvNet,1707,442.308349609375,411.89300537109375
ConvNet,1708,420.9258728027344,412.8133544921875
ConvNet,1709,398.6951599121094,443.1880187988281
ConvNet,1710,412.53009033203125,421.4022521972656
ConvNet,1711,444.01153564453125,440.830322265625
ConvNet,1712,405.9973449707031,450.5919494628906
ConvNet,1713,461.3662109375,442.72808837890625
ConvNet,1714,428.00323486328125,420.82818603515625
ConvNet,1715,400.156494140625,415.5580749511719
ConvNet,1716,392.243896484375,423.4456787109375
ConvNet,1717,394.59814453125,446.9428405761719
ConvNet,1718,433.57666015625,381.769287109375
ConvNet,1719,422.1389465332031,419.3424987792969
ConvNet,1720,394.18017578125,399.61322021484375
ConvNet,1721,428.3301086425781,405.1947021484375
ConvNet,1722,396.8382873535156,397.884521484375
ConvNet,1723,414.58831787109375,487.17791748046875
ConvNet,1724,497.544677734375,427.4421691894531
ConvNet,1725,418.40753173828125,426.5784912109375
ConvNet,1726,435.818359375,458.6884460449219
ConvNet,1727,413.490966796875,419.41912841796875
ConvNet,1728,422.0456237792969,403.9798278808594
ConvNet,1729,456.5110168457031,415.91558837890625
ConvNet,1730,470.608642578125,426.89849853515625
ConvNet,1731,395.129638671875,412.36505126953125
ConvNet,1732,387.66864013671875,430.409912109375
ConvNet,1733,405.3713073730469,444.002685546875
ConvNet,1734,416.9854736328125,429.965576171875
ConvNet,1735,465.96124267578125,436.9608154296875
ConvNet,1736,414.0709533691406,410.7230224609375
ConvNet,1737,432.5644836425781,421.56915283203125
ConvNet,1738,449.3153076171875,422.0459899902344
ConvNet,1739,432.1701965332031,447.24591064453125
ConvNet,1740,411.01141357421875,416.5974426269531
ConvNet,1741,386.2610778808594,406.43914794921875
ConvNet,1742,430.56341552734375,410.63372802734375
ConvNet,1743,399.4845886230469,414.1532897949219
ConvNet,1744,465.8069763183594,426.8753662109375
ConvNet,1745,424.70751953125,391.1869812011719
ConvNet,1746,402.75531005859375,448.0810852050781
ConvNet,1747,393.0699462890625,451.17022705078125
ConvNet,1748,438.50909423828125,416.78076171875
ConvNet,1749,414.61749267578125,427.427490234375
ConvNet,1750,403.81561279296875,428.77447509765625
ConvNet,1751,447.9627380371094,433.77618408203125
ConvNet,1752,400.10491943359375,417.94964599609375
ConvNet,1753,376.40435791015625,402.93414306640625
ConvNet,1754,417.0579833984375,425.869384765625
ConvNet,1755,409.2027893066406,469.69720458984375
ConvNet,1756,457.8829650878906,396.73651123046875
ConvNet,1757,469.2582702636719,430.067138671875
ConvNet,1758,388.515625,438.3618469238281
ConvNet,1759,422.1407470703125,390.29986572265625
ConvNet,1760,436.81988525390625,438.608642578125
ConvNet,1761,454.1934814453125,407.067626953125
ConvNet,1762,420.41619873046875,429.106201171875
ConvNet,1763,415.3433837890625,417.8377685546875
ConvNet,1764,454.0275573730469,418.57061767578125
ConvNet,1765,402.853515625,411.17608642578125
ConvNet,1766,424.2637634277344,427.41357421875
ConvNet,1767,396.49212646484375,421.9093933105469
ConvNet,1768,428.8248291015625,438.3268127441406
ConvNet,1769,409.8831787109375,443.1079406738281
ConvNet,1770,418.7816162109375,405.37420654296875
ConvNet,1771,407.98321533203125,430.50762939453125
ConvNet,1772,450.7225036621094,422.4690856933594
ConvNet,1773,453.0946350097656,443.1758117675781
ConvNet,1774,426.61383056640625,440.34136962890625
ConvNet,1775,408.0336608886719,434.1539306640625
ConvNet,1776,414.77587890625,395.018310546875
ConvNet,1777,398.41192626953125,464.001708984375
ConvNet,1778,474.54534912109375,467.04541015625
ConvNet,1779,404.1119384765625,433.6641540527344
ConvNet,1780,424.30316162109375,468.87994384765625
ConvNet,1781,396.3735656738281,395.9173583984375
ConvNet,1782,431.1424560546875,400.52508544921875
ConvNet,1783,379.0735168457031,371.4170837402344
ConvNet,1784,403.8768310546875,436.7220458984375
ConvNet,1785,458.06573486328125,422.78289794921875
ConvNet,1786,427.3912048339844,416.44415283203125
ConvNet,1787,437.68341064453125,424.30413818359375
ConvNet,1788,423.01177978515625,439.72332763671875
ConvNet,1789,465.558349609375,405.1454772949219
ConvNet,1790,376.33380126953125,424.8003234863281
ConvNet,1791,418.73388671875,412.018798828125
ConvNet,1792,421.5248107910156,422.5447692871094
ConvNet,1793,420.8736572265625,427.0793151855469
ConvNet,1794,473.6548767089844,422.6317138671875
ConvNet,1795,430.4062805175781,389.15460205078125
ConvNet,1796,411.7496643066406,419.5828857421875
ConvNet,1797,407.0634460449219,430.5614929199219
ConvNet,1798,397.44189453125,468.749755859375
ConvNet,1799,423.875732421875,407.9236755371094
ConvNet,1800,436.2674560546875,424.0066223144531
ConvNet,1801,421.18963623046875,397.63934326171875
ConvNet,1802,439.02410888671875,468.03350830078125
ConvNet,1803,440.0522155761719,432.2044677734375
ConvNet,1804,419.34344482421875,428.91448974609375
ConvNet,1805,393.6683044433594,458.286865234375
ConvNet,1806,406.81903076171875,451.06817626953125
ConvNet,1807,425.4106140136719,435.8590393066406
ConvNet,1808,381.1663818359375,428.1432189941406
ConvNet,1809,386.5346374511719,419.0032958984375
ConvNet,1810,467.05023193359375,421.70611572265625
ConvNet,1811,423.2471923828125,430.5289306640625
ConvNet,1812,393.31317138671875,421.4292297363281
ConvNet,1813,414.319580078125,395.7918701171875
ConvNet,1814,427.5335693359375,414.0865478515625
ConvNet,1815,471.43914794921875,408.8751220703125
ConvNet,1816,434.728271484375,418.232177734375
ConvNet,1817,439.5517578125,443.57257080078125
ConvNet,1818,437.91546630859375,410.61724853515625
ConvNet,1819,407.7623291015625,428.8828430175781
ConvNet,1820,424.41015625,414.91790771484375
ConvNet,1821,434.31024169921875,420.48150634765625
ConvNet,1822,412.9134216308594,408.3138427734375
ConvNet,1823,420.17437744140625,424.3166809082031
ConvNet,1824,446.0826416015625,414.7699890136719
ConvNet,1825,411.61627197265625,409.8749694824219
ConvNet,1826,413.49591064453125,408.1791687011719
ConvNet,1827,446.82989501953125,429.9253234863281
ConvNet,1828,423.58251953125,420.65985107421875
ConvNet,1829,446.31671142578125,442.20660400390625
ConvNet,1830,448.2207336425781,424.73211669921875
ConvNet,1831,429.67047119140625,439.4212646484375
ConvNet,1832,424.6622314453125,407.97607421875
ConvNet,1833,422.10986328125,399.67626953125
ConvNet,1834,437.7252197265625,431.5089111328125
ConvNet,1835,424.0936279296875,413.7745361328125
ConvNet,1836,440.53076171875,424.2159423828125
ConvNet,1837,402.9728698730469,408.5963439941406
ConvNet,1838,423.8957824707031,421.15399169921875
ConvNet,1839,393.2638854980469,409.144287109375
ConvNet,1840,368.2615966796875,424.5459899902344
ConvNet,1841,433.27020263671875,433.50341796875
ConvNet,1842,396.60247802734375,433.4330749511719
ConvNet,1843,398.98077392578125,431.8336181640625
ConvNet,1844,411.6144714355469,397.2121887207031
ConvNet,1845,407.5852355957031,404.61773681640625
ConvNet,1846,461.0003662109375,395.4075012207031
ConvNet,1847,432.96636962890625,457.97052001953125
ConvNet,1848,422.85772705078125,416.69598388671875
ConvNet,1849,433.468505859375,424.1353759765625
ConvNet,1850,443.3526916503906,406.8851013183594
ConvNet,1851,396.386962890625,411.4439697265625
ConvNet,1852,422.46954345703125,432.64501953125
ConvNet,1853,458.2099609375,402.57525634765625
ConvNet,1854,381.73565673828125,435.6045837402344
ConvNet,1855,388.8748779296875,400.5755920410156
ConvNet,1856,413.1025390625,430.5449523925781
ConvNet,1857,422.3831787109375,423.98712158203125
ConvNet,1858,403.8306884765625,432.64990234375
ConvNet,1859,423.98760986328125,461.610595703125
ConvNet,1860,463.6343994140625,443.6094970703125
ConvNet,1861,409.4057922363281,433.72711181640625
ConvNet,1862,441.63720703125,409.4814453125
ConvNet,1863,428.0599365234375,458.64251708984375
ConvNet,1864,432.3428649902344,404.83392333984375
ConvNet,1865,404.04168701171875,457.18701171875
ConvNet,1866,459.86395263671875,412.50067138671875
ConvNet,1867,417.7862854003906,441.58514404296875
ConvNet,1868,412.03033447265625,408.1937255859375
ConvNet,1869,435.0963134765625,434.08099365234375
ConvNet,1870,409.0343017578125,389.524169921875
ConvNet,1871,431.0792541503906,459.255859375
ConvNet,1872,425.5022277832031,451.5320129394531
ConvNet,1873,436.45648193359375,403.28460693359375
ConvNet,1874,367.4796142578125,435.4587097167969
ConvNet,1875,409.44085693359375,433.8355712890625
ConvNet,1876,422.8123779296875,407.61669921875
ConvNet,1877,426.3411865234375,407.03106689453125
ConvNet,1878,434.22052001953125,409.46978759765625
ConvNet,1879,470.90228271484375,448.7708435058594
ConvNet,1880,419.3465576171875,388.71197509765625
ConvNet,1881,414.7374267578125,408.61602783203125
ConvNet,1882,442.55474853515625,436.5482177734375
ConvNet,1883,421.0202331542969,401.55975341796875
ConvNet,1884,413.6392822265625,410.146728515625
ConvNet,1885,411.21258544921875,448.96966552734375
ConvNet,1886,410.7163391113281,406.9999694824219
ConvNet,1887,413.01300048828125,402.98809814453125
ConvNet,1888,437.861572265625,409.68701171875
ConvNet,1889,449.4453125,426.0572814941406
ConvNet,1890,423.80059814453125,415.5747375488281
ConvNet,1891,447.29510498046875,407.38568115234375
ConvNet,1892,413.0296630859375,415.1173400878906
ConvNet,1893,467.1214294433594,412.23162841796875
ConvNet,1894,424.9001159667969,466.2581787109375
ConvNet,1895,507.82403564453125,425.85662841796875
ConvNet,1896,391.7026062011719,411.519775390625
ConvNet,1897,433.7646484375,424.2520446777344
ConvNet,1898,420.027587890625,456.4130859375
ConvNet,1899,429.91119384765625,376.45263671875
ConvNet,1900,434.6861572265625,476.6630859375
ConvNet,1901,466.76019287109375,429.9179992675781
ConvNet,1902,414.642333984375,428.3487854003906
ConvNet,1903,425.4277038574219,408.34161376953125
ConvNet,1904,412.7913818359375,426.46893310546875
ConvNet,1905,440.7716064453125,391.4189453125
ConvNet,1906,413.23382568359375,424.7144775390625
ConvNet,1907,442.21221923828125,451.7772216796875
ConvNet,1908,420.452392578125,389.5972900390625
ConvNet,1909,412.2137451171875,445.65618896484375
ConvNet,1910,445.821044921875,443.6124267578125
ConvNet,1911,357.8523864746094,426.0443420410156
ConvNet,1912,421.3787841796875,404.786865234375
ConvNet,1913,437.7565612792969,434.3433837890625
ConvNet,1914,443.5238037109375,417.6680603027344
ConvNet,1915,449.68243408203125,390.4984130859375
ConvNet,1916,399.601318359375,401.37725830078125
ConvNet,1917,405.7517395019531,415.9909362792969
ConvNet,1918,398.4349365234375,460.7455139160156
ConvNet,1919,444.5519104003906,445.8269348144531
ConvNet,1920,408.8714599609375,416.4493408203125
ConvNet,1921,436.4129638671875,405.88555908203125
ConvNet,1922,414.44903564453125,402.3705139160156
ConvNet,1923,403.5187072753906,435.8636779785156
ConvNet,1924,393.28887939453125,427.86492919921875
ConvNet,1925,445.0023193359375,427.9956359863281
ConvNet,1926,389.1298522949219,414.16644287109375
ConvNet,1927,380.79595947265625,414.2574462890625
ConvNet,1928,423.49664306640625,410.3529968261719
ConvNet,1929,404.3973388671875,408.824462890625
ConvNet,1930,427.5442199707031,440.5223083496094
ConvNet,1931,446.493408203125,391.86431884765625
ConvNet,1932,399.57720947265625,421.86639404296875
ConvNet,1933,407.1474914550781,473.0396728515625
ConvNet,1934,456.69293212890625,414.7698059082031
ConvNet,1935,408.793212890625,408.5123596191406
ConvNet,1936,410.5017395019531,433.0270690917969
ConvNet,1937,379.25421142578125,431.7917785644531
ConvNet,1938,450.33685302734375,441.4512634277344
ConvNet,1939,431.16949462890625,444.57708740234375
ConvNet,1940,386.98065185546875,381.7440185546875
ConvNet,1941,450.9363708496094,450.49908447265625
ConvNet,1942,452.77545166015625,377.0099182128906
ConvNet,1943,427.2464599609375,391.1098937988281
ConvNet,1944,405.26568603515625,405.56243896484375
ConvNet,1945,423.86395263671875,355.57318115234375
ConvNet,1946,418.2880859375,419.3313293457031
ConvNet,1947,441.37176513671875,377.75823974609375
ConvNet,1948,405.376953125,424.9139099121094
ConvNet,1949,418.74017333984375,419.87054443359375
ConvNet,1950,427.9474792480469,427.1628112792969
ConvNet,1951,457.918701171875,420.1339416503906
ConvNet,1952,424.8206787109375,424.1325988769531
ConvNet,1953,413.840576171875,418.1352844238281
ConvNet,1954,398.78033447265625,374.86322021484375
ConvNet,1955,443.3316955566406,398.77581787109375
ConvNet,1956,417.1889343261719,398.5396728515625
ConvNet,1957,426.08709716796875,433.62744140625
ConvNet,1958,419.1527404785156,456.7628173828125
ConvNet,1959,427.1361083984375,401.1042175292969
ConvNet,1960,415.5850830078125,406.1142578125
ConvNet,1961,415.7920837402344,378.31842041015625
ConvNet,1962,407.00335693359375,416.18121337890625
ConvNet,1963,421.639892578125,439.10943603515625
ConvNet,1964,421.3289794921875,411.10791015625
ConvNet,1965,417.93255615234375,422.42950439453125
ConvNet,1966,406.82867431640625,424.464111328125
ConvNet,1967,416.926513671875,400.90478515625
ConvNet,1968,420.10443115234375,427.66912841796875
ConvNet,1969,409.12603759765625,377.072021484375
ConvNet,1970,399.8707580566406,433.09814453125
ConvNet,1971,398.80059814453125,419.85638427734375
ConvNet,1972,488.2591857910156,442.6346435546875
ConvNet,1973,410.1188049316406,411.1485290527344
ConvNet,1974,417.286865234375,414.8330993652344
ConvNet,1975,429.165771484375,434.7958984375
ConvNet,1976,394.1214599609375,440.8468017578125
ConvNet,1977,449.69818115234375,410.7349853515625
ConvNet,1978,456.90008544921875,409.38214111328125
ConvNet,1979,414.2923583984375,431.1203918457031
ConvNet,1980,411.5290832519531,408.0244140625
ConvNet,1981,431.14556884765625,424.73651123046875
ConvNet,1982,392.640625,397.2585144042969
ConvNet,1983,425.6888427734375,434.84747314453125
ConvNet,1984,426.04290771484375,458.27557373046875
ConvNet,1985,413.884765625,436.8458251953125
ConvNet,1986,438.8431701660156,412.1190490722656
ConvNet,1987,416.032958984375,441.40362548828125
ConvNet,1988,426.35784912109375,439.5948791503906
ConvNet,1989,444.65252685546875,407.5493469238281
ConvNet,1990,450.3994140625,404.49530029296875
ConvNet,1991,417.65576171875,410.19677734375
ConvNet,1992,428.6773681640625,387.5169372558594
ConvNet,1993,428.75408935546875,415.8785705566406
ConvNet,1994,390.923583984375,383.8663635253906
ConvNet,1995,418.7257995605469,421.6578369140625
ConvNet,1996,399.6661376953125,452.3387451171875
ConvNet,1997,406.49371337890625,397.1371765136719
ConvNet,1998,449.91455078125,426.4907531738281
ConvNet,1999,419.22271728515625,432.5667724609375
ConvNet,2000,455.9610595703125,401.948486328125
ConvNet,2001,415.99114990234375,419.32440185546875
ConvNet,2002,408.8486633300781,390.62969970703125
ConvNet,2003,435.0348205566406,454.38751220703125
ConvNet,2004,396.1688232421875,400.14947509765625
ConvNet,2005,444.5718078613281,381.5462341308594
ConvNet,2006,445.98504638671875,441.7218017578125
ConvNet,2007,403.55255126953125,444.66009521484375
ConvNet,2008,447.1854553222656,422.75616455078125
ConvNet,2009,385.0316162109375,448.72491455078125
ConvNet,2010,437.76849365234375,412.2901916503906
ConvNet,2011,406.4904479980469,391.076904296875
ConvNet,2012,422.9000244140625,411.90887451171875
ConvNet,2013,389.9014587402344,410.7705383300781
ConvNet,2014,433.4212341308594,437.66143798828125
ConvNet,2015,417.5329895019531,421.0586853027344
ConvNet,2016,434.5338134765625,399.8287048339844
ConvNet,2017,449.2877197265625,415.603515625
ConvNet,2018,456.4183349609375,417.03656005859375
ConvNet,2019,409.1437072753906,403.02215576171875
ConvNet,2020,425.9979248046875,438.07037353515625
ConvNet,2021,464.3967590332031,417.5450439453125
ConvNet,2022,439.164794921875,445.3161315917969
ConvNet,2023,422.18109130859375,439.8326721191406
ConvNet,2024,430.7982177734375,405.1550598144531
ConvNet,2025,427.32220458984375,411.00146484375
ConvNet,2026,442.9561767578125,398.9684143066406
ConvNet,2027,412.37774658203125,403.58868408203125
ConvNet,2028,411.99896240234375,420.60015869140625
ConvNet,2029,420.93096923828125,407.4578857421875
ConvNet,2030,372.22735595703125,442.8565368652344
ConvNet,2031,393.0729064941406,442.2296142578125
ConvNet,2032,403.26971435546875,422.48773193359375
ConvNet,2033,427.79150390625,414.786376953125
ConvNet,2034,420.3243103027344,449.0965576171875
ConvNet,2035,401.4280090332031,405.2584228515625
ConvNet,2036,458.4918212890625,422.87628173828125
ConvNet,2037,392.79620361328125,407.07659912109375
ConvNet,2038,436.36767578125,406.4129943847656
ConvNet,2039,440.38702392578125,410.5401306152344
ConvNet,2040,426.8263244628906,395.2633972167969
ConvNet,2041,386.20867919921875,432.96160888671875
ConvNet,2042,420.77679443359375,407.7143249511719
ConvNet,2043,390.229736328125,418.2523193359375
ConvNet,2044,456.74639892578125,423.42901611328125
ConvNet,2045,406.15301513671875,446.33306884765625
ConvNet,2046,417.7817077636719,397.3602294921875
ConvNet,2047,433.80230712890625,375.92169189453125
ConvNet,2048,439.8697509765625,409.6753845214844
ConvNet,2049,407.47198486328125,410.16961669921875
ConvNet,2050,402.76519775390625,422.33868408203125
ConvNet,2051,379.65362548828125,402.3465576171875
ConvNet,2052,418.37506103515625,462.822998046875
ConvNet,2053,396.713134765625,418.0108642578125
ConvNet,2054,393.0732421875,390.1007080078125
ConvNet,2055,426.79266357421875,411.79791259765625
ConvNet,2056,433.143310546875,394.3023681640625
ConvNet,2057,397.786865234375,421.5980529785156
ConvNet,2058,424.11199951171875,445.5574951171875
ConvNet,2059,424.58697509765625,376.166748046875
ConvNet,2060,402.68536376953125,382.423828125
ConvNet,2061,400.7765197753906,454.8968505859375
ConvNet,2062,377.2342529296875,446.4789733886719
ConvNet,2063,454.1904296875,444.0782470703125
ConvNet,2064,392.2558288574219,387.09771728515625
ConvNet,2065,490.4761962890625,409.6381530761719
ConvNet,2066,412.5631103515625,395.2384338378906
ConvNet,2067,394.12066650390625,394.37908935546875
ConvNet,2068,383.61138916015625,418.083251953125
ConvNet,2069,465.2965087890625,407.08447265625
ConvNet,2070,416.22943115234375,416.319580078125
ConvNet,2071,381.1396789550781,373.6169738769531
ConvNet,2072,433.14080810546875,440.3397216796875
ConvNet,2073,419.50738525390625,410.7325439453125
ConvNet,2074,416.5408020019531,453.22900390625
ConvNet,2075,374.7035827636719,466.55389404296875
ConvNet,2076,435.46173095703125,421.6392822265625
ConvNet,2077,424.8212890625,474.76104736328125
ConvNet,2078,365.24993896484375,387.3838195800781
ConvNet,2079,449.6268615722656,414.0904541015625
ConvNet,2080,445.55218505859375,430.40191650390625
ConvNet,2081,447.69342041015625,414.599853515625
ConvNet,2082,411.0350036621094,467.74481201171875
ConvNet,2083,430.09161376953125,384.6460266113281
ConvNet,2084,406.36236572265625,415.1695556640625
ConvNet,2085,388.5966796875,439.50439453125
ConvNet,2086,411.9093017578125,417.16796875
ConvNet,2087,376.72589111328125,426.8787841796875
ConvNet,2088,439.87481689453125,407.2548828125
ConvNet,2089,396.17572021484375,430.2527770996094
ConvNet,2090,401.1554260253906,378.5712585449219
ConvNet,2091,439.93963623046875,449.4232177734375
ConvNet,2092,420.3038330078125,374.97760009765625
ConvNet,2093,421.33428955078125,428.0301818847656
ConvNet,2094,418.9178466796875,430.4647216796875
ConvNet,2095,388.83929443359375,408.549560546875
ConvNet,2096,440.61407470703125,431.1923828125
ConvNet,2097,407.4166564941406,433.8630676269531
ConvNet,2098,443.88385009765625,428.04620361328125
ConvNet,2099,438.20269775390625,416.600341796875
ConvNet,2100,458.00555419921875,390.51043701171875
ConvNet,2101,444.820556640625,452.84088134765625
ConvNet,2102,406.3912353515625,461.4248046875
ConvNet,2103,472.75885009765625,425.6631774902344
ConvNet,2104,405.90802001953125,409.11639404296875
ConvNet,2105,414.8436584472656,456.0973205566406
ConvNet,2106,407.06524658203125,419.6087646484375
ConvNet,2107,428.755615234375,407.0699462890625
ConvNet,2108,406.46484375,412.9446716308594
ConvNet,2109,415.3448486328125,411.1412658691406
ConvNet,2110,427.3825988769531,427.6270751953125
ConvNet,2111,364.09381103515625,403.45166015625
ConvNet,2112,428.81591796875,426.013671875
ConvNet,2113,392.41363525390625,401.5955505371094
ConvNet,2114,456.7552490234375,400.77764892578125
ConvNet,2115,407.1898193359375,448.32940673828125
ConvNet,2116,447.59808349609375,389.91314697265625
ConvNet,2117,426.5833740234375,429.59942626953125
ConvNet,2118,420.0931396484375,459.8192138671875
ConvNet,2119,408.07763671875,400.14215087890625
ConvNet,2120,425.7864990234375,453.98675537109375
ConvNet,2121,405.861083984375,451.0440673828125
ConvNet,2122,431.8384704589844,405.05267333984375
ConvNet,2123,446.0839538574219,436.06439208984375
ConvNet,2124,474.76593017578125,428.9785461425781
ConvNet,2125,419.1024169921875,386.15570068359375
ConvNet,2126,416.39617919921875,450.4659423828125
ConvNet,2127,421.98736572265625,417.09619140625
ConvNet,2128,384.208740234375,422.962158203125
ConvNet,2129,425.97808837890625,455.916748046875
ConvNet,2130,439.2860107421875,442.2663269042969
ConvNet,2131,394.68475341796875,477.1744689941406
ConvNet,2132,387.7059020996094,398.99560546875
ConvNet,2133,398.1876220703125,398.7694091796875
ConvNet,2134,438.04296875,374.6407165527344
ConvNet,2135,458.215576171875,416.2362060546875
ConvNet,2136,449.2518005371094,412.6041259765625
ConvNet,2137,450.8836669921875,432.5867004394531
ConvNet,2138,460.96588134765625,399.22412109375
ConvNet,2139,411.9758605957031,393.8033447265625
ConvNet,2140,429.22869873046875,412.4921875
ConvNet,2141,450.7508544921875,424.9619140625
ConvNet,2142,452.1600341796875,464.2144470214844
ConvNet,2143,430.7491455078125,424.0552673339844
ConvNet,2144,469.0128173828125,418.8260498046875
ConvNet,2145,407.20770263671875,421.19171142578125
ConvNet,2146,459.23895263671875,406.83087158203125
ConvNet,2147,381.06890869140625,446.0802307128906
ConvNet,2148,431.9080810546875,431.0174560546875
ConvNet,2149,422.6131896972656,427.718994140625
ConvNet,2150,415.2164611816406,416.1571960449219
ConvNet,2151,421.84234619140625,433.68353271484375
ConvNet,2152,427.96044921875,444.0767822265625
ConvNet,2153,409.9806213378906,447.1019287109375
ConvNet,2154,414.52886962890625,424.66387939453125
ConvNet,2155,427.0386962890625,416.7529296875
ConvNet,2156,431.47747802734375,409.4072570800781
ConvNet,2157,424.01751708984375,412.27325439453125
ConvNet,2158,447.24127197265625,425.0074462890625
ConvNet,2159,408.1518859863281,429.4295349121094
ConvNet,2160,426.7520751953125,441.48175048828125
ConvNet,2161,399.17315673828125,468.20361328125
ConvNet,2162,444.59698486328125,425.60491943359375
ConvNet,2163,411.52886962890625,418.97332763671875
ConvNet,2164,452.41668701171875,439.70458984375
ConvNet,2165,388.441650390625,441.05255126953125
ConvNet,2166,378.3003845214844,404.0986328125
ConvNet,2167,426.7547302246094,400.5777587890625
ConvNet,2168,434.2940979003906,450.89630126953125
ConvNet,2169,437.0432434082031,375.68389892578125
ConvNet,2170,408.0372619628906,422.36456298828125
ConvNet,2171,419.38397216796875,397.2384033203125
ConvNet,2172,460.5584716796875,405.91943359375
ConvNet,2173,463.7347717285156,412.34454345703125
ConvNet,2174,389.3372802734375,434.05877685546875
ConvNet,2175,426.06427001953125,430.79241943359375
ConvNet,2176,409.9385986328125,443.6553039550781
ConvNet,2177,416.1896057128906,415.40557861328125
ConvNet,2178,406.65850830078125,392.72735595703125
ConvNet,2179,439.1773986816406,433.5945739746094
ConvNet,2180,410.05084228515625,455.43853759765625
ConvNet,2181,446.65338134765625,360.3368835449219
ConvNet,2182,409.7010498046875,452.9804992675781
ConvNet,2183,404.9320068359375,450.3057861328125
ConvNet,2184,377.232421875,415.580078125
ConvNet,2185,399.8300476074219,444.99786376953125
ConvNet,2186,443.27789306640625,434.16278076171875
ConvNet,2187,427.4270324707031,448.087646484375
ConvNet,2188,373.66339111328125,411.9876708984375
ConvNet,2189,375.64520263671875,418.9015808105469
ConvNet,2190,452.83673095703125,416.4637451171875
ConvNet,2191,416.7246398925781,445.7643127441406
ConvNet,2192,414.233154296875,407.930908203125
ConvNet,2193,367.4686279296875,431.6556396484375
ConvNet,2194,407.8582763671875,393.1655578613281
ConvNet,2195,390.4485778808594,397.2569580078125
ConvNet,2196,414.51104736328125,418.25311279296875
ConvNet,2197,418.4100646972656,406.0754699707031
ConvNet,2198,468.93768310546875,398.0765380859375
ConvNet,2199,438.49578857421875,458.0618896484375
ConvNet,2200,422.6297302246094,402.5435791015625
ConvNet,2201,440.497802734375,400.8809509277344
ConvNet,2202,445.5062255859375,404.0255126953125
ConvNet,2203,405.4764404296875,365.78570556640625
ConvNet,2204,425.080810546875,429.6608581542969
ConvNet,2205,413.0111083984375,401.0835876464844
ConvNet,2206,404.31085205078125,386.5072021484375
ConvNet,2207,456.50146484375,413.0819091796875
ConvNet,2208,403.90155029296875,426.1354675292969
ConvNet,2209,438.7625732421875,426.27630615234375
ConvNet,2210,427.96319580078125,459.74371337890625
ConvNet,2211,419.7477111816406,390.03082275390625
ConvNet,2212,429.9322204589844,394.02886962890625
ConvNet,2213,444.51776123046875,454.4636535644531
ConvNet,2214,444.248779296875,420.7733459472656
ConvNet,2215,426.8777770996094,421.5216064453125
ConvNet,2216,417.6801452636719,386.0498962402344
ConvNet,2217,400.6914978027344,457.732177734375
ConvNet,2218,429.0433044433594,420.3070983886719
ConvNet,2219,468.0662841796875,440.9610595703125
ConvNet,2220,378.96380615234375,387.36431884765625
ConvNet,2221,441.36199951171875,407.707275390625
ConvNet,2222,439.81243896484375,421.6953125
ConvNet,2223,422.27130126953125,433.9981384277344
ConvNet,2224,433.7198486328125,390.18731689453125
ConvNet,2225,446.7280578613281,438.0016174316406
ConvNet,2226,416.4654235839844,459.9071350097656
ConvNet,2227,423.001708984375,409.18341064453125
ConvNet,2228,417.42608642578125,381.486572265625
ConvNet,2229,377.8194580078125,408.7568359375
ConvNet,2230,431.9984130859375,426.4002685546875
ConvNet,2231,397.9601135253906,391.93914794921875
ConvNet,2232,420.97296142578125,441.4664001464844
ConvNet,2233,422.0622253417969,405.6640319824219
ConvNet,2234,415.6622314453125,446.33465576171875
ConvNet,2235,452.364501953125,417.25799560546875
ConvNet,2236,410.615478515625,432.8208923339844
ConvNet,2237,397.4703369140625,440.4487609863281
ConvNet,2238,440.315673828125,416.4834899902344
ConvNet,2239,392.00823974609375,388.1187744140625
ConvNet,2240,427.2181091308594,419.3064270019531
ConvNet,2241,448.6839599609375,421.69622802734375
ConvNet,2242,401.2184753417969,439.24072265625
ConvNet,2243,430.02825927734375,424.0655822753906
ConvNet,2244,388.3807373046875,430.5576171875
ConvNet,2245,430.50994873046875,437.96331787109375
ConvNet,2246,418.0019226074219,434.7711181640625
ConvNet,2247,450.63818359375,408.16748046875
ConvNet,2248,460.3067626953125,399.5842590332031
ConvNet,2249,422.07684326171875,431.5166015625
ConvNet,2250,424.2411193847656,389.060791015625
ConvNet,2251,409.46990966796875,405.69525146484375
ConvNet,2252,429.47607421875,408.9273681640625
ConvNet,2253,413.3576965332031,411.23846435546875
ConvNet,2254,455.0545654296875,412.5444641113281
ConvNet,2255,429.7901611328125,412.6050720214844
ConvNet,2256,376.61474609375,395.8597412109375
ConvNet,2257,428.84375,428.5272216796875
ConvNet,2258,461.89599609375,422.76068115234375
ConvNet,2259,439.2069396972656,404.7501220703125
ConvNet,2260,429.309326171875,414.4291687011719
ConvNet,2261,411.61865234375,397.8953857421875
ConvNet,2262,395.9468688964844,445.514892578125
ConvNet,2263,403.3648681640625,425.6520080566406
ConvNet,2264,371.8194580078125,430.71551513671875
ConvNet,2265,414.72760009765625,424.2880859375
ConvNet,2266,419.3324890136719,402.1656494140625
ConvNet,2267,460.37005615234375,426.76531982421875
ConvNet,2268,397.06500244140625,423.4669189453125
ConvNet,2269,378.7510986328125,395.7406005859375
ConvNet,2270,422.0945129394531,408.26422119140625
ConvNet,2271,453.6585693359375,391.1765441894531
ConvNet,2272,418.139892578125,415.1671142578125
ConvNet,2273,380.11236572265625,406.5799255371094
ConvNet,2274,384.1931457519531,431.6266174316406
ConvNet,2275,409.44189453125,418.61724853515625
ConvNet,2276,395.71990966796875,409.405517578125
ConvNet,2277,413.4642028808594,465.239501953125
ConvNet,2278,416.85626220703125,410.09417724609375
ConvNet,2279,411.543701171875,429.60504150390625
ConvNet,2280,414.64361572265625,420.35247802734375
ConvNet,2281,398.8109130859375,412.88519287109375
ConvNet,2282,404.53265380859375,413.3056335449219
ConvNet,2283,472.97515869140625,412.596435546875
ConvNet,2284,398.82733154296875,433.450439453125
ConvNet,2285,434.138671875,402.0211181640625
ConvNet,2286,426.71331787109375,424.26446533203125
ConvNet,2287,415.9154357910156,421.414794921875
ConvNet,2288,402.6806640625,416.8314514160156
ConvNet,2289,407.4432067871094,412.35516357421875
ConvNet,2290,401.4625244140625,405.7019348144531
ConvNet,2291,458.0942077636719,435.717529296875
ConvNet,2292,429.242431640625,383.33990478515625
ConvNet,2293,415.0684814453125,397.75982666015625
ConvNet,2294,452.97125244140625,421.1620178222656
ConvNet,2295,417.95404052734375,396.0078430175781
ConvNet,2296,420.9612121582031,426.28314208984375
ConvNet,2297,423.8260803222656,412.5203857421875
ConvNet,2298,406.4405517578125,405.68780517578125
ConvNet,2299,404.16363525390625,425.54681396484375
ConvNet,2300,404.1925048828125,431.2586669921875
ConvNet,2301,402.56207275390625,405.9349365234375
ConvNet,2302,404.8402099609375,417.8446960449219
ConvNet,2303,400.18804931640625,434.6336975097656
ConvNet,2304,413.10443115234375,425.45782470703125
ConvNet,2305,403.8617248535156,425.81396484375
ConvNet,2306,401.27801513671875,439.1251220703125
ConvNet,2307,434.9943542480469,410.24658203125
ConvNet,2308,402.09332275390625,411.65142822265625
ConvNet,2309,438.3809509277344,411.328857421875
ConvNet,2310,419.2523193359375,407.23822021484375
ConvNet,2311,424.5937805175781,394.7982482910156
ConvNet,2312,431.1666259765625,401.25469970703125
ConvNet,2313,392.83843994140625,419.9990539550781
ConvNet,2314,439.4921875,412.26251220703125
ConvNet,2315,438.60833740234375,409.91082763671875
ConvNet,2316,405.7177734375,427.353515625
ConvNet,2317,444.87506103515625,441.08447265625
ConvNet,2318,420.0029602050781,401.75653076171875
ConvNet,2319,392.6028747558594,404.5892333984375
ConvNet,2320,422.1724853515625,460.02276611328125
ConvNet,2321,397.2381286621094,413.693115234375
ConvNet,2322,439.6736755371094,393.026611328125
ConvNet,2323,396.3795166015625,422.98065185546875
ConvNet,2324,414.2872314453125,419.6160583496094
ConvNet,2325,416.6650390625,411.72467041015625
ConvNet,2326,415.1040344238281,470.39642333984375
ConvNet,2327,421.8132629394531,420.3572692871094
ConvNet,2328,408.685791015625,391.9800109863281
ConvNet,2329,435.9173583984375,423.83001708984375
ConvNet,2330,387.65484619140625,438.2465515136719
ConvNet,2331,419.48870849609375,426.8754577636719
ConvNet,2332,477.03973388671875,444.2868957519531
ConvNet,2333,408.61297607421875,419.4017333984375
ConvNet,2334,402.224853515625,425.36981201171875
ConvNet,2335,436.7055358886719,431.65509033203125
ConvNet,2336,391.39404296875,439.06317138671875
ConvNet,2337,412.9930419921875,415.5585632324219
ConvNet,2338,428.8294677734375,441.98944091796875
ConvNet,2339,428.62237548828125,429.6160888671875
ConvNet,2340,402.57965087890625,439.82867431640625
ConvNet,2341,414.100830078125,436.24420166015625
ConvNet,2342,401.6483154296875,416.7330627441406
ConvNet,2343,439.0751037597656,397.87677001953125
ConvNet,2344,431.222412109375,415.47906494140625
ConvNet,2345,441.8953552246094,418.1634521484375
ConvNet,2346,380.04583740234375,427.9463806152344
ConvNet,2347,400.54095458984375,409.42919921875
ConvNet,2348,399.2208251953125,435.73370361328125
ConvNet,2349,439.53155517578125,418.9871520996094
ConvNet,2350,387.53515625,399.25286865234375
ConvNet,2351,416.2322998046875,404.26898193359375
ConvNet,2352,401.677978515625,397.355224609375
ConvNet,2353,418.85260009765625,432.7513427734375
ConvNet,2354,382.05181884765625,409.208984375
ConvNet,2355,401.9739990234375,386.63134765625
ConvNet,2356,395.85516357421875,417.6933288574219
ConvNet,2357,430.8297424316406,428.35260009765625
ConvNet,2358,398.1663818359375,436.06146240234375
ConvNet,2359,402.25433349609375,391.48095703125
ConvNet,2360,425.20233154296875,454.20068359375
ConvNet,2361,455.68359375,438.7605285644531
ConvNet,2362,440.3967590332031,396.1185607910156
ConvNet,2363,380.840087890625,436.6298828125
ConvNet,2364,414.24102783203125,404.677490234375
ConvNet,2365,411.0279846191406,404.9306335449219
ConvNet,2366,385.3011474609375,432.5201721191406
ConvNet,2367,431.65972900390625,411.2982177734375
ConvNet,2368,415.8409423828125,428.22052001953125
ConvNet,2369,417.7680358886719,412.02496337890625
ConvNet,2370,413.5022277832031,415.2510681152344
ConvNet,2371,466.4499206542969,433.4185485839844
ConvNet,2372,383.50531005859375,418.885009765625
ConvNet,2373,417.78125,428.23944091796875
ConvNet,2374,412.3575439453125,391.5536193847656
ConvNet,2375,425.86602783203125,410.91546630859375
ConvNet,2376,446.488525390625,371.2645263671875
ConvNet,2377,441.9171142578125,430.6392822265625
ConvNet,2378,440.16033935546875,383.2822570800781
ConvNet,2379,413.1962890625,419.4351806640625
ConvNet,2380,413.90118408203125,426.61468505859375
ConvNet,2381,441.50958251953125,414.33087158203125
ConvNet,2382,415.9254455566406,386.9521179199219
ConvNet,2383,393.62945556640625,451.6497802734375
ConvNet,2384,415.3995056152344,413.99176025390625
ConvNet,2385,450.754638671875,457.0179443359375
ConvNet,2386,474.7303161621094,412.23199462890625
ConvNet,2387,437.21063232421875,408.83935546875
ConvNet,2388,414.50927734375,407.4437255859375
ConvNet,2389,397.9725341796875,411.8935852050781
ConvNet,2390,498.8958435058594,398.23675537109375
ConvNet,2391,435.4544982910156,420.1957702636719
ConvNet,2392,445.43804931640625,399.77325439453125
ConvNet,2393,462.14111328125,415.5631103515625
ConvNet,2394,455.288330078125,428.9681396484375
ConvNet,2395,370.856689453125,374.54205322265625
ConvNet,2396,408.5859375,425.5339050292969
ConvNet,2397,419.7775573730469,410.99029541015625
ConvNet,2398,400.702392578125,423.59088134765625
ConvNet,2399,442.4273986816406,401.8458251953125
ConvNet,2400,378.7440490722656,408.0552673339844
ConvNet,2401,439.1497802734375,403.25323486328125
ConvNet,2402,392.767578125,400.63531494140625
ConvNet,2403,444.6572265625,411.59332275390625
ConvNet,2404,407.50335693359375,458.5204162597656
ConvNet,2405,394.9068603515625,373.193603515625
ConvNet,2406,453.5428466796875,468.10723876953125
ConvNet,2407,430.5,384.8084716796875
ConvNet,2408,416.2859802246094,407.088623046875
ConvNet,2409,405.98529052734375,424.87908935546875
ConvNet,2410,407.1785888671875,413.8741455078125
ConvNet,2411,446.7088623046875,386.19952392578125
ConvNet,2412,399.7523193359375,398.7001953125
ConvNet,2413,425.13421630859375,411.3197937011719
ConvNet,2414,415.1593322753906,419.27862548828125
ConvNet,2415,435.1649169921875,444.06298828125
ConvNet,2416,400.97735595703125,457.17681884765625
ConvNet,2417,415.5502014160156,416.46240234375
ConvNet,2418,413.0278015136719,402.1366271972656
ConvNet,2419,418.0655822753906,385.6905517578125
ConvNet,2420,387.34564208984375,412.60333251953125
ConvNet,2421,412.5911865234375,409.69146728515625
ConvNet,2422,460.2664794921875,445.4662780761719
ConvNet,2423,396.6802978515625,450.9534912109375
ConvNet,2424,456.7108459472656,408.46832275390625
ConvNet,2425,385.7618103027344,411.775146484375
ConvNet,2426,424.02093505859375,464.6173095703125
ConvNet,2427,411.9122619628906,411.65966796875
ConvNet,2428,386.149658203125,414.5538635253906
ConvNet,2429,376.7355651855469,468.70172119140625
ConvNet,2430,455.96417236328125,378.9805908203125
ConvNet,2431,457.0216369628906,416.6409606933594
ConvNet,2432,408.72393798828125,428.58544921875
ConvNet,2433,452.93780517578125,451.30133056640625
ConvNet,2434,421.7363586425781,419.611572265625
ConvNet,2435,443.285888671875,420.1318359375
ConvNet,2436,381.5819091796875,413.010986328125
ConvNet,2437,423.15093994140625,394.4137878417969
ConvNet,2438,400.177978515625,430.82525634765625
ConvNet,2439,383.12640380859375,401.167236328125
ConvNet,2440,396.87939453125,405.21844482421875
ConvNet,2441,418.7237548828125,406.594482421875
ConvNet,2442,414.0531311035156,409.30047607421875
ConvNet,2443,423.6173095703125,389.960205078125
ConvNet,2444,422.8445739746094,399.29669189453125
ConvNet,2445,431.9910888671875,445.7738037109375
ConvNet,2446,398.60009765625,473.3051452636719
ConvNet,2447,426.47991943359375,396.4933166503906
ConvNet,2448,420.31524658203125,379.8008117675781
ConvNet,2449,419.2088317871094,409.864501953125
ConvNet,2450,410.33111572265625,431.81658935546875
ConvNet,2451,420.6264953613281,409.9932861328125
ConvNet,2452,417.8351745605469,410.6622619628906
ConvNet,2453,424.0779113769531,384.955810546875
ConvNet,2454,389.9896545410156,418.5037841796875
ConvNet,2455,419.86407470703125,425.5173645019531
ConvNet,2456,428.28216552734375,386.0848693847656
ConvNet,2457,381.7903747558594,390.5902099609375
ConvNet,2458,414.81573486328125,433.69488525390625
ConvNet,2459,396.01226806640625,396.783447265625
ConvNet,2460,434.3843994140625,397.2806396484375
ConvNet,2461,417.7104187011719,437.175048828125
ConvNet,2462,428.15484619140625,439.55413818359375
ConvNet,2463,401.05316162109375,415.68743896484375
ConvNet,2464,390.09490966796875,390.00616455078125
ConvNet,2465,437.3284912109375,411.05853271484375
ConvNet,2466,421.4505310058594,430.07415771484375
ConvNet,2467,430.1081848144531,424.69635009765625
ConvNet,2468,430.0184326171875,466.36529541015625
ConvNet,2469,385.8714599609375,458.3367919921875
ConvNet,2470,424.8493347167969,415.62286376953125
ConvNet,2471,406.7071533203125,423.9855651855469
ConvNet,2472,409.0360107421875,440.276611328125
ConvNet,2473,406.9709167480469,434.09478759765625
ConvNet,2474,445.3224792480469,413.89306640625
ConvNet,2475,402.71240234375,435.7892150878906
ConvNet,2476,417.52947998046875,432.24908447265625
ConvNet,2477,441.138427734375,453.4552001953125
ConvNet,2478,398.01104736328125,405.4396667480469
ConvNet,2479,406.6786193847656,405.89599609375
ConvNet,2480,371.3617248535156,438.4909362792969
ConvNet,2481,433.4056396484375,436.00927734375
ConvNet,2482,382.5645446777344,448.8800354003906
ConvNet,2483,424.59259033203125,469.6457824707031
ConvNet,2484,422.84149169921875,416.3992919921875
ConvNet,2485,400.4483642578125,410.00836181640625
ConvNet,2486,458.4940185546875,449.6974792480469
ConvNet,2487,452.0283203125,414.80511474609375
ConvNet,2488,427.00469970703125,449.72528076171875
ConvNet,2489,410.2193908691406,442.2691345214844
ConvNet,2490,430.58953857421875,432.4219970703125
ConvNet,2491,416.63275146484375,419.71630859375
ConvNet,2492,409.2528076171875,411.03387451171875
ConvNet,2493,454.57916259765625,402.973876953125
ConvNet,2494,440.968505859375,409.8669738769531
ConvNet,2495,440.4015808105469,427.333984375
ConvNet,2496,422.2161560058594,443.8220520019531
ConvNet,2497,413.6617431640625,383.6777648925781
ConvNet,2498,414.0887756347656,402.6127624511719
ConvNet,2499,466.8690185546875,439.2340393066406
ConvNet,2500,413.2164306640625,393.1625061035156
ConvNet,2501,416.4176025390625,409.62542724609375
ConvNet,2502,414.91217041015625,411.1689758300781
ConvNet,2503,396.6734619140625,389.1717529296875
ConvNet,2504,406.457763671875,437.77886962890625
ConvNet,2505,411.0089416503906,421.8233642578125
ConvNet,2506,411.95062255859375,437.0101013183594
ConvNet,2507,438.02349853515625,427.5673828125
ConvNet,2508,396.936279296875,416.0308837890625
ConvNet,2509,419.81988525390625,433.4078674316406
ConvNet,2510,424.94305419921875,376.0859069824219
ConvNet,2511,468.18328857421875,396.2298889160156
ConvNet,2512,423.009521484375,410.503662109375
ConvNet,2513,431.53924560546875,430.4376220703125
ConvNet,2514,419.422119140625,487.60052490234375
ConvNet,2515,429.4234313964844,434.3162536621094
ConvNet,2516,407.6858825683594,403.9925537109375
ConvNet,2517,423.6622619628906,404.7003173828125
ConvNet,2518,424.87493896484375,419.09234619140625
ConvNet,2519,410.71942138671875,430.137451171875
ConvNet,2520,467.3460388183594,417.1129455566406
ConvNet,2521,445.421630859375,435.0931396484375
ConvNet,2522,394.909912109375,398.1583251953125
ConvNet,2523,413.3076477050781,446.20703125
ConvNet,2524,393.2783203125,442.1931457519531
ConvNet,2525,413.9422607421875,401.4573974609375
ConvNet,2526,431.2127380371094,410.27239990234375
ConvNet,2527,456.9353942871094,409.60882568359375
ConvNet,2528,414.37921142578125,408.36181640625
ConvNet,2529,448.42041015625,432.83489990234375
ConvNet,2530,422.6897888183594,409.2958679199219
ConvNet,2531,403.9979248046875,430.48291015625
ConvNet,2532,408.5507507324219,440.11444091796875
ConvNet,2533,413.7604675292969,401.2108459472656
ConvNet,2534,452.7046813964844,435.08148193359375
ConvNet,2535,418.04730224609375,435.82464599609375
ConvNet,2536,392.53436279296875,412.17462158203125
ConvNet,2537,390.75555419921875,448.76702880859375
ConvNet,2538,413.8581237792969,397.41845703125
ConvNet,2539,411.79376220703125,418.71771240234375
ConvNet,2540,395.7064208984375,443.1131896972656
ConvNet,2541,425.4361267089844,423.86053466796875
ConvNet,2542,402.76971435546875,402.9584045410156
ConvNet,2543,435.9991760253906,408.26873779296875
ConvNet,2544,439.4530029296875,487.17535400390625
ConvNet,2545,448.10113525390625,417.9459228515625
ConvNet,2546,426.7146301269531,424.3211364746094
ConvNet,2547,482.2835388183594,421.87060546875
ConvNet,2548,412.42437744140625,409.10296630859375
ConvNet,2549,431.80865478515625,382.42108154296875
ConvNet,2550,391.54632568359375,388.96466064453125
ConvNet,2551,393.8323974609375,402.94061279296875
ConvNet,2552,445.3584289550781,445.3443603515625
ConvNet,2553,403.54168701171875,394.1579284667969
ConvNet,2554,370.8743591308594,412.46539306640625
ConvNet,2555,370.1735534667969,441.59185791015625
ConvNet,2556,405.6288757324219,450.36297607421875
ConvNet,2557,398.42022705078125,425.1129150390625
ConvNet,2558,411.76153564453125,408.924560546875
ConvNet,2559,445.0140686035156,422.7645568847656
ConvNet,2560,398.115234375,431.1976318359375
ConvNet,2561,426.3689880371094,436.46923828125
ConvNet,2562,412.898681640625,400.565185546875
ConvNet,2563,438.219482421875,402.52410888671875
ConvNet,2564,392.125244140625,449.5341491699219
ConvNet,2565,450.5833740234375,398.22772216796875
ConvNet,2566,415.4864196777344,454.65338134765625
ConvNet,2567,411.44482421875,392.876708984375
ConvNet,2568,480.4602966308594,438.1915283203125
ConvNet,2569,443.60528564453125,425.275390625
ConvNet,2570,405.8565673828125,422.6956787109375
ConvNet,2571,405.6188659667969,426.6673583984375
ConvNet,2572,423.2696838378906,418.1100769042969
ConvNet,2573,422.3414306640625,441.8125
ConvNet,2574,458.69781494140625,399.14862060546875
ConvNet,2575,435.77557373046875,418.39617919921875
ConvNet,2576,396.7862548828125,438.015625
ConvNet,2577,420.2979431152344,415.59197998046875
ConvNet,2578,432.642578125,409.3609924316406
ConvNet,2579,427.76837158203125,471.74139404296875
ConvNet,2580,432.9251708984375,433.7820129394531
ConvNet,2581,392.35784912109375,418.88262939453125
ConvNet,2582,465.58203125,432.0594482421875
ConvNet,2583,433.7541198730469,422.71405029296875
ConvNet,2584,419.3212890625,446.9297790527344
ConvNet,2585,462.35614013671875,406.3226318359375
ConvNet,2586,411.37176513671875,431.3143615722656
ConvNet,2587,438.5577697753906,415.5584716796875
ConvNet,2588,401.2830810546875,413.3687744140625
ConvNet,2589,420.7043151855469,405.111328125
ConvNet,2590,476.8044128417969,405.56903076171875
ConvNet,2591,417.7540283203125,423.555419921875
ConvNet,2592,392.2716064453125,416.9708557128906
ConvNet,2593,410.92529296875,455.40997314453125
ConvNet,2594,423.27294921875,450.37957763671875
ConvNet,2595,411.7072448730469,393.89263916015625
ConvNet,2596,431.0854187011719,370.512939453125
ConvNet,2597,423.37335205078125,424.92645263671875
ConvNet,2598,417.9717712402344,420.4402160644531
ConvNet,2599,433.31695556640625,411.14892578125
ConvNet,2600,436.9964599609375,426.62127685546875
ConvNet,2601,420.02874755859375,414.8524169921875
ConvNet,2602,423.4606628417969,415.934814453125
ConvNet,2603,423.0343017578125,406.74151611328125
ConvNet,2604,367.2644958496094,435.5259094238281
ConvNet,2605,404.3580322265625,436.43988037109375
ConvNet,2606,403.36962890625,415.50067138671875
ConvNet,2607,427.27532958984375,419.39178466796875
ConvNet,2608,448.97802734375,418.260986328125
ConvNet,2609,394.0321960449219,429.3710632324219
ConvNet,2610,415.0004577636719,412.15338134765625
ConvNet,2611,410.97735595703125,395.6427917480469
ConvNet,2612,411.86260986328125,444.0023193359375
ConvNet,2613,440.492919921875,412.9093322753906
ConvNet,2614,403.33209228515625,427.6137390136719
ConvNet,2615,415.6360168457031,386.3446350097656
ConvNet,2616,385.58843994140625,421.25146484375
ConvNet,2617,416.50201416015625,469.3502197265625
ConvNet,2618,407.12811279296875,390.5806884765625
ConvNet,2619,408.5481872558594,428.3511962890625
ConvNet,2620,428.8616943359375,417.14739990234375
ConvNet,2621,412.76806640625,406.33624267578125
ConvNet,2622,399.4889221191406,399.8065185546875
ConvNet,2623,435.6952209472656,394.99920654296875
ConvNet,2624,452.2808837890625,446.0041198730469
ConvNet,2625,420.7678527832031,409.10028076171875
ConvNet,2626,426.2110900878906,424.82275390625
ConvNet,2627,449.27301025390625,437.16558837890625
ConvNet,2628,434.6742858886719,368.1316833496094
ConvNet,2629,396.798828125,423.0736389160156
ConvNet,2630,444.29736328125,471.0540771484375
ConvNet,2631,405.8150634765625,397.5793151855469
ConvNet,2632,438.173095703125,384.99151611328125
ConvNet,2633,418.0482177734375,418.8424072265625
ConvNet,2634,378.7060852050781,423.5480041503906
ConvNet,2635,424.739013671875,387.84423828125
ConvNet,2636,436.35302734375,428.347412109375
ConvNet,2637,406.51239013671875,406.103271484375
ConvNet,2638,435.13311767578125,382.338623046875
ConvNet,2639,392.3268737792969,414.1561584472656
ConvNet,2640,434.909912109375,421.80462646484375
ConvNet,2641,385.62481689453125,400.9853515625
ConvNet,2642,367.891845703125,412.0269775390625
ConvNet,2643,442.94146728515625,394.05419921875
ConvNet,2644,420.06915283203125,431.053955078125
ConvNet,2645,455.8281555175781,387.87005615234375
ConvNet,2646,421.8627014160156,427.03680419921875
ConvNet,2647,414.3515319824219,488.2488098144531
ConvNet,2648,434.13092041015625,416.6123962402344
ConvNet,2649,411.1033630371094,414.7763366699219
ConvNet,2650,397.44903564453125,398.3670654296875
ConvNet,2651,416.2333984375,405.0578308105469
ConvNet,2652,435.3223876953125,419.6854248046875
ConvNet,2653,418.8699645996094,382.56719970703125
ConvNet,2654,461.73748779296875,398.6373291015625
ConvNet,2655,471.4134521484375,461.67584228515625
ConvNet,2656,411.99114990234375,443.4319152832031
ConvNet,2657,406.3326110839844,379.340576171875
ConvNet,2658,428.356689453125,414.93548583984375
ConvNet,2659,434.0548095703125,375.105224609375
ConvNet,2660,352.15869140625,406.9601745605469
ConvNet,2661,405.6967468261719,391.99554443359375
ConvNet,2662,453.7768249511719,404.3372802734375
ConvNet,2663,390.783447265625,393.646728515625
ConvNet,2664,436.2320556640625,406.3848571777344
ConvNet,2665,435.818603515625,394.2433776855469
ConvNet,2666,472.9231262207031,438.2710876464844
ConvNet,2667,415.1048278808594,420.2079772949219
ConvNet,2668,394.3057861328125,448.6627197265625
ConvNet,2669,400.2405090332031,406.29876708984375
ConvNet,2670,428.09539794921875,447.2526550292969
ConvNet,2671,407.47332763671875,420.58575439453125
ConvNet,2672,409.00140380859375,409.38568115234375
ConvNet,2673,414.75933837890625,405.9705505371094
ConvNet,2674,431.2178955078125,411.42578125
ConvNet,2675,420.03961181640625,398.9342346191406
ConvNet,2676,419.0664367675781,429.394287109375
ConvNet,2677,401.88616943359375,413.66607666015625
ConvNet,2678,408.2177734375,456.034423828125
ConvNet,2679,466.8848876953125,441.4250793457031
ConvNet,2680,441.62420654296875,392.36029052734375
ConvNet,2681,412.68389892578125,429.03289794921875
ConvNet,2682,393.9328308105469,432.87249755859375
ConvNet,2683,461.0765380859375,406.0643615722656
ConvNet,2684,411.4786376953125,397.69635009765625
ConvNet,2685,390.50811767578125,381.6333923339844
ConvNet,2686,395.21588134765625,400.193603515625
ConvNet,2687,412.18829345703125,430.56085205078125
ConvNet,2688,414.98980712890625,397.07647705078125
ConvNet,2689,424.36639404296875,433.0595397949219
ConvNet,2690,372.5437316894531,411.3770751953125
ConvNet,2691,384.62664794921875,417.7873229980469
ConvNet,2692,441.0428466796875,442.67742919921875
ConvNet,2693,400.6342468261719,414.05035400390625
ConvNet,2694,406.8945617675781,432.825439453125
ConvNet,2695,430.43670654296875,431.9769287109375
ConvNet,2696,412.3984375,425.5140380859375
ConvNet,2697,415.54718017578125,404.7643127441406
ConvNet,2698,449.47625732421875,404.019775390625
ConvNet,2699,406.10650634765625,437.5072937011719
ConvNet,2700,439.78155517578125,377.096923828125
ConvNet,2701,403.74957275390625,413.3622741699219
ConvNet,2702,401.99761962890625,413.52203369140625
ConvNet,2703,380.37628173828125,393.03973388671875
ConvNet,2704,448.11334228515625,388.6156005859375
ConvNet,2705,465.8434753417969,406.545166015625
ConvNet,2706,395.5057067871094,379.000732421875
ConvNet,2707,365.3318786621094,430.4641418457031
ConvNet,2708,446.49383544921875,418.90838623046875
ConvNet,2709,428.6769714355469,387.1958312988281
ConvNet,2710,399.76617431640625,460.781494140625
ConvNet,2711,406.17413330078125,415.5771484375
ConvNet,2712,425.49609375,425.91595458984375
ConvNet,2713,417.88372802734375,426.39227294921875
ConvNet,2714,428.86138916015625,402.331298828125
ConvNet,2715,412.0390625,416.08636474609375
ConvNet,2716,389.49676513671875,430.3545837402344
ConvNet,2717,412.3625793457031,381.5605163574219
ConvNet,2718,406.9039306640625,406.8721923828125
ConvNet,2719,406.197265625,401.44757080078125
ConvNet,2720,418.54833984375,451.04736328125
ConvNet,2721,398.54730224609375,394.4958801269531
ConvNet,2722,376.44970703125,403.09881591796875
ConvNet,2723,429.67791748046875,413.2357482910156
ConvNet,2724,434.54571533203125,468.8280029296875
ConvNet,2725,425.19085693359375,436.141845703125
ConvNet,2726,421.67901611328125,426.54248046875
ConvNet,2727,411.96148681640625,430.8744201660156
ConvNet,2728,391.6983642578125,408.1893615722656
ConvNet,2729,406.37322998046875,372.4710693359375
ConvNet,2730,441.3887939453125,407.96533203125
ConvNet,2731,393.52215576171875,439.70135498046875
ConvNet,2732,413.52197265625,466.19635009765625
ConvNet,2733,379.9671630859375,439.44989013671875
ConvNet,2734,386.8577880859375,442.9389953613281
ConvNet,2735,394.4216613769531,399.18963623046875
ConvNet,2736,393.79986572265625,348.70477294921875
ConvNet,2737,451.8717041015625,431.9454040527344
ConvNet,2738,387.45147705078125,425.134765625
ConvNet,2739,389.535888671875,405.89495849609375
ConvNet,2740,430.44830322265625,443.4635314941406
ConvNet,2741,391.9547119140625,410.16265869140625
ConvNet,2742,388.6129150390625,429.95538330078125
ConvNet,2743,427.8118896484375,409.1242980957031
ConvNet,2744,399.1827087402344,410.4374694824219
ConvNet,2745,379.8541564941406,411.2867431640625
ConvNet,2746,420.63946533203125,441.95513916015625
ConvNet,2747,413.1490173339844,394.6269836425781
ConvNet,2748,433.69451904296875,430.799072265625
ConvNet,2749,388.77178955078125,422.11187744140625
ConvNet,2750,385.96539306640625,428.38067626953125
ConvNet,2751,474.7779846191406,410.859375
ConvNet,2752,395.3563537597656,423.89520263671875
ConvNet,2753,409.7282409667969,421.0019836425781
ConvNet,2754,409.58270263671875,428.93499755859375
ConvNet,2755,429.06854248046875,398.5353698730469
ConvNet,2756,451.8077392578125,398.6272277832031
ConvNet,2757,416.52215576171875,463.3839111328125
ConvNet,2758,433.53814697265625,405.4387512207031
ConvNet,2759,426.89581298828125,372.9797058105469
ConvNet,2760,451.53045654296875,452.66558837890625
ConvNet,2761,441.307373046875,406.896240234375
ConvNet,2762,429.6822509765625,472.292724609375
ConvNet,2763,415.23553466796875,422.63555908203125
ConvNet,2764,414.52325439453125,397.57470703125
ConvNet,2765,409.5478820800781,406.3760070800781
ConvNet,2766,429.77593994140625,436.18731689453125
ConvNet,2767,361.4892578125,416.85894775390625
ConvNet,2768,427.8789367675781,395.28204345703125
ConvNet,2769,407.24822998046875,398.05181884765625
ConvNet,2770,428.2999267578125,434.39947509765625
ConvNet,2771,390.2655334472656,435.7724914550781
ConvNet,2772,407.7510070800781,415.3008728027344
ConvNet,2773,452.16644287109375,448.64874267578125
ConvNet,2774,407.384765625,400.60791015625
ConvNet,2775,433.52679443359375,420.34454345703125
ConvNet,2776,400.81829833984375,401.7733154296875
ConvNet,2777,445.6561279296875,419.40753173828125
ConvNet,2778,450.31085205078125,368.3424072265625
ConvNet,2779,377.4769287109375,377.6846618652344
ConvNet,2780,453.04742431640625,434.743408203125
ConvNet,2781,381.85235595703125,432.3265686035156
ConvNet,2782,381.65679931640625,417.236083984375
ConvNet,2783,406.47723388671875,422.16046142578125
ConvNet,2784,393.2113342285156,414.1895751953125
ConvNet,2785,397.60198974609375,386.474365234375
ConvNet,2786,423.13275146484375,400.8338623046875
ConvNet,2787,471.96923828125,410.5172424316406
ConvNet,2788,416.728271484375,409.7586975097656
ConvNet,2789,374.29205322265625,409.9434814453125
ConvNet,2790,416.79656982421875,429.916259765625
ConvNet,2791,413.4011535644531,430.5929870605469
ConvNet,2792,441.70635986328125,425.20184326171875
ConvNet,2793,389.6650390625,426.0370178222656
ConvNet,2794,477.6140441894531,401.72869873046875
ConvNet,2795,486.88018798828125,397.75079345703125
ConvNet,2796,451.4875183105469,449.75201416015625
ConvNet,2797,412.36572265625,406.4064025878906
ConvNet,2798,422.397705078125,412.16943359375
ConvNet,2799,443.0069885253906,399.6767578125
ConvNet,2800,387.2792663574219,414.83612060546875
ConvNet,2801,430.37353515625,419.950439453125
ConvNet,2802,442.00958251953125,481.1002197265625
ConvNet,2803,380.9842529296875,403.3016357421875
ConvNet,2804,430.0950622558594,394.74139404296875
ConvNet,2805,384.31121826171875,433.71630859375
ConvNet,2806,396.18499755859375,451.04443359375
ConvNet,2807,459.1481018066406,434.6922302246094
ConvNet,2808,405.03424072265625,366.50201416015625
ConvNet,2809,454.5014953613281,408.6904296875
ConvNet,2810,455.2470703125,439.61041259765625
ConvNet,2811,439.23870849609375,417.3055725097656
ConvNet,2812,408.84100341796875,436.38311767578125
ConvNet,2813,388.16827392578125,438.25787353515625
ConvNet,2814,377.2984313964844,382.402099609375
ConvNet,2815,387.19146728515625,455.2315979003906
ConvNet,2816,409.6899108886719,394.02667236328125
ConvNet,2817,407.345703125,428.1177062988281
ConvNet,2818,443.53509521484375,424.58697509765625
ConvNet,2819,377.5596923828125,446.69818115234375
ConvNet,2820,427.9432373046875,391.542724609375
ConvNet,2821,406.813232421875,423.28497314453125
ConvNet,2822,433.5750732421875,422.9962158203125
ConvNet,2823,402.43121337890625,419.4159851074219
ConvNet,2824,403.3558349609375,428.3785400390625
ConvNet,2825,404.3484191894531,423.6202087402344
ConvNet,2826,421.01434326171875,429.35394287109375
ConvNet,2827,387.12335205078125,431.59881591796875
ConvNet,2828,443.7397155761719,412.1109619140625
ConvNet,2829,431.01715087890625,436.1712646484375
ConvNet,2830,431.6098937988281,444.59381103515625
ConvNet,2831,415.1826477050781,397.07257080078125
ConvNet,2832,468.16717529296875,447.8055725097656
ConvNet,2833,430.6273193359375,400.99658203125
ConvNet,2834,434.6041259765625,416.56304931640625
ConvNet,2835,465.5927734375,399.630615234375
ConvNet,2836,409.29559326171875,431.7215270996094
ConvNet,2837,398.4390563964844,396.8180847167969
ConvNet,2838,417.2825012207031,393.57159423828125
ConvNet,2839,413.4978332519531,415.3816833496094
ConvNet,2840,472.93017578125,411.22247314453125
ConvNet,2841,425.2381591796875,422.33966064453125
ConvNet,2842,475.1440734863281,433.4495849609375
ConvNet,2843,422.87554931640625,424.8377380371094
ConvNet,2844,418.505126953125,428.03564453125
ConvNet,2845,417.5945739746094,380.25714111328125
ConvNet,2846,423.6501159667969,418.8039245605469
ConvNet,2847,397.00604248046875,422.53155517578125
ConvNet,2848,462.45361328125,418.81011962890625
ConvNet,2849,465.34063720703125,424.78668212890625
ConvNet,2850,408.64434814453125,392.10845947265625
ConvNet,2851,427.2097473144531,399.6131591796875
ConvNet,2852,410.34979248046875,393.67559814453125
ConvNet,2853,409.17279052734375,388.55731201171875
ConvNet,2854,444.9899597167969,421.502197265625
ConvNet,2855,465.1316833496094,406.8079528808594
ConvNet,2856,453.5184326171875,415.33404541015625
ConvNet,2857,416.72344970703125,433.8207092285156
ConvNet,2858,414.9815673828125,405.2664489746094
ConvNet,2859,423.7569885253906,382.8328552246094
ConvNet,2860,428.9326477050781,404.9768371582031
ConvNet,2861,388.17547607421875,418.1893310546875
ConvNet,2862,414.656494140625,391.8609313964844
ConvNet,2863,458.6980285644531,398.0441589355469
ConvNet,2864,413.4331970214844,418.58203125
ConvNet,2865,434.4142761230469,458.9488830566406
ConvNet,2866,423.4301452636719,389.88116455078125
ConvNet,2867,425.40191650390625,420.49127197265625
ConvNet,2868,416.00909423828125,407.881591796875
ConvNet,2869,411.5336608886719,415.7235107421875
ConvNet,2870,408.3792724609375,382.4146728515625
ConvNet,2871,419.968994140625,444.2270812988281
ConvNet,2872,423.18536376953125,418.52874755859375
ConvNet,2873,408.12799072265625,474.55792236328125
ConvNet,2874,404.94207763671875,394.9453125
ConvNet,2875,393.3392028808594,422.947265625
ConvNet,2876,452.1173095703125,428.37298583984375
ConvNet,2877,400.8768005371094,410.2469482421875
ConvNet,2878,423.71246337890625,408.1468505859375
ConvNet,2879,431.7587890625,447.11126708984375
ConvNet,2880,422.0514221191406,416.23968505859375
ConvNet,2881,451.30322265625,397.21533203125
ConvNet,2882,399.6130676269531,414.51171875
ConvNet,2883,421.46142578125,411.17578125
ConvNet,2884,417.4006652832031,415.60992431640625
ConvNet,2885,396.2669677734375,416.5127868652344
ConvNet,2886,458.4583740234375,444.18426513671875
ConvNet,2887,436.95025634765625,418.0909118652344
ConvNet,2888,394.1275939941406,419.00372314453125
ConvNet,2889,438.19549560546875,416.71673583984375
ConvNet,2890,406.8424377441406,400.4618835449219
ConvNet,2891,417.8525390625,453.09918212890625
ConvNet,2892,372.20794677734375,406.47882080078125
ConvNet,2893,418.5368957519531,425.67474365234375
ConvNet,2894,432.5224304199219,416.4688720703125
ConvNet,2895,389.4974365234375,396.8411865234375
ConvNet,2896,435.42864990234375,397.61456298828125
ConvNet,2897,408.4817199707031,402.0674133300781
ConvNet,2898,456.4175720214844,436.2596435546875
ConvNet,2899,416.7937927246094,394.7793273925781
ConvNet,2900,431.52978515625,398.3755798339844
ConvNet,2901,399.2149658203125,421.80810546875
ConvNet,2902,453.9239501953125,434.50732421875
ConvNet,2903,449.7870178222656,412.9671325683594
ConvNet,2904,435.29986572265625,396.5823059082031
ConvNet,2905,427.20166015625,487.82342529296875
ConvNet,2906,392.6060485839844,402.35784912109375
ConvNet,2907,432.76141357421875,410.2142028808594
ConvNet,2908,411.02508544921875,430.34857177734375
ConvNet,2909,438.6829833984375,429.535400390625
ConvNet,2910,404.740966796875,398.33428955078125
ConvNet,2911,440.50946044921875,441.6011962890625
ConvNet,2912,394.5025939941406,415.8829650878906
ConvNet,2913,409.35369873046875,403.38861083984375
ConvNet,2914,426.791748046875,440.837158203125
ConvNet,2915,447.1639404296875,418.4414978027344
ConvNet,2916,406.1798095703125,395.377197265625
ConvNet,2917,411.489013671875,449.0550842285156
ConvNet,2918,392.87713623046875,426.1253356933594
ConvNet,2919,436.1585998535156,399.666748046875
ConvNet,2920,432.55352783203125,466.0555419921875
ConvNet,2921,407.68060302734375,411.5953369140625
ConvNet,2922,389.93231201171875,456.3221130371094
ConvNet,2923,412.9568786621094,398.19732666015625
ConvNet,2924,445.37518310546875,408.13775634765625
ConvNet,2925,443.5412292480469,420.7033996582031
ConvNet,2926,395.02935791015625,400.007568359375
ConvNet,2927,424.2447509765625,457.5987243652344
ConvNet,2928,458.569091796875,394.29180908203125
ConvNet,2929,458.0479431152344,365.401611328125
ConvNet,2930,432.0529479980469,424.3096923828125
ConvNet,2931,440.58294677734375,413.05169677734375
ConvNet,2932,431.5669860839844,460.1676940917969
ConvNet,2933,436.2235107421875,403.1226501464844
ConvNet,2934,430.15679931640625,434.5797119140625
ConvNet,2935,384.77740478515625,426.81658935546875
ConvNet,2936,407.8540954589844,436.5909118652344
ConvNet,2937,430.3319091796875,443.89019775390625
ConvNet,2938,399.9454650878906,406.42962646484375
ConvNet,2939,465.16339111328125,417.70550537109375
ConvNet,2940,402.8554992675781,427.13287353515625
ConvNet,2941,456.89935302734375,425.3817443847656
ConvNet,2942,393.8136291503906,460.40533447265625
ConvNet,2943,447.4711608886719,430.86181640625
ConvNet,2944,402.8181457519531,405.98162841796875
ConvNet,2945,439.8962707519531,396.3095703125
ConvNet,2946,389.90966796875,411.99822998046875
ConvNet,2947,387.74163818359375,426.1933898925781
ConvNet,2948,437.900634765625,436.10943603515625
ConvNet,2949,405.0361022949219,427.09490966796875
ConvNet,2950,423.11810302734375,449.2001953125
ConvNet,2951,383.5257568359375,407.98016357421875
ConvNet,2952,420.31048583984375,442.8734436035156
ConvNet,2953,424.8089599609375,408.7098388671875
ConvNet,2954,412.470703125,392.6810607910156
ConvNet,2955,399.27935791015625,439.1101379394531
ConvNet,2956,425.8419189453125,403.08563232421875
ConvNet,2957,436.58367919921875,472.48870849609375
ConvNet,2958,400.98583984375,394.0882568359375
ConvNet,2959,405.2266845703125,408.0141296386719
ConvNet,2960,426.74688720703125,414.17547607421875
ConvNet,2961,404.2383728027344,391.6265869140625
ConvNet,2962,434.4865417480469,431.1801452636719
ConvNet,2963,426.25408935546875,440.58843994140625
ConvNet,2964,444.78204345703125,413.15057373046875
ConvNet,2965,412.46954345703125,405.7596435546875
ConvNet,2966,415.59649658203125,437.44342041015625
ConvNet,2967,460.32366943359375,435.49786376953125
ConvNet,2968,438.7479248046875,415.8777770996094
ConvNet,2969,417.0964050292969,444.4852294921875
ConvNet,2970,400.84759521484375,454.4168701171875
ConvNet,2971,417.051513671875,400.1222839355469
ConvNet,2972,411.9640808105469,410.9377136230469
ConvNet,2973,404.57318115234375,377.3524169921875
ConvNet,2974,395.18914794921875,429.4859619140625
ConvNet,2975,409.43878173828125,383.41845703125
ConvNet,2976,415.53265380859375,422.998291015625
ConvNet,2977,409.3692626953125,429.55462646484375
ConvNet,2978,426.3343200683594,397.5152587890625
ConvNet,2979,421.3693542480469,437.88226318359375
ConvNet,2980,417.8006896972656,410.5052490234375
ConvNet,2981,412.6861572265625,388.21337890625
ConvNet,2982,410.3450012207031,385.506103515625
ConvNet,2983,394.0073547363281,454.4280090332031
ConvNet,2984,438.769287109375,438.62213134765625
ConvNet,2985,431.15399169921875,387.1194763183594
ConvNet,2986,428.3243408203125,421.8446044921875
ConvNet,2987,393.79193115234375,389.12420654296875
ConvNet,2988,387.75396728515625,406.0908203125
ConvNet,2989,410.0677185058594,456.7982482910156
ConvNet,2990,364.4635314941406,422.7615966796875
ConvNet,2991,395.485595703125,401.6954040527344
ConvNet,2992,424.27044677734375,400.2794494628906
ConvNet,2993,434.76458740234375,391.22332763671875
ConvNet,2994,414.9632263183594,408.2808837890625
ConvNet,2995,418.2568359375,428.82818603515625
ConvNet,2996,381.24169921875,422.80804443359375
ConvNet,2997,393.4231262207031,460.9744873046875
ConvNet,2998,441.3892822265625,384.7488098144531
ConvNet,2999,380.11279296875,392.07049560546875
ConvNet,3000,400.48406982421875,413.8910217285156
ConvNet,3001,397.066162109375,451.8880615234375
ConvNet,3002,387.72869873046875,422.4766845703125
ConvNet,3003,465.7734680175781,439.4571838378906
ConvNet,3004,405.29901123046875,526.6214599609375
ConvNet,3005,405.86260986328125,423.6294250488281
ConvNet,3006,427.876220703125,388.35540771484375
ConvNet,3007,420.64306640625,432.9822998046875
ConvNet,3008,466.34014892578125,415.5228576660156
ConvNet,3009,429.67730712890625,432.4466552734375
ConvNet,3010,421.42266845703125,441.82427978515625
ConvNet,3011,427.5871276855469,461.861572265625
ConvNet,3012,398.8906555175781,393.3463134765625
ConvNet,3013,450.3713684082031,442.47723388671875
ConvNet,3014,400.76702880859375,406.2410888671875
ConvNet,3015,415.900146484375,431.6017761230469
ConvNet,3016,404.8143310546875,359.073974609375
ConvNet,3017,443.97698974609375,458.16650390625
ConvNet,3018,409.69891357421875,437.4577941894531
ConvNet,3019,430.626220703125,416.10675048828125
ConvNet,3020,452.04656982421875,470.5048828125
ConvNet,3021,433.03863525390625,390.3894348144531
ConvNet,3022,447.825439453125,432.99298095703125
ConvNet,3023,458.6874694824219,441.18988037109375
ConvNet,3024,391.1939697265625,395.12359619140625
ConvNet,3025,425.5101318359375,376.8555908203125
ConvNet,3026,437.76708984375,427.9212646484375
ConvNet,3027,402.80816650390625,411.21710205078125
ConvNet,3028,449.9276123046875,418.45843505859375
ConvNet,3029,413.8104248046875,446.0238037109375
ConvNet,3030,402.99420166015625,448.04315185546875
ConvNet,3031,427.075927734375,446.81072998046875
ConvNet,3032,402.0374450683594,426.542724609375
ConvNet,3033,404.9844970703125,411.67041015625
ConvNet,3034,412.21466064453125,385.36090087890625
ConvNet,3035,409.5953369140625,438.782958984375
ConvNet,3036,420.3500061035156,366.33978271484375
ConvNet,3037,424.0948181152344,410.88446044921875
ConvNet,3038,431.68731689453125,394.49114990234375
ConvNet,3039,456.1550598144531,423.83477783203125
ConvNet,3040,403.61041259765625,383.4945068359375
ConvNet,3041,418.47760009765625,386.6822509765625
ConvNet,3042,384.73431396484375,431.593017578125
ConvNet,3043,414.31756591796875,356.1881103515625
ConvNet,3044,388.0179443359375,443.62481689453125
ConvNet,3045,434.27410888671875,395.2435607910156
ConvNet,3046,404.82366943359375,409.57550048828125
ConvNet,3047,409.65972900390625,401.35894775390625
ConvNet,3048,460.38836669921875,404.88409423828125
ConvNet,3049,399.7236328125,404.32281494140625
ConvNet,3050,421.3192138671875,391.71343994140625
ConvNet,3051,383.4960632324219,376.095458984375
ConvNet,3052,442.813720703125,461.27392578125
ConvNet,3053,428.67938232421875,412.89068603515625
ConvNet,3054,393.98809814453125,368.8685302734375
ConvNet,3055,409.184814453125,428.916015625
ConvNet,3056,410.2383117675781,398.37811279296875
ConvNet,3057,403.2165832519531,424.4654846191406
ConvNet,3058,383.02178955078125,440.78387451171875
ConvNet,3059,361.3724060058594,394.1741943359375
ConvNet,3060,422.6062316894531,371.5774841308594
ConvNet,3061,393.0181884765625,405.3600158691406
ConvNet,3062,412.0644226074219,391.97100830078125
ConvNet,3063,478.3367919921875,409.14593505859375
ConvNet,3064,427.3130187988281,419.21319580078125
ConvNet,3065,461.82794189453125,432.25787353515625
ConvNet,3066,445.544921875,406.1669616699219
ConvNet,3067,450.560791015625,421.5262451171875
ConvNet,3068,415.74774169921875,425.8834228515625
ConvNet,3069,393.36871337890625,391.8121643066406
ConvNet,3070,403.58111572265625,405.3148498535156
ConvNet,3071,419.1383056640625,419.240478515625
ConvNet,3072,426.75189208984375,410.201904296875
ConvNet,3073,433.1285400390625,441.60064697265625
ConvNet,3074,397.6972961425781,391.0401611328125
ConvNet,3075,396.1575927734375,402.49212646484375
ConvNet,3076,412.8968505859375,421.29327392578125
ConvNet,3077,423.79638671875,405.612548828125
ConvNet,3078,433.7794189453125,421.42388916015625
ConvNet,3079,407.93603515625,431.28692626953125
ConvNet,3080,402.57061767578125,417.0382385253906
ConvNet,3081,362.7196350097656,414.5113525390625
ConvNet,3082,461.60382080078125,406.46734619140625
ConvNet,3083,415.0472412109375,407.85675048828125
ConvNet,3084,432.34954833984375,396.8352355957031
ConvNet,3085,401.1560974121094,418.0924072265625
ConvNet,3086,421.4719543457031,439.6997375488281
ConvNet,3087,419.1155700683594,402.0118408203125
ConvNet,3088,410.8822326660156,393.19342041015625
ConvNet,3089,373.11968994140625,428.4254150390625
ConvNet,3090,376.99322509765625,408.0036926269531
ConvNet,3091,425.3963928222656,389.1365051269531
ConvNet,3092,401.6212158203125,428.93902587890625
ConvNet,3093,426.4408264160156,434.88775634765625
ConvNet,3094,409.6836242675781,418.7047119140625
ConvNet,3095,422.3908996582031,381.61639404296875
ConvNet,3096,418.4275207519531,457.03851318359375
ConvNet,3097,402.53375244140625,424.27972412109375
ConvNet,3098,455.11578369140625,416.8553466796875
ConvNet,3099,422.2584228515625,387.9310302734375
ConvNet,3100,427.89703369140625,421.136962890625
ConvNet,3101,395.44403076171875,406.2049865722656
ConvNet,3102,434.3573303222656,380.13580322265625
ConvNet,3103,439.1064453125,381.03173828125
ConvNet,3104,417.7861328125,422.6200866699219
ConvNet,3105,422.61962890625,420.0018310546875
ConvNet,3106,420.9904479980469,384.5839538574219
ConvNet,3107,441.2405700683594,424.5111999511719
ConvNet,3108,414.7811279296875,410.94696044921875
ConvNet,3109,465.35186767578125,404.8408508300781
ConvNet,3110,413.33245849609375,404.7950439453125
ConvNet,3111,411.587890625,399.6081237792969
ConvNet,3112,397.23040771484375,428.452880859375
ConvNet,3113,418.3533020019531,397.9724426269531
ConvNet,3114,392.93878173828125,393.624267578125
ConvNet,3115,369.6498107910156,412.3915710449219
ConvNet,3116,404.900634765625,415.07537841796875
ConvNet,3117,379.9156188964844,430.71954345703125
ConvNet,3118,396.85296630859375,383.7221374511719
ConvNet,3119,434.69195556640625,390.3575134277344
ConvNet,3120,405.26861572265625,425.98968505859375
ConvNet,3121,432.59918212890625,394.8354797363281
ConvNet,3122,399.1332702636719,372.32830810546875
ConvNet,3123,434.3848876953125,402.9905090332031
ConvNet,3124,454.9167785644531,427.34820556640625
ConvNet,3125,398.72454833984375,417.240966796875
ConvNet,3126,415.981201171875,409.6876220703125
ConvNet,3127,419.656005859375,407.09100341796875
ConvNet,3128,456.95245361328125,433.27215576171875
ConvNet,3129,431.8688659667969,443.8599853515625
ConvNet,3130,403.1431884765625,410.8503112792969
ConvNet,3131,390.5879821777344,410.1068115234375
ConvNet,3132,435.9061584472656,439.7917175292969
ConvNet,3133,410.07171630859375,417.8390197753906
ConvNet,3134,396.00201416015625,425.2456359863281
ConvNet,3135,433.5765686035156,411.89105224609375
ConvNet,3136,407.5568542480469,399.7187805175781
ConvNet,3137,424.21929931640625,442.03070068359375
ConvNet,3138,390.2159729003906,411.98992919921875
ConvNet,3139,410.06170654296875,383.48907470703125
ConvNet,3140,445.3189697265625,435.9044189453125
ConvNet,3141,401.283203125,398.66705322265625
ConvNet,3142,404.1112060546875,384.1402587890625
ConvNet,3143,400.911376953125,409.74951171875
ConvNet,3144,428.4501037597656,423.03656005859375
ConvNet,3145,413.2080993652344,409.601806640625
ConvNet,3146,460.99285888671875,430.7283935546875
ConvNet,3147,364.4827880859375,429.55841064453125
ConvNet,3148,385.3970947265625,397.05078125
ConvNet,3149,386.8448181152344,458.93505859375
ConvNet,3150,424.66973876953125,406.10150146484375
ConvNet,3151,430.0933532714844,429.5818786621094
ConvNet,3152,418.1407470703125,418.0909118652344
ConvNet,3153,462.4693298339844,414.0174560546875
ConvNet,3154,429.2539978027344,364.48016357421875
ConvNet,3155,446.1934509277344,396.9948425292969
ConvNet,3156,412.2200622558594,366.9328308105469
ConvNet,3157,413.20587158203125,465.0013732910156
ConvNet,3158,391.7054443359375,409.05706787109375
ConvNet,3159,425.31591796875,460.8367004394531
ConvNet,3160,455.53851318359375,414.5824890136719
ConvNet,3161,445.54827880859375,378.8724365234375
ConvNet,3162,437.6185302734375,452.9411926269531
ConvNet,3163,428.6011962890625,466.48980712890625
ConvNet,3164,387.3929138183594,402.51617431640625
ConvNet,3165,419.95513916015625,394.2399597167969
ConvNet,3166,407.4830322265625,414.2040100097656
ConvNet,3167,393.43328857421875,413.6120300292969
ConvNet,3168,366.6427307128906,447.0256042480469
ConvNet,3169,418.0361328125,402.989501953125
ConvNet,3170,415.96929931640625,395.04913330078125
ConvNet,3171,379.9245910644531,425.0741271972656
ConvNet,3172,427.3696594238281,420.4974365234375
ConvNet,3173,489.795166015625,411.88238525390625
ConvNet,3174,394.286865234375,393.8609313964844
ConvNet,3175,364.033203125,388.3116760253906
ConvNet,3176,426.0592956542969,403.6397705078125
ConvNet,3177,406.1597900390625,396.73394775390625
ConvNet,3178,392.2595520019531,418.06103515625
ConvNet,3179,430.2498474121094,441.0026550292969
ConvNet,3180,389.1046142578125,437.36297607421875
ConvNet,3181,412.1510314941406,465.01373291015625
ConvNet,3182,418.44000244140625,399.91217041015625
ConvNet,3183,457.36944580078125,460.02557373046875
ConvNet,3184,410.06768798828125,413.80560302734375
ConvNet,3185,404.38427734375,434.7458801269531
ConvNet,3186,386.515625,402.5765075683594
ConvNet,3187,434.94818115234375,387.50335693359375
ConvNet,3188,387.0487060546875,427.1605529785156
ConvNet,3189,423.799560546875,365.86187744140625
ConvNet,3190,371.2828369140625,465.4917297363281
ConvNet,3191,371.102783203125,419.7374267578125
ConvNet,3192,388.5709228515625,400.788330078125
ConvNet,3193,408.82275390625,402.1555480957031
ConvNet,3194,419.2447509765625,396.5994567871094
ConvNet,3195,411.2823791503906,427.34893798828125
ConvNet,3196,425.43096923828125,415.63714599609375
ConvNet,3197,478.1649169921875,454.01336669921875
ConvNet,3198,412.68994140625,417.6194152832031
ConvNet,3199,464.5849609375,416.6224670410156
ConvNet,3200,400.08349609375,387.2706298828125
ConvNet,3201,428.1702575683594,429.22564697265625
ConvNet,3202,380.0707702636719,419.67254638671875
ConvNet,3203,409.2365417480469,414.555908203125
ConvNet,3204,449.46636962890625,417.12841796875
ConvNet,3205,407.931640625,393.98052978515625
ConvNet,3206,404.34857177734375,406.73797607421875
ConvNet,3207,433.62554931640625,421.1815185546875
ConvNet,3208,409.13470458984375,421.917724609375
ConvNet,3209,460.7306823730469,414.67449951171875
ConvNet,3210,434.6510009765625,423.1545715332031
ConvNet,3211,429.33197021484375,412.20635986328125
ConvNet,3212,450.90313720703125,418.13470458984375
ConvNet,3213,423.91387939453125,422.4637451171875
ConvNet,3214,438.72882080078125,456.454833984375
ConvNet,3215,397.9862365722656,418.01544189453125
ConvNet,3216,399.63177490234375,415.40704345703125
ConvNet,3217,446.8797302246094,421.74261474609375
ConvNet,3218,430.5460205078125,438.7064208984375
ConvNet,3219,430.98748779296875,407.8182373046875
ConvNet,3220,417.38360595703125,407.08685302734375
ConvNet,3221,419.14849853515625,447.8013610839844
ConvNet,3222,384.0009765625,422.5116882324219
ConvNet,3223,428.17633056640625,396.3904113769531
ConvNet,3224,403.10369873046875,412.8661193847656
ConvNet,3225,427.8880615234375,421.2546691894531
ConvNet,3226,430.956298828125,461.72979736328125
ConvNet,3227,439.3637390136719,445.79876708984375
ConvNet,3228,414.1121520996094,411.94696044921875
ConvNet,3229,436.5068359375,379.3972473144531
ConvNet,3230,437.65106201171875,422.90643310546875
ConvNet,3231,400.5130615234375,422.31719970703125
ConvNet,3232,437.907470703125,418.9363708496094
ConvNet,3233,419.880859375,419.8541564941406
ConvNet,3234,433.22076416015625,392.00897216796875
ConvNet,3235,406.84906005859375,407.6460266113281
ConvNet,3236,412.2672119140625,415.37554931640625
ConvNet,3237,444.9144592285156,392.2147216796875
ConvNet,3238,405.51495361328125,413.24371337890625
ConvNet,3239,438.64984130859375,426.95867919921875
ConvNet,3240,416.6912841796875,410.49505615234375
ConvNet,3241,411.98260498046875,411.9859924316406
ConvNet,3242,423.86376953125,392.68115234375
ConvNet,3243,416.7255554199219,393.1339111328125
ConvNet,3244,391.4004821777344,428.1944580078125
ConvNet,3245,427.6517333984375,406.5818176269531
ConvNet,3246,444.53472900390625,444.43060302734375
ConvNet,3247,425.5367431640625,454.6357421875
ConvNet,3248,364.1930847167969,402.5675354003906
ConvNet,3249,438.300537109375,414.36761474609375
ConvNet,3250,398.6072998046875,395.45758056640625
ConvNet,3251,434.81646728515625,414.4204406738281
ConvNet,3252,411.982421875,417.0220642089844
ConvNet,3253,448.420166015625,400.7367858886719
ConvNet,3254,423.72589111328125,381.2520446777344
ConvNet,3255,465.420166015625,420.8179931640625
ConvNet,3256,423.4797058105469,411.33935546875
ConvNet,3257,418.5981140136719,415.8284606933594
ConvNet,3258,444.36907958984375,405.6788330078125
ConvNet,3259,417.98095703125,407.796630859375
ConvNet,3260,365.501953125,424.9805908203125
ConvNet,3261,454.39703369140625,432.2873840332031
ConvNet,3262,403.0635070800781,423.84722900390625
ConvNet,3263,419.44842529296875,380.45654296875
ConvNet,3264,393.44805908203125,412.24151611328125
ConvNet,3265,405.9669189453125,421.56268310546875
ConvNet,3266,399.18792724609375,442.634765625
ConvNet,3267,399.79412841796875,429.588623046875
ConvNet,3268,474.169189453125,421.33294677734375
ConvNet,3269,437.10504150390625,407.00335693359375
ConvNet,3270,396.378662109375,401.0050964355469
ConvNet,3271,378.6815490722656,398.8733215332031
ConvNet,3272,438.9006652832031,391.4261474609375
ConvNet,3273,400.54364013671875,414.3729248046875
ConvNet,3274,458.03790283203125,436.896484375
ConvNet,3275,409.974365234375,375.36883544921875
ConvNet,3276,384.442138671875,404.7059020996094
ConvNet,3277,421.49969482421875,396.9019470214844
ConvNet,3278,453.6304016113281,416.07452392578125
ConvNet,3279,416.577880859375,382.54595947265625
ConvNet,3280,405.6396484375,385.70709228515625
ConvNet,3281,413.41668701171875,417.7889404296875
ConvNet,3282,401.24420166015625,448.2403564453125
ConvNet,3283,382.21759033203125,399.4799499511719
ConvNet,3284,429.5772705078125,394.7332763671875
ConvNet,3285,425.6629638671875,415.715576171875
ConvNet,3286,427.75994873046875,441.5931701660156
ConvNet,3287,401.34735107421875,373.2869873046875
ConvNet,3288,435.9229736328125,407.2471923828125
ConvNet,3289,442.33734130859375,396.00701904296875
ConvNet,3290,447.3953857421875,400.6297302246094
ConvNet,3291,431.08538818359375,406.6121520996094
ConvNet,3292,392.0655517578125,438.18914794921875
ConvNet,3293,389.29779052734375,415.9501647949219
ConvNet,3294,422.82330322265625,409.79022216796875
ConvNet,3295,431.7698974609375,432.1861877441406
ConvNet,3296,408.8179626464844,420.0158996582031
ConvNet,3297,413.79150390625,420.1227111816406
ConvNet,3298,445.1745910644531,402.35980224609375
ConvNet,3299,443.1536865234375,399.7544250488281
ConvNet,3300,437.42657470703125,436.9873352050781
ConvNet,3301,369.33221435546875,433.6051025390625
ConvNet,3302,411.49163818359375,464.0616455078125
ConvNet,3303,424.07086181640625,479.98883056640625
ConvNet,3304,410.41375732421875,404.78765869140625
ConvNet,3305,410.7197265625,410.42474365234375
ConvNet,3306,425.7459716796875,422.53076171875
ConvNet,3307,431.5015869140625,381.47979736328125
ConvNet,3308,408.1278381347656,410.1782531738281
ConvNet,3309,417.90264892578125,424.35479736328125
ConvNet,3310,426.69476318359375,380.03179931640625
ConvNet,3311,418.61700439453125,450.58740234375
ConvNet,3312,408.1949768066406,415.37908935546875
ConvNet,3313,360.14752197265625,394.6402587890625
ConvNet,3314,387.4817810058594,432.0855712890625
ConvNet,3315,427.2425842285156,392.04400634765625
ConvNet,3316,425.25177001953125,461.20977783203125
ConvNet,3317,404.13934326171875,443.825439453125
ConvNet,3318,402.49127197265625,393.76275634765625
ConvNet,3319,439.48907470703125,423.64910888671875
ConvNet,3320,393.14947509765625,425.73956298828125
ConvNet,3321,430.1101989746094,424.9739990234375
ConvNet,3322,392.12255859375,429.043212890625
ConvNet,3323,392.5586853027344,417.05535888671875
ConvNet,3324,392.6344299316406,401.3464050292969
ConvNet,3325,420.486572265625,430.7220458984375
ConvNet,3326,432.1630554199219,418.20391845703125
ConvNet,3327,440.1036682128906,413.39501953125
ConvNet,3328,409.30010986328125,407.62408447265625
ConvNet,3329,428.60443115234375,421.4292907714844
ConvNet,3330,416.6185302734375,432.6488952636719
ConvNet,3331,381.14666748046875,431.97216796875
ConvNet,3332,453.292236328125,416.8022155761719
ConvNet,3333,425.39080810546875,447.0885925292969
ConvNet,3334,439.5946960449219,377.77716064453125
ConvNet,3335,416.3106689453125,423.86883544921875
ConvNet,3336,453.85272216796875,410.0425720214844
ConvNet,3337,398.48028564453125,421.3716125488281
ConvNet,3338,422.88067626953125,373.06146240234375
ConvNet,3339,377.74798583984375,413.0792236328125
ConvNet,3340,439.05255126953125,417.39569091796875
ConvNet,3341,399.841796875,407.955322265625
ConvNet,3342,389.90411376953125,388.1953430175781
ConvNet,3343,412.01873779296875,415.7934875488281
ConvNet,3344,420.5052795410156,423.4000244140625
ConvNet,3345,432.18023681640625,381.90350341796875
ConvNet,3346,426.86773681640625,390.29132080078125
ConvNet,3347,439.3143615722656,438.9078369140625
ConvNet,3348,457.8671875,411.890869140625
ConvNet,3349,408.937255859375,451.09375
ConvNet,3350,432.18505859375,395.34808349609375
ConvNet,3351,427.21051025390625,441.4395446777344
ConvNet,3352,430.7864074707031,425.4927978515625
ConvNet,3353,424.620361328125,410.79254150390625
ConvNet,3354,384.1484680175781,405.6997985839844
ConvNet,3355,425.0909423828125,415.0361633300781
ConvNet,3356,395.7491455078125,404.65484619140625
ConvNet,3357,436.98028564453125,422.1817932128906
ConvNet,3358,433.3243103027344,417.67242431640625
ConvNet,3359,418.8706970214844,375.98187255859375
ConvNet,3360,385.88818359375,432.39825439453125
ConvNet,3361,422.26239013671875,424.176025390625
ConvNet,3362,403.5963439941406,413.2264404296875
ConvNet,3363,419.9501953125,387.8433837890625
ConvNet,3364,414.10919189453125,407.1883544921875
ConvNet,3365,403.10894775390625,376.5115966796875
ConvNet,3366,422.9354248046875,403.75531005859375
ConvNet,3367,441.76434326171875,401.4652404785156
ConvNet,3368,397.86773681640625,425.5535583496094
ConvNet,3369,450.25445556640625,428.9932861328125
ConvNet,3370,408.4413146972656,416.88043212890625
ConvNet,3371,381.28167724609375,454.3026123046875
ConvNet,3372,409.01568603515625,421.670654296875
ConvNet,3373,401.9649353027344,454.00555419921875
ConvNet,3374,392.9459228515625,431.9762268066406
ConvNet,3375,399.4384765625,412.5145263671875
ConvNet,3376,395.345703125,392.38812255859375
ConvNet,3377,419.9285583496094,414.7637939453125
ConvNet,3378,439.29034423828125,414.3602294921875
ConvNet,3379,416.7803039550781,405.74493408203125
ConvNet,3380,436.85675048828125,432.0785827636719
ConvNet,3381,452.16058349609375,438.56494140625
ConvNet,3382,466.75775146484375,405.6858215332031
ConvNet,3383,401.5870056152344,400.3807373046875
ConvNet,3384,453.2223815917969,380.9422912597656
ConvNet,3385,417.0126953125,429.85369873046875
ConvNet,3386,363.43597412109375,379.52313232421875
ConvNet,3387,415.6837158203125,431.2952880859375
ConvNet,3388,421.6068115234375,401.81231689453125
ConvNet,3389,437.7848815917969,426.579833984375
ConvNet,3390,378.1121520996094,391.0567626953125
ConvNet,3391,422.611083984375,411.3145751953125
ConvNet,3392,398.05584716796875,428.70654296875
ConvNet,3393,407.0137939453125,402.862060546875
ConvNet,3394,383.31500244140625,412.55230712890625
ConvNet,3395,415.5928955078125,440.5325927734375
ConvNet,3396,487.08465576171875,415.3177795410156
ConvNet,3397,435.20501708984375,391.77166748046875
ConvNet,3398,415.9022216796875,422.0399169921875
ConvNet,3399,402.483642578125,394.3161926269531
ConvNet,3400,425.7535095214844,391.0369873046875
ConvNet,3401,434.62017822265625,423.76165771484375
ConvNet,3402,421.20123291015625,418.5986328125
ConvNet,3403,431.069580078125,423.2154541015625
ConvNet,3404,433.88653564453125,437.0863952636719
ConvNet,3405,442.7918395996094,388.71966552734375
ConvNet,3406,423.83843994140625,397.2310485839844
ConvNet,3407,435.957763671875,422.0198059082031
ConvNet,3408,433.4967041015625,407.3724060058594
ConvNet,3409,384.34698486328125,434.7961120605469
ConvNet,3410,420.3547058105469,424.4806213378906
ConvNet,3411,406.3487548828125,429.0326232910156
ConvNet,3412,415.8778991699219,411.3292541503906
ConvNet,3413,438.8224182128906,409.10076904296875
ConvNet,3414,454.9719543457031,407.9126281738281
ConvNet,3415,418.270263671875,388.9036865234375
ConvNet,3416,396.3666687011719,443.10882568359375
ConvNet,3417,433.8629150390625,381.891357421875
ConvNet,3418,428.7377624511719,423.8957824707031
ConvNet,3419,437.6842956542969,413.43646240234375
ConvNet,3420,405.8351135253906,396.26031494140625
ConvNet,3421,418.80279541015625,426.088134765625
ConvNet,3422,419.56103515625,432.9276123046875
ConvNet,3423,432.1522521972656,423.02752685546875
ConvNet,3424,389.27227783203125,420.28326416015625
ConvNet,3425,425.3717346191406,425.39508056640625
ConvNet,3426,428.9033508300781,396.6087646484375
ConvNet,3427,423.22918701171875,421.6690673828125
ConvNet,3428,406.9644775390625,392.199951171875
ConvNet,3429,411.2581787109375,414.3107604980469
ConvNet,3430,384.7996520996094,437.17376708984375
ConvNet,3431,421.65283203125,423.2992858886719
ConvNet,3432,402.33099365234375,391.71575927734375
ConvNet,3433,389.44793701171875,441.7095947265625
ConvNet,3434,391.5194091796875,401.38909912109375
ConvNet,3435,384.68475341796875,420.74658203125
ConvNet,3436,410.28857421875,378.5257568359375
ConvNet,3437,441.52020263671875,385.8230285644531
ConvNet,3438,418.51043701171875,459.007568359375
ConvNet,3439,371.78277587890625,461.030029296875
ConvNet,3440,424.4004821777344,422.34320068359375
ConvNet,3441,432.28790283203125,444.9161376953125
ConvNet,3442,412.4805908203125,420.07861328125
ConvNet,3443,434.2227783203125,467.8172607421875
ConvNet,3444,373.521484375,437.217529296875
ConvNet,3445,422.9365539550781,407.50372314453125
ConvNet,3446,400.39324951171875,403.47259521484375
ConvNet,3447,411.8935241699219,379.748291015625
ConvNet,3448,473.52960205078125,408.37957763671875
ConvNet,3449,440.224853515625,432.30267333984375
ConvNet,3450,435.0247802734375,404.8315124511719
ConvNet,3451,404.2184143066406,437.59100341796875
ConvNet,3452,423.63037109375,444.0508117675781
ConvNet,3453,427.802734375,446.8033447265625
ConvNet,3454,400.3455810546875,452.09814453125
ConvNet,3455,396.67474365234375,421.172607421875
ConvNet,3456,407.5751953125,431.0754089355469
ConvNet,3457,429.318603515625,419.41046142578125
ConvNet,3458,421.13702392578125,436.0190124511719
ConvNet,3459,407.410888671875,424.54718017578125
ConvNet,3460,422.6524963378906,436.17425537109375
ConvNet,3461,415.3406677246094,456.18914794921875
ConvNet,3462,392.47979736328125,400.5780029296875
ConvNet,3463,422.57366943359375,410.44830322265625
ConvNet,3464,380.380615234375,404.06683349609375
ConvNet,3465,430.72760009765625,423.0194091796875
ConvNet,3466,408.3562316894531,401.4966125488281
ConvNet,3467,462.97918701171875,376.4029541015625
ConvNet,3468,389.26629638671875,427.1127014160156
ConvNet,3469,409.56732177734375,397.47637939453125
ConvNet,3470,430.6950378417969,423.963623046875
ConvNet,3471,392.4147644042969,380.3287353515625
ConvNet,3472,378.9597473144531,396.2209167480469
ConvNet,3473,391.58563232421875,415.06121826171875
ConvNet,3474,365.00579833984375,377.5126953125
ConvNet,3475,410.8519287109375,439.878173828125
ConvNet,3476,396.96099853515625,420.61724853515625
ConvNet,3477,432.95745849609375,426.57623291015625
ConvNet,3478,405.8715515136719,425.3863220214844
ConvNet,3479,410.0924072265625,429.4326477050781
ConvNet,3480,421.35467529296875,401.7063903808594
ConvNet,3481,405.95501708984375,393.2352294921875
ConvNet,3482,426.1453857421875,447.83392333984375
ConvNet,3483,398.96099853515625,391.3799133300781
ConvNet,3484,418.98236083984375,408.6160888671875
ConvNet,3485,403.67108154296875,384.1025695800781
ConvNet,3486,398.5085754394531,414.88983154296875
ConvNet,3487,419.83697509765625,372.1631164550781
ConvNet,3488,433.75146484375,399.83270263671875
ConvNet,3489,376.60345458984375,449.6905517578125
ConvNet,3490,409.2381896972656,405.45751953125
ConvNet,3491,395.7859191894531,416.7734069824219
ConvNet,3492,412.6689453125,477.4764404296875
ConvNet,3493,408.264892578125,402.2130126953125
ConvNet,3494,433.6571044921875,398.9738464355469
ConvNet,3495,392.8804931640625,458.8802490234375
ConvNet,3496,387.9255676269531,406.49932861328125
ConvNet,3497,460.66534423828125,436.1143798828125
ConvNet,3498,409.44244384765625,410.54327392578125
ConvNet,3499,411.6641845703125,402.9215087890625
ConvNet,3500,426.74072265625,440.74432373046875
ConvNet,3501,443.8650207519531,428.91259765625
ConvNet,3502,413.5133056640625,378.1026611328125
ConvNet,3503,422.35699462890625,393.555908203125
ConvNet,3504,407.7022705078125,431.2845153808594
ConvNet,3505,415.71044921875,394.4580078125
ConvNet,3506,423.7628173828125,406.12298583984375
ConvNet,3507,414.88397216796875,465.12640380859375
ConvNet,3508,420.43292236328125,411.85260009765625
ConvNet,3509,441.7796630859375,410.22308349609375
ConvNet,3510,426.57476806640625,445.3552551269531
ConvNet,3511,409.6649475097656,429.6007080078125
ConvNet,3512,434.135986328125,447.6654968261719
ConvNet,3513,403.82037353515625,451.4626770019531
ConvNet,3514,420.86651611328125,428.6407470703125
ConvNet,3515,401.2991943359375,403.4591064453125
ConvNet,3516,402.4277648925781,409.05352783203125
ConvNet,3517,418.02569580078125,425.130615234375
ConvNet,3518,395.9696044921875,429.0264892578125
ConvNet,3519,418.6186218261719,394.08978271484375
ConvNet,3520,386.17498779296875,369.73858642578125
ConvNet,3521,403.1644592285156,409.041015625
ConvNet,3522,346.0425720214844,424.51947021484375
ConvNet,3523,454.84912109375,435.06982421875
ConvNet,3524,417.6398010253906,405.94757080078125
ConvNet,3525,427.38897705078125,398.54705810546875
ConvNet,3526,412.72674560546875,447.4997253417969
ConvNet,3527,424.4816589355469,428.3207702636719
ConvNet,3528,371.66168212890625,408.36444091796875
ConvNet,3529,401.49517822265625,370.27392578125
ConvNet,3530,403.62127685546875,411.865234375
ConvNet,3531,409.0245361328125,417.6461181640625
ConvNet,3532,437.846923828125,438.6062927246094
ConvNet,3533,431.8804931640625,418.7620849609375
ConvNet,3534,422.72918701171875,420.59014892578125
ConvNet,3535,407.48486328125,451.81781005859375
ConvNet,3536,452.93988037109375,432.1878967285156
ConvNet,3537,363.14654541015625,401.21417236328125
ConvNet,3538,425.8818054199219,400.25970458984375
ConvNet,3539,409.33660888671875,412.3984680175781
ConvNet,3540,423.7815246582031,419.8760070800781
ConvNet,3541,425.4611511230469,416.1567687988281
ConvNet,3542,431.9140930175781,424.9709777832031
ConvNet,3543,436.9439697265625,420.486083984375
ConvNet,3544,404.8420104980469,433.7290344238281
ConvNet,3545,428.5233154296875,410.34246826171875
ConvNet,3546,411.6708679199219,409.19757080078125
ConvNet,3547,424.4118957519531,415.11553955078125
ConvNet,3548,406.24810791015625,399.36553955078125
ConvNet,3549,431.66424560546875,431.32818603515625
ConvNet,3550,412.9117431640625,445.9793395996094
ConvNet,3551,413.199462890625,387.42926025390625
ConvNet,3552,395.98797607421875,414.2054443359375
ConvNet,3553,444.62835693359375,425.8719787597656
ConvNet,3554,439.4593811035156,432.5089416503906
ConvNet,3555,372.2278137207031,420.811767578125
ConvNet,3556,419.5858459472656,419.11065673828125
ConvNet,3557,412.4829406738281,411.005126953125
ConvNet,3558,418.89447021484375,418.82952880859375
ConvNet,3559,412.3705749511719,441.3233642578125
ConvNet,3560,400.81658935546875,404.02899169921875
ConvNet,3561,411.58984375,432.5694885253906
ConvNet,3562,432.89892578125,391.70745849609375
ConvNet,3563,407.8524169921875,438.4890441894531
ConvNet,3564,427.7451171875,439.2246398925781
ConvNet,3565,434.8248596191406,421.0511169433594
ConvNet,3566,399.1593933105469,405.97601318359375
ConvNet,3567,407.44610595703125,402.6850280761719
ConvNet,3568,414.122802734375,441.5733642578125
ConvNet,3569,392.899169921875,433.7861633300781
ConvNet,3570,383.15411376953125,417.41131591796875
ConvNet,3571,398.46368408203125,421.9815673828125
ConvNet,3572,389.9897766113281,445.79339599609375
ConvNet,3573,386.87164306640625,382.02960205078125
ConvNet,3574,420.7526550292969,417.6689758300781
ConvNet,3575,427.3661193847656,419.0790100097656
ConvNet,3576,458.89776611328125,408.3343811035156
ConvNet,3577,390.0750732421875,407.5679931640625
ConvNet,3578,414.445068359375,408.0677490234375
ConvNet,3579,404.03265380859375,424.1001892089844
ConvNet,3580,400.5713195800781,402.3436279296875
ConvNet,3581,452.86297607421875,421.09930419921875
ConvNet,3582,440.80029296875,409.11102294921875
ConvNet,3583,439.4185485839844,434.5047607421875
ConvNet,3584,423.900146484375,430.2506408691406
ConvNet,3585,393.45220947265625,395.7262268066406
ConvNet,3586,386.89239501953125,408.41650390625
ConvNet,3587,441.1285095214844,415.69940185546875
ConvNet,3588,442.557861328125,434.44842529296875
ConvNet,3589,418.7621154785156,394.5093688964844
ConvNet,3590,382.8314208984375,414.91790771484375
ConvNet,3591,405.9669189453125,418.5687255859375
ConvNet,3592,407.3017578125,389.2537841796875
ConvNet,3593,391.4736328125,410.878173828125
ConvNet,3594,424.9886169433594,428.6444091796875
ConvNet,3595,426.28814697265625,413.39227294921875
ConvNet,3596,413.9742431640625,403.6113586425781
ConvNet,3597,414.970947265625,432.2288818359375
ConvNet,3598,383.394775390625,416.69488525390625
ConvNet,3599,388.2459716796875,424.20977783203125
ConvNet,3600,382.40216064453125,425.0854797363281
ConvNet,3601,402.00384521484375,432.35821533203125
ConvNet,3602,421.01373291015625,406.8460388183594
ConvNet,3603,414.107666015625,377.46173095703125
ConvNet,3604,422.73590087890625,395.9914245605469
ConvNet,3605,436.1846618652344,429.8111572265625
ConvNet,3606,416.43072509765625,441.8697204589844
ConvNet,3607,432.12957763671875,411.37420654296875
ConvNet,3608,425.35809326171875,379.05517578125
ConvNet,3609,416.6486511230469,408.2024841308594
ConvNet,3610,415.3157043457031,408.22869873046875
ConvNet,3611,401.5246276855469,420.799560546875
ConvNet,3612,416.1680908203125,455.3131103515625
ConvNet,3613,392.31463623046875,408.4085693359375
ConvNet,3614,415.6448974609375,401.75787353515625
ConvNet,3615,404.03778076171875,411.9100646972656
ConvNet,3616,420.98187255859375,414.54248046875
ConvNet,3617,384.31719970703125,393.829833984375
ConvNet,3618,408.94085693359375,410.0052185058594
ConvNet,3619,433.75860595703125,420.926513671875
ConvNet,3620,376.7713623046875,421.3978576660156
ConvNet,3621,454.90521240234375,402.01568603515625
ConvNet,3622,386.8820495605469,375.0052490234375
ConvNet,3623,463.68634033203125,380.25457763671875
ConvNet,3624,380.0093994140625,400.65789794921875
ConvNet,3625,437.496826171875,427.19537353515625
ConvNet,3626,419.14697265625,397.19378662109375
ConvNet,3627,443.4739685058594,413.01678466796875
ConvNet,3628,386.5431213378906,431.0760803222656
ConvNet,3629,426.4020690917969,446.6729736328125
ConvNet,3630,423.41912841796875,393.92864990234375
ConvNet,3631,441.08843994140625,403.142578125
ConvNet,3632,407.7172546386719,407.4737548828125
ConvNet,3633,419.8081970214844,430.6522216796875
ConvNet,3634,432.22650146484375,443.3472900390625
ConvNet,3635,395.5537109375,432.1876220703125
ConvNet,3636,377.26324462890625,394.17608642578125
ConvNet,3637,440.006103515625,398.2523193359375
ConvNet,3638,408.5645751953125,411.0826416015625
ConvNet,3639,446.7799072265625,409.57086181640625
ConvNet,3640,414.90228271484375,410.5301513671875
ConvNet,3641,396.19775390625,429.9367370605469
ConvNet,3642,417.6153564453125,431.3270263671875
ConvNet,3643,399.633544921875,401.26324462890625
ConvNet,3644,412.16680908203125,432.53466796875
ConvNet,3645,399.7049255371094,417.9332275390625
ConvNet,3646,426.2132568359375,429.5172119140625
ConvNet,3647,405.0361328125,391.4871520996094
ConvNet,3648,401.6621398925781,412.3747863769531
ConvNet,3649,400.910400390625,413.4896545410156
ConvNet,3650,432.6261901855469,406.405517578125
ConvNet,3651,406.7837219238281,398.02410888671875
ConvNet,3652,408.4027099609375,430.31060791015625
ConvNet,3653,406.91131591796875,430.79913330078125
ConvNet,3654,394.150634765625,409.02203369140625
ConvNet,3655,405.5394592285156,451.8298034667969
ConvNet,3656,387.52960205078125,436.8592834472656
ConvNet,3657,409.3616943359375,361.50506591796875
ConvNet,3658,415.75823974609375,412.62255859375
ConvNet,3659,383.7642822265625,435.16790771484375
ConvNet,3660,416.9432067871094,390.8367919921875
ConvNet,3661,415.94293212890625,426.947998046875
ConvNet,3662,433.072998046875,423.5569763183594
ConvNet,3663,404.9339599609375,399.96630859375
ConvNet,3664,399.17266845703125,418.30572509765625
ConvNet,3665,398.49603271484375,407.5891418457031
ConvNet,3666,442.3565368652344,434.1436767578125
ConvNet,3667,431.0495910644531,400.7614440917969
ConvNet,3668,415.54193115234375,433.4024658203125
ConvNet,3669,393.51153564453125,422.49359130859375
ConvNet,3670,416.2125244140625,407.05657958984375
ConvNet,3671,429.7242126464844,401.6663818359375
ConvNet,3672,440.04974365234375,377.2329406738281
ConvNet,3673,437.96429443359375,421.9420166015625
ConvNet,3674,371.00872802734375,391.15277099609375
ConvNet,3675,411.9554138183594,418.56951904296875
ConvNet,3676,420.787353515625,441.5555114746094
ConvNet,3677,430.470947265625,428.3690185546875
ConvNet,3678,412.7277526855469,410.8718566894531
ConvNet,3679,413.84100341796875,419.87957763671875
ConvNet,3680,399.5791015625,379.5767822265625
ConvNet,3681,406.82269287109375,405.61322021484375
ConvNet,3682,418.7269592285156,411.6173095703125
ConvNet,3683,438.72576904296875,435.48614501953125
ConvNet,3684,431.61151123046875,407.60565185546875
ConvNet,3685,417.9644775390625,392.11468505859375
ConvNet,3686,366.1119384765625,435.7393798828125
ConvNet,3687,435.52301025390625,407.9082946777344
ConvNet,3688,409.9620361328125,443.3597106933594
ConvNet,3689,410.11175537109375,385.01324462890625
ConvNet,3690,398.0987243652344,415.84466552734375
ConvNet,3691,405.7982482910156,400.938720703125
ConvNet,3692,410.59454345703125,434.5814514160156
ConvNet,3693,444.50048828125,414.02508544921875
ConvNet,3694,405.7330627441406,389.1332092285156
ConvNet,3695,408.0986328125,416.9144287109375
ConvNet,3696,428.7530517578125,368.5014953613281
ConvNet,3697,428.10064697265625,409.8688049316406
ConvNet,3698,387.51953125,416.67962646484375
ConvNet,3699,408.61700439453125,393.23248291015625
ConvNet,3700,407.3816833496094,435.365234375
ConvNet,3701,414.0467529296875,420.74884033203125
ConvNet,3702,392.5474853515625,397.1336975097656
ConvNet,3703,461.0133056640625,440.60748291015625
ConvNet,3704,392.00439453125,423.89080810546875
ConvNet,3705,417.34808349609375,410.40582275390625
ConvNet,3706,425.9984130859375,373.4627685546875
ConvNet,3707,397.1332092285156,383.3152770996094
ConvNet,3708,408.84979248046875,438.972900390625
ConvNet,3709,419.37017822265625,444.34063720703125
ConvNet,3710,389.32452392578125,389.59564208984375
ConvNet,3711,436.67901611328125,398.47955322265625
ConvNet,3712,419.7497253417969,390.54266357421875
ConvNet,3713,436.86468505859375,462.40106201171875
ConvNet,3714,435.7771911621094,390.13092041015625
ConvNet,3715,433.02166748046875,440.78076171875
ConvNet,3716,426.4566955566406,406.14453125
ConvNet,3717,390.50482177734375,431.02020263671875
ConvNet,3718,435.2288513183594,446.7821350097656
ConvNet,3719,412.40765380859375,424.5680236816406
ConvNet,3720,447.8175048828125,402.2958068847656
ConvNet,3721,400.3306579589844,444.6485290527344
ConvNet,3722,422.9622802734375,380.59234619140625
ConvNet,3723,454.69036865234375,453.218017578125
ConvNet,3724,447.94110107421875,363.883544921875
ConvNet,3725,408.13153076171875,434.6544189453125
ConvNet,3726,426.5087890625,439.1004638671875
ConvNet,3727,441.5797119140625,400.82623291015625
ConvNet,3728,417.3750305175781,403.3643493652344
ConvNet,3729,385.7894287109375,403.3678283691406
ConvNet,3730,399.4992370605469,409.1322937011719
ConvNet,3731,420.1319580078125,420.87237548828125
ConvNet,3732,410.31964111328125,379.53057861328125
ConvNet,3733,372.3053283691406,392.1239929199219
ConvNet,3734,443.8813781738281,404.5419921875
ConvNet,3735,456.72259521484375,409.03509521484375
ConvNet,3736,412.9730529785156,364.842041015625
ConvNet,3737,401.41949462890625,409.72698974609375
ConvNet,3738,413.67498779296875,402.44732666015625
ConvNet,3739,433.96990966796875,382.97637939453125
ConvNet,3740,426.75189208984375,431.7155456542969
ConvNet,3741,421.83819580078125,401.17095947265625
ConvNet,3742,430.63153076171875,455.1473693847656
ConvNet,3743,397.689208984375,371.6566162109375
ConvNet,3744,429.9714660644531,418.02691650390625
ConvNet,3745,404.4502868652344,414.4497375488281
ConvNet,3746,436.7778625488281,413.7583312988281
ConvNet,3747,371.7923889160156,415.12506103515625
ConvNet,3748,434.537353515625,443.1399841308594
ConvNet,3749,437.4523620605469,431.199462890625
ConvNet,3750,439.43377685546875,416.4389343261719
ConvNet,3751,384.8795166015625,416.819580078125
ConvNet,3752,393.4340515136719,395.51312255859375
ConvNet,3753,422.23516845703125,401.49493408203125
ConvNet,3754,434.18524169921875,407.82415771484375
ConvNet,3755,439.1807556152344,396.0167541503906
ConvNet,3756,372.20587158203125,409.2818908691406
ConvNet,3757,417.9632568359375,401.41033935546875
ConvNet,3758,409.2935791015625,384.449951171875
ConvNet,3759,407.5709228515625,464.787841796875
ConvNet,3760,417.591552734375,411.9600830078125
ConvNet,3761,406.84381103515625,413.15374755859375
ConvNet,3762,428.76263427734375,473.5307312011719
ConvNet,3763,437.20208740234375,378.6290283203125
ConvNet,3764,384.02740478515625,432.267333984375
ConvNet,3765,384.7007141113281,404.2174072265625
ConvNet,3766,406.9427185058594,414.054443359375
ConvNet,3767,389.6341552734375,415.748046875
ConvNet,3768,431.6950378417969,433.67730712890625
ConvNet,3769,380.82415771484375,428.82952880859375
ConvNet,3770,415.9881896972656,428.32952880859375
ConvNet,3771,383.957763671875,411.09027099609375
ConvNet,3772,396.50341796875,409.30908203125
ConvNet,3773,402.3533020019531,409.3959045410156
ConvNet,3774,429.175048828125,410.1849670410156
ConvNet,3775,441.03375244140625,430.8680419921875
ConvNet,3776,431.45391845703125,426.37994384765625
ConvNet,3777,433.94317626953125,408.375
ConvNet,3778,392.0053405761719,413.4927978515625
ConvNet,3779,397.2666931152344,386.5789794921875
ConvNet,3780,395.827880859375,481.6474914550781
ConvNet,3781,385.9903259277344,439.2625427246094
ConvNet,3782,383.17236328125,411.56439208984375
ConvNet,3783,386.79718017578125,425.6310119628906
ConvNet,3784,429.35406494140625,434.8174133300781
ConvNet,3785,461.64971923828125,402.8296813964844
ConvNet,3786,416.8333740234375,389.75836181640625
ConvNet,3787,396.311767578125,386.5627136230469
ConvNet,3788,388.1089172363281,413.59149169921875
ConvNet,3789,419.74456787109375,420.67156982421875
ConvNet,3790,423.21533203125,409.71856689453125
ConvNet,3791,440.9540100097656,444.089111328125
ConvNet,3792,422.77398681640625,375.1303405761719
ConvNet,3793,438.423095703125,422.298583984375
ConvNet,3794,380.4586486816406,428.938720703125
ConvNet,3795,413.27618408203125,401.85443115234375
ConvNet,3796,459.4029541015625,356.8599853515625
ConvNet,3797,384.92449951171875,416.2967529296875
ConvNet,3798,398.10687255859375,413.1995544433594
ConvNet,3799,409.4840087890625,426.81890869140625
ConvNet,3800,387.8478698730469,418.1456298828125
ConvNet,3801,394.3836364746094,402.074462890625
ConvNet,3802,430.0915832519531,411.86419677734375
ConvNet,3803,421.43292236328125,429.596923828125
ConvNet,3804,422.62451171875,402.1468200683594
ConvNet,3805,419.6937561035156,467.2817687988281
ConvNet,3806,409.483642578125,452.09149169921875
ConvNet,3807,440.81536865234375,470.99810791015625
ConvNet,3808,396.1268005371094,432.04571533203125
ConvNet,3809,385.61431884765625,430.34259033203125
ConvNet,3810,383.7554931640625,429.0592041015625
ConvNet,3811,409.4281311035156,393.2467956542969
ConvNet,3812,407.80792236328125,408.4185791015625
ConvNet,3813,425.2216796875,418.57855224609375
ConvNet,3814,415.5656433105469,421.6333312988281
ConvNet,3815,431.82977294921875,447.682861328125
ConvNet,3816,427.4303894042969,436.35858154296875
ConvNet,3817,381.05810546875,396.3077392578125
ConvNet,3818,407.5639343261719,436.4408264160156
ConvNet,3819,406.97637939453125,387.0357666015625
ConvNet,3820,443.13079833984375,411.4909973144531
ConvNet,3821,374.366455078125,393.1690979003906
ConvNet,3822,445.7578125,428.2139892578125
ConvNet,3823,378.7084655761719,447.5171813964844
ConvNet,3824,393.443115234375,406.18402099609375
ConvNet,3825,412.42889404296875,429.32720947265625
ConvNet,3826,400.29632568359375,421.66650390625
ConvNet,3827,468.8295593261719,418.00469970703125
ConvNet,3828,396.050048828125,412.345458984375
ConvNet,3829,398.4339294433594,428.976806640625
ConvNet,3830,454.0321044921875,376.08404541015625
ConvNet,3831,380.8263244628906,394.5577697753906
ConvNet,3832,428.0999755859375,413.57476806640625
ConvNet,3833,437.15234375,403.23760986328125
ConvNet,3834,378.51806640625,382.53387451171875
ConvNet,3835,433.16595458984375,396.5142822265625
ConvNet,3836,403.31085205078125,409.0174560546875
ConvNet,3837,400.89178466796875,420.78228759765625
ConvNet,3838,387.94427490234375,443.77508544921875
ConvNet,3839,392.2965087890625,415.67755126953125
ConvNet,3840,388.7474365234375,450.08209228515625
ConvNet,3841,430.89129638671875,411.129150390625
ConvNet,3842,432.80230712890625,417.8135986328125
ConvNet,3843,399.05682373046875,436.49420166015625
ConvNet,3844,450.5323791503906,443.58843994140625
ConvNet,3845,428.4949951171875,437.12994384765625
ConvNet,3846,438.98614501953125,449.2158203125
ConvNet,3847,407.9873352050781,410.4945983886719
ConvNet,3848,410.52325439453125,453.727294921875
ConvNet,3849,433.24200439453125,433.86907958984375
ConvNet,3850,386.7757568359375,422.9969482421875
ConvNet,3851,412.1183166503906,432.91986083984375
ConvNet,3852,450.76763916015625,399.36883544921875
ConvNet,3853,416.418212890625,419.6783447265625
ConvNet,3854,405.958740234375,385.90728759765625
ConvNet,3855,396.2232360839844,401.61846923828125
ConvNet,3856,411.27679443359375,415.24847412109375
ConvNet,3857,385.87109375,408.68670654296875
ConvNet,3858,421.7031555175781,386.65679931640625
ConvNet,3859,407.1136474609375,408.9570617675781
ConvNet,3860,390.58258056640625,370.3863525390625
ConvNet,3861,421.95355224609375,373.1904296875
ConvNet,3862,417.13299560546875,377.00811767578125
ConvNet,3863,471.76971435546875,393.3541259765625
ConvNet,3864,402.123291015625,424.17840576171875
ConvNet,3865,443.53631591796875,381.24993896484375
ConvNet,3866,412.9389343261719,445.3001708984375
ConvNet,3867,400.16473388671875,385.5386657714844
ConvNet,3868,414.1978759765625,421.25042724609375
ConvNet,3869,416.07269287109375,423.0629577636719
ConvNet,3870,429.23150634765625,427.0351867675781
ConvNet,3871,390.94329833984375,408.4478759765625
ConvNet,3872,419.7298583984375,424.3341064453125
ConvNet,3873,422.4791564941406,382.2596435546875
ConvNet,3874,416.390380859375,378.43896484375
ConvNet,3875,410.24151611328125,417.6134033203125
ConvNet,3876,400.79656982421875,414.247802734375
ConvNet,3877,427.907958984375,401.62371826171875
ConvNet,3878,383.1059265136719,434.48760986328125
ConvNet,3879,410.59600830078125,424.41827392578125
ConvNet,3880,420.2386474609375,419.3436279296875
ConvNet,3881,400.58551025390625,436.3058776855469
ConvNet,3882,440.8546142578125,426.98577880859375
ConvNet,3883,410.9125061035156,376.744384765625
ConvNet,3884,423.4749755859375,418.0328369140625
ConvNet,3885,410.8482666015625,383.3087463378906
ConvNet,3886,425.971435546875,461.99493408203125
ConvNet,3887,418.05035400390625,406.9612121582031
ConvNet,3888,423.56793212890625,426.0847473144531
ConvNet,3889,398.5106201171875,393.5793762207031
ConvNet,3890,418.2056884765625,434.5718994140625
ConvNet,3891,388.4368591308594,396.1976623535156
ConvNet,3892,419.35211181640625,411.3048095703125
ConvNet,3893,400.90081787109375,409.45904541015625
ConvNet,3894,420.0845947265625,398.206787109375
ConvNet,3895,409.08807373046875,389.03790283203125
ConvNet,3896,437.9032287597656,395.2179260253906
ConvNet,3897,382.7750549316406,415.6716613769531
ConvNet,3898,397.86480712890625,457.3544616699219
ConvNet,3899,389.8149719238281,418.5487976074219
ConvNet,3900,434.2144775390625,432.42010498046875
ConvNet,3901,391.3707275390625,424.41778564453125
ConvNet,3902,405.0257568359375,352.541015625
ConvNet,3903,413.91473388671875,425.4087829589844
ConvNet,3904,392.4664306640625,385.01922607421875
ConvNet,3905,412.04022216796875,432.44610595703125
ConvNet,3906,409.85986328125,410.9188537597656
ConvNet,3907,418.875732421875,442.1708679199219
ConvNet,3908,429.5099792480469,411.41436767578125
ConvNet,3909,395.41162109375,432.146728515625
ConvNet,3910,431.5660400390625,384.9685363769531
ConvNet,3911,420.88507080078125,384.7066955566406
ConvNet,3912,431.43798828125,428.709716796875
ConvNet,3913,397.09808349609375,406.1958923339844
ConvNet,3914,401.36114501953125,450.9826965332031
ConvNet,3915,437.88836669921875,424.31378173828125
ConvNet,3916,406.0502624511719,403.4581298828125
ConvNet,3917,409.431640625,376.6600341796875
ConvNet,3918,407.0411682128906,433.3849792480469
ConvNet,3919,412.8818359375,388.477783203125
ConvNet,3920,401.3804931640625,394.79779052734375
ConvNet,3921,413.5877685546875,428.9524230957031
ConvNet,3922,399.5682373046875,426.92230224609375
ConvNet,3923,403.0048828125,398.6607971191406
ConvNet,3924,427.7584533691406,427.1520690917969
ConvNet,3925,390.14947509765625,412.53509521484375
ConvNet,3926,421.02569580078125,382.01824951171875
ConvNet,3927,431.8586730957031,420.18951416015625
ConvNet,3928,452.0912170410156,380.346435546875
ConvNet,3929,404.96044921875,468.5201110839844
ConvNet,3930,415.70184326171875,379.6766357421875
ConvNet,3931,411.31494140625,381.0232238769531
ConvNet,3932,442.77569580078125,425.19207763671875
ConvNet,3933,433.0272216796875,436.48809814453125
ConvNet,3934,433.307373046875,375.6355285644531
ConvNet,3935,436.8504638671875,409.31707763671875
ConvNet,3936,426.8345947265625,394.5247497558594
ConvNet,3937,417.1126403808594,386.1183166503906
ConvNet,3938,380.6851806640625,420.4267272949219
ConvNet,3939,441.77410888671875,425.6534423828125
ConvNet,3940,440.3194274902344,381.8865051269531
ConvNet,3941,405.40679931640625,389.13006591796875
ConvNet,3942,387.0948791503906,400.1560363769531
ConvNet,3943,388.7746887207031,378.93511962890625
ConvNet,3944,374.61053466796875,425.4446716308594
ConvNet,3945,445.27044677734375,439.6488952636719
ConvNet,3946,405.2735595703125,393.68408203125
ConvNet,3947,401.54840087890625,410.58563232421875
ConvNet,3948,467.11322021484375,395.25933837890625
ConvNet,3949,424.2540283203125,446.72491455078125
ConvNet,3950,371.815673828125,419.5500793457031
ConvNet,3951,375.08221435546875,407.94586181640625
ConvNet,3952,418.55810546875,422.7069396972656
ConvNet,3953,404.1923828125,369.2276916503906
ConvNet,3954,449.72430419921875,407.80291748046875
ConvNet,3955,389.7563171386719,424.25506591796875
ConvNet,3956,415.76824951171875,401.4228515625
ConvNet,3957,429.36663818359375,405.9175720214844
ConvNet,3958,432.1527099609375,402.7960205078125
ConvNet,3959,407.27789306640625,414.66302490234375
ConvNet,3960,410.56732177734375,416.247314453125
ConvNet,3961,404.83660888671875,406.18359375
ConvNet,3962,396.655517578125,410.2667541503906
ConvNet,3963,399.4730224609375,423.7236022949219
ConvNet,3964,426.1622314453125,412.9962158203125
ConvNet,3965,436.73345947265625,435.333740234375
ConvNet,3966,430.6497497558594,418.48797607421875
ConvNet,3967,419.89080810546875,443.908447265625
ConvNet,3968,440.45806884765625,406.708740234375
ConvNet,3969,429.0184631347656,423.2538146972656
ConvNet,3970,405.66693115234375,409.30938720703125
ConvNet,3971,398.54730224609375,452.66217041015625
ConvNet,3972,425.4267578125,417.3760070800781
ConvNet,3973,408.65985107421875,409.1126708984375
ConvNet,3974,391.18267822265625,426.7986755371094
ConvNet,3975,383.2161865234375,429.4326171875
ConvNet,3976,419.7263488769531,395.06622314453125
ConvNet,3977,441.8792419433594,380.1301574707031
ConvNet,3978,383.4259338378906,367.5609436035156
ConvNet,3979,429.943359375,425.7705078125
ConvNet,3980,418.830810546875,410.03472900390625
ConvNet,3981,427.80828857421875,439.6824035644531
ConvNet,3982,415.7796630859375,431.11529541015625
ConvNet,3983,414.795166015625,365.56268310546875
ConvNet,3984,419.9114990234375,407.69036865234375
ConvNet,3985,441.85211181640625,430.53228759765625
ConvNet,3986,450.2607421875,410.9844970703125
ConvNet,3987,414.96795654296875,431.09722900390625
ConvNet,3988,422.4127197265625,437.31475830078125
ConvNet,3989,406.0079650878906,417.66314697265625
ConvNet,3990,417.4766845703125,419.59381103515625
ConvNet,3991,359.54437255859375,453.2701721191406
ConvNet,3992,382.39996337890625,404.4105224609375
ConvNet,3993,427.5245361328125,413.9103088378906
ConvNet,3994,404.90911865234375,388.08831787109375
ConvNet,3995,435.4319152832031,399.03326416015625
ConvNet,3996,428.89886474609375,427.50439453125
ConvNet,3997,405.5326843261719,418.258544921875
ConvNet,3998,418.5577392578125,429.3216247558594
ConvNet,3999,407.6338195800781,420.03564453125
ConvNet,4000,422.1900329589844,442.52728271484375
ConvNet,4001,378.991455078125,388.4389953613281
ConvNet,4002,392.64324951171875,399.5180969238281
ConvNet,4003,463.46380615234375,435.514404296875
ConvNet,4004,426.740478515625,408.2673034667969
ConvNet,4005,394.99078369140625,403.7313537597656
ConvNet,4006,423.70245361328125,415.2926940917969
ConvNet,4007,404.67919921875,450.454345703125
ConvNet,4008,408.46221923828125,418.109130859375
ConvNet,4009,386.28125,403.07421875
ConvNet,4010,406.9494934082031,404.64990234375
ConvNet,4011,428.5754089355469,367.58831787109375
ConvNet,4012,393.69696044921875,382.627197265625
ConvNet,4013,376.5220947265625,409.7223815917969
ConvNet,4014,412.6043701171875,459.3960876464844
ConvNet,4015,434.7252197265625,402.5878601074219
ConvNet,4016,437.734619140625,453.697998046875
ConvNet,4017,416.87127685546875,389.70672607421875
ConvNet,4018,417.44720458984375,394.79937744140625
ConvNet,4019,418.6048583984375,384.7003173828125
ConvNet,4020,426.0525817871094,436.2323913574219
ConvNet,4021,400.73529052734375,401.2227478027344
ConvNet,4022,403.79608154296875,435.52142333984375
ConvNet,4023,387.68109130859375,399.1952819824219
ConvNet,4024,394.48651123046875,409.2166748046875
ConvNet,4025,425.740478515625,412.71978759765625
ConvNet,4026,396.86602783203125,405.2575988769531
ConvNet,4027,358.42559814453125,409.72705078125
ConvNet,4028,425.66180419921875,392.95074462890625
ConvNet,4029,449.40838623046875,444.7943115234375
ConvNet,4030,432.82196044921875,427.7039794921875
ConvNet,4031,440.56500244140625,440.47100830078125
ConvNet,4032,430.3426513671875,452.83111572265625
ConvNet,4033,388.943115234375,417.5574951171875
ConvNet,4034,399.62969970703125,435.3727722167969
ConvNet,4035,361.6874084472656,436.97943115234375
ConvNet,4036,403.7672119140625,434.404541015625
ConvNet,4037,412.6844482421875,391.320556640625
ConvNet,4038,430.0537414550781,420.9354248046875
ConvNet,4039,415.287109375,488.6561584472656
ConvNet,4040,392.6441650390625,404.7548828125
ConvNet,4041,390.0316467285156,400.8551025390625
ConvNet,4042,427.9949951171875,411.14068603515625
ConvNet,4043,421.47418212890625,406.89501953125
ConvNet,4044,448.6103820800781,377.5286865234375
ConvNet,4045,397.341796875,381.05810546875
ConvNet,4046,385.246826171875,402.932373046875
ConvNet,4047,388.3751220703125,406.0962219238281
ConvNet,4048,415.34381103515625,396.4373474121094
ConvNet,4049,394.1391906738281,407.19586181640625
ConvNet,4050,404.4410095214844,420.08831787109375
ConvNet,4051,406.5854187011719,381.8830871582031
ConvNet,4052,451.689697265625,427.97686767578125
ConvNet,4053,442.91961669921875,431.059814453125
ConvNet,4054,395.024169921875,421.4007568359375
ConvNet,4055,399.237548828125,389.79864501953125
ConvNet,4056,428.41571044921875,403.038818359375
ConvNet,4057,430.8871765136719,394.7314453125
ConvNet,4058,425.6268005371094,416.3146667480469
ConvNet,4059,404.79412841796875,395.24810791015625
ConvNet,4060,397.0958251953125,429.1976318359375
ConvNet,4061,415.4596252441406,427.616455078125
ConvNet,4062,391.1261291503906,428.4959716796875
ConvNet,4063,443.7962951660156,388.64044189453125
ConvNet,4064,407.6087341308594,417.3555908203125
ConvNet,4065,403.8375244140625,453.1868896484375
ConvNet,4066,441.3774719238281,439.55487060546875
ConvNet,4067,394.00927734375,419.83563232421875
ConvNet,4068,393.25146484375,409.64447021484375
ConvNet,4069,411.40411376953125,399.79547119140625
ConvNet,4070,384.71722412109375,390.0733337402344
ConvNet,4071,422.6080322265625,459.9909973144531
ConvNet,4072,393.37396240234375,402.0515441894531
ConvNet,4073,386.2917785644531,401.95184326171875
ConvNet,4074,414.9960021972656,391.38623046875
ConvNet,4075,405.141357421875,368.74127197265625
ConvNet,4076,396.3915100097656,424.4330749511719
ConvNet,4077,446.4354248046875,434.1607360839844
ConvNet,4078,421.3180236816406,394.31622314453125
ConvNet,4079,392.1814270019531,418.840087890625
ConvNet,4080,393.50115966796875,405.089111328125
ConvNet,4081,423.73907470703125,421.346435546875
ConvNet,4082,414.5464172363281,402.9076232910156
ConvNet,4083,418.2833251953125,410.53802490234375
ConvNet,4084,435.17620849609375,392.37738037109375
ConvNet,4085,445.85577392578125,409.10589599609375
ConvNet,4086,418.1422119140625,403.50457763671875
ConvNet,4087,405.06024169921875,416.7532043457031
ConvNet,4088,399.15106201171875,405.1734619140625
ConvNet,4089,424.15679931640625,412.38580322265625
ConvNet,4090,439.30316162109375,386.7537536621094
ConvNet,4091,396.13519287109375,415.69903564453125
ConvNet,4092,394.17144775390625,410.6296691894531
ConvNet,4093,394.57708740234375,413.89300537109375
ConvNet,4094,408.99920654296875,413.4803161621094
ConvNet,4095,471.1674499511719,417.61785888671875
ConvNet,4096,447.05218505859375,374.69091796875
ConvNet,4097,397.3759765625,390.531494140625
ConvNet,4098,411.3870544433594,388.68365478515625
ConvNet,4099,378.50347900390625,424.90863037109375
ConvNet,4100,410.949951171875,375.76507568359375
ConvNet,4101,441.27569580078125,398.94671630859375
ConvNet,4102,471.79443359375,429.1986083984375
ConvNet,4103,426.76776123046875,390.77081298828125
ConvNet,4104,425.5318908691406,412.988525390625
ConvNet,4105,417.5670166015625,392.4427490234375
ConvNet,4106,411.4693908691406,435.9276428222656
ConvNet,4107,422.2564697265625,414.3065490722656
ConvNet,4108,430.087646484375,452.5665283203125
ConvNet,4109,438.408935546875,437.0089416503906
ConvNet,4110,419.47503662109375,407.25787353515625
ConvNet,4111,425.44842529296875,450.0025329589844
ConvNet,4112,418.2965087890625,458.30621337890625
ConvNet,4113,443.87017822265625,414.35040283203125
ConvNet,4114,447.5661926269531,423.13909912109375
ConvNet,4115,427.75958251953125,389.48773193359375
ConvNet,4116,440.12255859375,415.75958251953125
ConvNet,4117,415.6591796875,429.37664794921875
ConvNet,4118,428.0567932128906,454.5151062011719
ConvNet,4119,449.4423522949219,386.78314208984375
ConvNet,4120,427.65338134765625,423.91400146484375
ConvNet,4121,402.73431396484375,382.0262756347656
ConvNet,4122,448.6924133300781,412.95257568359375
ConvNet,4123,423.587158203125,412.64385986328125
ConvNet,4124,424.94415283203125,400.6346740722656
ConvNet,4125,475.17333984375,419.19879150390625
ConvNet,4126,456.7467956542969,433.51837158203125
ConvNet,4127,400.873046875,413.2457580566406
ConvNet,4128,416.9013671875,399.3321533203125
ConvNet,4129,440.950439453125,404.1456298828125
ConvNet,4130,418.7001953125,437.0447998046875
ConvNet,4131,385.60211181640625,390.96539306640625
ConvNet,4132,442.2976989746094,433.0331726074219
ConvNet,4133,417.0074462890625,449.9364929199219
ConvNet,4134,369.3782043457031,397.55511474609375
ConvNet,4135,388.6343688964844,389.6339111328125
ConvNet,4136,426.20794677734375,388.6097412109375
ConvNet,4137,429.09539794921875,402.778564453125
ConvNet,4138,392.9287414550781,413.3331298828125
ConvNet,4139,431.01617431640625,447.4654541015625
ConvNet,4140,419.6068115234375,392.92919921875
ConvNet,4141,430.98614501953125,381.3951721191406
ConvNet,4142,396.4190673828125,386.4167785644531
ConvNet,4143,399.468994140625,387.88134765625
ConvNet,4144,398.9683532714844,426.263427734375
ConvNet,4145,406.5352783203125,403.1119689941406
ConvNet,4146,425.5705871582031,432.5675048828125
ConvNet,4147,405.49871826171875,379.775390625
ConvNet,4148,420.8470764160156,409.55377197265625
ConvNet,4149,487.0340576171875,398.63372802734375
ConvNet,4150,429.67608642578125,396.09991455078125
ConvNet,4151,427.8758544921875,387.6163330078125
ConvNet,4152,387.1962585449219,419.59039306640625
ConvNet,4153,402.75665283203125,443.6814880371094
ConvNet,4154,396.00994873046875,424.5428771972656
ConvNet,4155,427.4712829589844,370.0025329589844
ConvNet,4156,383.4199523925781,428.37176513671875
ConvNet,4157,418.5219421386719,438.00775146484375
ConvNet,4158,392.12200927734375,432.08221435546875
ConvNet,4159,415.89617919921875,393.7379150390625
ConvNet,4160,440.80889892578125,377.28228759765625
ConvNet,4161,374.03753662109375,388.14630126953125
ConvNet,4162,386.811767578125,403.84271240234375
ConvNet,4163,389.9879150390625,428.32122802734375
ConvNet,4164,416.06756591796875,444.5727233886719
ConvNet,4165,413.39984130859375,469.90838623046875
ConvNet,4166,407.34637451171875,410.99749755859375
ConvNet,4167,414.83038330078125,413.6258544921875
ConvNet,4168,394.5902099609375,433.796630859375
ConvNet,4169,403.7212219238281,419.01129150390625
ConvNet,4170,423.3550720214844,378.3040771484375
ConvNet,4171,415.6840515136719,378.18511962890625
ConvNet,4172,393.060302734375,394.60394287109375
ConvNet,4173,436.13238525390625,426.52557373046875
ConvNet,4174,420.1937561035156,407.55987548828125
ConvNet,4175,402.8619384765625,420.9051513671875
ConvNet,4176,454.334228515625,423.50323486328125
ConvNet,4177,368.62091064453125,404.73797607421875
ConvNet,4178,415.3983459472656,420.46881103515625
ConvNet,4179,401.9771728515625,405.5833435058594
ConvNet,4180,440.8829345703125,400.5810241699219
ConvNet,4181,343.9408264160156,417.5908508300781
ConvNet,4182,411.90606689453125,408.22412109375
ConvNet,4183,395.8333435058594,426.9128112792969
ConvNet,4184,401.12176513671875,429.41729736328125
ConvNet,4185,388.9676208496094,417.7957458496094
ConvNet,4186,429.44598388671875,414.27679443359375
ConvNet,4187,384.7086181640625,425.01641845703125
ConvNet,4188,417.8744812011719,418.07427978515625
ConvNet,4189,405.9500732421875,408.0304870605469
ConvNet,4190,412.07958984375,402.66583251953125
ConvNet,4191,399.13623046875,422.4177551269531
ConvNet,4192,427.7262878417969,452.73504638671875
ConvNet,4193,415.8872375488281,384.0401916503906
ConvNet,4194,438.5450439453125,411.85198974609375
ConvNet,4195,400.23822021484375,386.53240966796875
ConvNet,4196,418.45697021484375,390.6817626953125
ConvNet,4197,379.20001220703125,382.2920227050781
ConvNet,4198,412.54571533203125,411.0075988769531
ConvNet,4199,451.2225341796875,419.73284912109375
ConvNet,4200,407.9781494140625,429.303466796875
ConvNet,4201,427.45648193359375,439.77130126953125
ConvNet,4202,411.17071533203125,421.1629333496094
ConvNet,4203,402.33441162109375,399.2881164550781
ConvNet,4204,411.73052978515625,412.009765625
ConvNet,4205,391.9427795410156,416.02349853515625
ConvNet,4206,439.32049560546875,419.80718994140625
ConvNet,4207,421.04486083984375,428.0613708496094
ConvNet,4208,407.23138427734375,373.09515380859375
ConvNet,4209,385.2887878417969,416.89312744140625
ConvNet,4210,381.42547607421875,435.7171630859375
ConvNet,4211,403.58123779296875,433.5194091796875
ConvNet,4212,420.14068603515625,413.00628662109375
ConvNet,4213,403.3048095703125,425.7580871582031
ConvNet,4214,403.73590087890625,394.751220703125
ConvNet,4215,379.7528076171875,392.168212890625
ConvNet,4216,406.25830078125,406.4669189453125
ConvNet,4217,429.805419921875,392.072265625
ConvNet,4218,399.93780517578125,399.59710693359375
ConvNet,4219,403.5775146484375,395.6221923828125
ConvNet,4220,406.39178466796875,443.59124755859375
ConvNet,4221,438.65777587890625,460.673828125
ConvNet,4222,412.99395751953125,405.80889892578125
ConvNet,4223,391.3564453125,410.45635986328125
ConvNet,4224,407.09588623046875,398.526611328125
ConvNet,4225,409.5927734375,413.2533264160156
ConvNet,4226,455.3950500488281,442.99005126953125
ConvNet,4227,404.51617431640625,419.53118896484375
ConvNet,4228,430.6185607910156,418.55072021484375
ConvNet,4229,421.6678466796875,414.2945556640625
ConvNet,4230,404.23883056640625,419.8184814453125
ConvNet,4231,397.11376953125,394.284912109375
ConvNet,4232,419.15667724609375,430.4243469238281
ConvNet,4233,401.99951171875,430.7115783691406
ConvNet,4234,424.5357971191406,462.0216064453125
ConvNet,4235,402.22930908203125,394.2359313964844
ConvNet,4236,415.27752685546875,410.5499267578125
ConvNet,4237,432.14459228515625,376.0206298828125
ConvNet,4238,444.6774597167969,420.97515869140625
ConvNet,4239,412.71405029296875,413.97760009765625
ConvNet,4240,431.54437255859375,399.0934753417969
ConvNet,4241,415.38507080078125,437.45965576171875
ConvNet,4242,399.3462219238281,422.3280944824219
ConvNet,4243,429.3314514160156,427.84442138671875
ConvNet,4244,420.4044189453125,429.9300537109375
ConvNet,4245,419.46075439453125,401.03997802734375
ConvNet,4246,444.1065673828125,420.7386474609375
ConvNet,4247,442.8756408691406,428.35186767578125
ConvNet,4248,407.70660400390625,404.4445495605469
ConvNet,4249,423.2628173828125,434.9457702636719
ConvNet,4250,388.1872253417969,428.94671630859375
ConvNet,4251,458.09637451171875,413.0020446777344
ConvNet,4252,418.3439025878906,404.6463317871094
ConvNet,4253,415.17498779296875,400.016845703125
ConvNet,4254,408.9283447265625,431.34027099609375
ConvNet,4255,397.0615234375,449.7406005859375
ConvNet,4256,408.9822692871094,395.77593994140625
ConvNet,4257,431.5741271972656,421.3499450683594
ConvNet,4258,430.72552490234375,406.255615234375
ConvNet,4259,400.16986083984375,426.4493408203125
ConvNet,4260,451.0335998535156,388.3887023925781
ConvNet,4261,462.20892333984375,391.22821044921875
ConvNet,4262,405.66455078125,403.4652099609375
ConvNet,4263,405.89556884765625,380.25982666015625
ConvNet,4264,400.53106689453125,392.47412109375
ConvNet,4265,409.73785400390625,420.5353698730469
ConvNet,4266,413.35552978515625,425.2650451660156
ConvNet,4267,410.6296081542969,400.22442626953125
ConvNet,4268,447.24700927734375,402.9726867675781
ConvNet,4269,422.3052062988281,424.3785095214844
ConvNet,4270,440.82623291015625,377.82293701171875
ConvNet,4271,382.6325378417969,361.35211181640625
ConvNet,4272,377.38275146484375,415.60968017578125
ConvNet,4273,466.0909423828125,430.08929443359375
ConvNet,4274,394.4991760253906,409.17474365234375
ConvNet,4275,422.3937683105469,417.7341003417969
ConvNet,4276,411.5476379394531,410.47637939453125
ConvNet,4277,417.29803466796875,440.6257629394531
ConvNet,4278,415.5067138671875,403.95928955078125
ConvNet,4279,418.3653869628906,381.8055725097656
ConvNet,4280,397.85797119140625,431.74420166015625
ConvNet,4281,383.4870300292969,383.7290954589844
ConvNet,4282,405.492919921875,391.29217529296875
ConvNet,4283,384.5455322265625,423.1609802246094
ConvNet,4284,431.6549377441406,390.00921630859375
ConvNet,4285,401.88360595703125,439.151123046875
ConvNet,4286,427.4804992675781,494.75103759765625
ConvNet,4287,407.32989501953125,404.6111145019531
ConvNet,4288,391.5859375,459.4407653808594
ConvNet,4289,396.59442138671875,437.211669921875
ConvNet,4290,397.47503662109375,414.29669189453125
ConvNet,4291,400.108154296875,409.195068359375
ConvNet,4292,402.0566711425781,386.7242431640625
ConvNet,4293,367.0841064453125,365.57440185546875
ConvNet,4294,428.2732238769531,432.22601318359375
ConvNet,4295,411.7355651855469,403.2213134765625
ConvNet,4296,435.8818359375,418.09417724609375
ConvNet,4297,407.4437255859375,392.83428955078125
ConvNet,4298,421.1591491699219,443.57928466796875
ConvNet,4299,438.7192687988281,460.0348205566406
ConvNet,4300,440.0067138671875,393.6284484863281
ConvNet,4301,425.806640625,404.813232421875
ConvNet,4302,420.6402587890625,407.03997802734375
ConvNet,4303,420.2465515136719,411.5657958984375
ConvNet,4304,436.41748046875,399.57867431640625
ConvNet,4305,372.43048095703125,415.51812744140625
ConvNet,4306,376.2497863769531,400.58551025390625
ConvNet,4307,428.5294494628906,399.8385009765625
ConvNet,4308,402.35968017578125,394.28839111328125
ConvNet,4309,396.205078125,407.6217346191406
ConvNet,4310,391.82196044921875,399.4248962402344
ConvNet,4311,395.09375,430.38568115234375
ConvNet,4312,429.420654296875,402.35675048828125
ConvNet,4313,449.41192626953125,423.8701171875
ConvNet,4314,445.80859375,453.7567443847656
ConvNet,4315,397.96478271484375,386.6773681640625
ConvNet,4316,372.70703125,405.6351318359375
ConvNet,4317,424.765869140625,424.7143249511719
ConvNet,4318,415.629150390625,441.3402404785156
ConvNet,4319,424.5120544433594,402.28759765625
ConvNet,4320,377.09637451171875,431.48114013671875
ConvNet,4321,440.4486083984375,398.3525390625
ConvNet,4322,419.1005859375,414.26849365234375
ConvNet,4323,375.9968566894531,426.0455322265625
ConvNet,4324,419.3037414550781,452.0407409667969
ConvNet,4325,406.3603210449219,400.98992919921875
ConvNet,4326,411.2394104003906,393.2264404296875
ConvNet,4327,433.87713623046875,417.0135192871094
ConvNet,4328,387.12054443359375,432.38531494140625
ConvNet,4329,394.18560791015625,403.541259765625
ConvNet,4330,373.06024169921875,429.89404296875
ConvNet,4331,437.50439453125,409.99786376953125
ConvNet,4332,408.463134765625,425.34375
ConvNet,4333,380.29937744140625,443.53521728515625
ConvNet,4334,368.6159362792969,441.43994140625
ConvNet,4335,422.48974609375,413.2483215332031
ConvNet,4336,437.29583740234375,426.85723876953125
ConvNet,4337,364.5693359375,447.9469299316406
ConvNet,4338,413.0029296875,441.05584716796875
ConvNet,4339,397.145751953125,398.8769836425781
ConvNet,4340,362.0042724609375,350.97222900390625
ConvNet,4341,426.6380920410156,423.4983825683594
ConvNet,4342,418.58343505859375,455.031005859375
ConvNet,4343,417.3200988769531,395.47100830078125
ConvNet,4344,393.44732666015625,440.5818176269531
ConvNet,4345,370.2393493652344,411.0992126464844
ConvNet,4346,410.7706604003906,449.412841796875
ConvNet,4347,412.4495849609375,457.2872009277344
ConvNet,4348,432.6192932128906,388.7857666015625
ConvNet,4349,396.5380554199219,384.4992370605469
ConvNet,4350,407.3647766113281,432.10870361328125
ConvNet,4351,396.06439208984375,412.90252685546875
ConvNet,4352,424.406005859375,416.75921630859375
ConvNet,4353,374.6963806152344,377.3068542480469
ConvNet,4354,389.1951904296875,404.4927062988281
ConvNet,4355,443.64495849609375,399.73883056640625
ConvNet,4356,397.6582946777344,421.21539306640625
ConvNet,4357,426.03741455078125,423.85760498046875
ConvNet,4358,418.79559326171875,403.60650634765625
ConvNet,4359,406.38067626953125,413.9138488769531
ConvNet,4360,391.55133056640625,404.94696044921875
ConvNet,4361,405.992919921875,427.4770202636719
ConvNet,4362,421.42352294921875,439.8152160644531
ConvNet,4363,408.16778564453125,423.3677978515625
ConvNet,4364,446.493896484375,398.5100402832031
ConvNet,4365,409.81005859375,387.883056640625
ConvNet,4366,374.4312438964844,432.2754821777344
ConvNet,4367,392.2476806640625,422.8115234375
ConvNet,4368,406.3471984863281,390.117431640625
ConvNet,4369,394.3721008300781,404.74920654296875
ConvNet,4370,375.0184326171875,384.89593505859375
ConvNet,4371,410.8492431640625,414.2889404296875
ConvNet,4372,456.6492004394531,364.4630126953125
ConvNet,4373,407.84674072265625,428.7611389160156
ConvNet,4374,411.9312744140625,398.11566162109375
ConvNet,4375,404.6791687011719,426.13507080078125
ConvNet,4376,409.521728515625,407.26043701171875
ConvNet,4377,411.84625244140625,425.0165100097656
ConvNet,4378,419.18878173828125,396.2193603515625
ConvNet,4379,375.13275146484375,417.11328125
ConvNet,4380,388.7852783203125,400.8909912109375
ConvNet,4381,405.40576171875,466.52093505859375
ConvNet,4382,426.8323974609375,435.3499450683594
ConvNet,4383,416.0714111328125,393.0144958496094
ConvNet,4384,446.67498779296875,436.63836669921875
ConvNet,4385,443.22406005859375,412.7513122558594
ConvNet,4386,416.0592041015625,405.91796875
ConvNet,4387,408.39434814453125,394.94635009765625
ConvNet,4388,452.4067687988281,413.59429931640625
ConvNet,4389,395.544189453125,381.892578125
ConvNet,4390,392.48529052734375,405.841552734375
ConvNet,4391,399.40570068359375,387.17279052734375
ConvNet,4392,432.58782958984375,404.77947998046875
ConvNet,4393,420.19464111328125,407.8092346191406
ConvNet,4394,439.639404296875,412.97918701171875
ConvNet,4395,419.7776794433594,431.42510986328125
ConvNet,4396,401.08624267578125,401.1171875
ConvNet,4397,395.62152099609375,409.08050537109375
ConvNet,4398,407.6116943359375,419.4809875488281
ConvNet,4399,441.0407409667969,411.72320556640625
ConvNet,4400,412.4820556640625,394.49615478515625
ConvNet,4401,432.49700927734375,447.81292724609375
ConvNet,4402,421.9901123046875,391.2738952636719
ConvNet,4403,406.8529968261719,415.8721008300781
ConvNet,4404,404.60894775390625,419.59405517578125
ConvNet,4405,434.067626953125,373.1013488769531
ConvNet,4406,417.2502136230469,409.3382568359375
ConvNet,4407,410.4317321777344,385.1163024902344
ConvNet,4408,395.48577880859375,417.8377380371094
ConvNet,4409,420.2003479003906,392.83697509765625
ConvNet,4410,397.67742919921875,421.93182373046875
ConvNet,4411,399.77166748046875,407.6331787109375
ConvNet,4412,396.32928466796875,407.9870300292969
ConvNet,4413,410.87249755859375,372.3566589355469
ConvNet,4414,447.9812927246094,411.75677490234375
ConvNet,4415,421.80047607421875,405.9792785644531
ConvNet,4416,394.8970947265625,411.9188232421875
ConvNet,4417,427.28179931640625,404.936767578125
ConvNet,4418,436.3309326171875,413.0301208496094
ConvNet,4419,451.60699462890625,425.6086120605469
ConvNet,4420,386.3505859375,403.8255310058594
ConvNet,4421,427.50299072265625,441.3159484863281
ConvNet,4422,411.4195556640625,417.61810302734375
ConvNet,4423,413.0514831542969,440.41668701171875
ConvNet,4424,483.46917724609375,399.0789794921875
ConvNet,4425,378.2176513671875,451.43670654296875
ConvNet,4426,391.0970153808594,410.58416748046875
ConvNet,4427,424.6583557128906,447.68170166015625
ConvNet,4428,449.99078369140625,400.6664123535156
ConvNet,4429,409.7758483886719,401.0788269042969
ConvNet,4430,419.0951232910156,392.8714599609375
ConvNet,4431,389.00726318359375,428.15740966796875
ConvNet,4432,411.4432373046875,389.9839172363281
ConvNet,4433,425.3807373046875,433.17510986328125
ConvNet,4434,432.0694885253906,408.3582763671875
ConvNet,4435,398.0689392089844,375.45123291015625
ConvNet,4436,416.8684997558594,396.36297607421875
ConvNet,4437,418.1097717285156,389.04901123046875
ConvNet,4438,427.4790954589844,439.68316650390625
ConvNet,4439,400.38104248046875,412.5858459472656
ConvNet,4440,452.0035095214844,441.44281005859375
ConvNet,4441,426.26409912109375,372.46881103515625
ConvNet,4442,434.53179931640625,435.637451171875
ConvNet,4443,414.895751953125,407.396484375
ConvNet,4444,420.8666076660156,400.7283630371094
ConvNet,4445,384.43511962890625,416.3606872558594
ConvNet,4446,425.7333984375,406.0625
ConvNet,4447,421.70843505859375,428.23565673828125
ConvNet,4448,405.26153564453125,452.7373046875
ConvNet,4449,387.90032958984375,387.3897705078125
ConvNet,4450,404.8284912109375,398.52947998046875
ConvNet,4451,378.3873291015625,399.6939697265625
ConvNet,4452,420.09893798828125,401.6630859375
ConvNet,4453,384.40179443359375,447.618408203125
ConvNet,4454,397.8075256347656,414.294677734375
ConvNet,4455,430.3680419921875,411.18560791015625
ConvNet,4456,399.57843017578125,402.7935485839844
ConvNet,4457,366.21282958984375,439.044677734375
ConvNet,4458,438.61444091796875,397.61077880859375
ConvNet,4459,409.1515808105469,426.06097412109375
ConvNet,4460,408.178955078125,384.9756164550781
ConvNet,4461,410.1815185546875,399.60772705078125
ConvNet,4462,386.525146484375,427.3912353515625
ConvNet,4463,442.1873474121094,368.7894592285156
ConvNet,4464,411.3272705078125,395.6235656738281
ConvNet,4465,474.1151428222656,395.320556640625
ConvNet,4466,404.1582336425781,438.4989013671875
ConvNet,4467,395.6085510253906,401.1408386230469
ConvNet,4468,394.2930908203125,434.1255798339844
ConvNet,4469,416.77197265625,418.8594055175781
ConvNet,4470,401.3631286621094,447.732666015625
ConvNet,4471,407.1076965332031,409.6903381347656
ConvNet,4472,412.01458740234375,385.66375732421875
ConvNet,4473,395.75006103515625,412.99530029296875
ConvNet,4474,400.2579650878906,386.44122314453125
ConvNet,4475,430.85296630859375,385.6620178222656
ConvNet,4476,451.95703125,410.9266357421875
ConvNet,4477,399.608642578125,405.3026428222656
ConvNet,4478,368.75213623046875,410.83331298828125
ConvNet,4479,458.9781188964844,400.24945068359375
ConvNet,4480,378.98309326171875,411.3666687011719
ConvNet,4481,409.26202392578125,407.1153869628906
ConvNet,4482,422.41192626953125,442.588623046875
ConvNet,4483,432.9222412109375,386.6164855957031
ConvNet,4484,383.1848449707031,414.85357666015625
ConvNet,4485,399.61627197265625,425.1600341796875
ConvNet,4486,466.35797119140625,482.5081787109375
ConvNet,4487,387.205322265625,359.03167724609375
ConvNet,4488,413.1522216796875,383.3004455566406
ConvNet,4489,404.86212158203125,419.4214172363281
ConvNet,4490,376.092041015625,409.3092346191406
ConvNet,4491,448.5782470703125,416.89007568359375
ConvNet,4492,438.60968017578125,445.0467529296875
ConvNet,4493,418.2879638671875,410.6202392578125
ConvNet,4494,424.155517578125,432.64166259765625
ConvNet,4495,417.1969909667969,441.64947509765625
ConvNet,4496,440.933837890625,352.4250793457031
ConvNet,4497,488.229736328125,378.94866943359375
ConvNet,4498,419.68853759765625,435.0487365722656
ConvNet,4499,468.3770446777344,437.21826171875
ConvNet,4500,415.35888671875,387.6353759765625
ConvNet,4501,421.42010498046875,406.9839782714844
ConvNet,4502,387.800537109375,366.7577209472656
ConvNet,4503,452.8323974609375,431.16241455078125
ConvNet,4504,377.6559753417969,422.84765625
ConvNet,4505,394.37225341796875,409.0191345214844
ConvNet,4506,476.9933776855469,397.61297607421875
ConvNet,4507,427.29736328125,432.01373291015625
ConvNet,4508,409.8274841308594,449.66302490234375
ConvNet,4509,390.7110595703125,382.5406494140625
ConvNet,4510,441.132080078125,417.58392333984375
ConvNet,4511,416.9001770019531,399.7755126953125
ConvNet,4512,431.6366882324219,380.2160949707031
ConvNet,4513,416.030517578125,427.02215576171875
ConvNet,4514,426.6082763671875,435.0400695800781
ConvNet,4515,397.4513854980469,374.2435302734375
ConvNet,4516,414.454833984375,400.4339599609375
ConvNet,4517,394.95458984375,471.6812744140625
ConvNet,4518,438.90716552734375,394.61968994140625
ConvNet,4519,411.3353271484375,398.40826416015625
ConvNet,4520,405.75836181640625,392.80908203125
ConvNet,4521,401.92877197265625,421.6497802734375
ConvNet,4522,406.8023681640625,411.42706298828125
ConvNet,4523,394.2989501953125,385.7148132324219
ConvNet,4524,436.28076171875,394.8038330078125
ConvNet,4525,440.871337890625,415.1663513183594
ConvNet,4526,502.8298034667969,406.4403076171875
ConvNet,4527,438.5176086425781,393.66583251953125
ConvNet,4528,418.0081787109375,424.7900695800781
ConvNet,4529,398.9867858886719,453.4447326660156
ConvNet,4530,407.5493469238281,440.68609619140625
ConvNet,4531,398.5736389160156,410.8782958984375
ConvNet,4532,432.6250915527344,441.58306884765625
ConvNet,4533,382.43817138671875,484.9450378417969
ConvNet,4534,428.2269287109375,422.7442626953125
ConvNet,4535,435.6669921875,416.72100830078125
ConvNet,4536,480.49066162109375,377.43133544921875
ConvNet,4537,411.13818359375,412.0318603515625
ConvNet,4538,390.841064453125,407.97894287109375
ConvNet,4539,409.91888427734375,376.4512023925781
ConvNet,4540,481.4195861816406,405.4207763671875
ConvNet,4541,414.429443359375,399.09368896484375
ConvNet,4542,440.9806823730469,401.83416748046875
ConvNet,4543,362.06573486328125,399.54351806640625
ConvNet,4544,394.722412109375,414.9324035644531
ConvNet,4545,429.98809814453125,460.5638427734375
ConvNet,4546,407.9381408691406,373.20361328125
ConvNet,4547,405.3514099121094,388.3941955566406
ConvNet,4548,439.88128662109375,416.44586181640625
ConvNet,4549,398.9344482421875,414.9043273925781
ConvNet,4550,398.63677978515625,383.29931640625
ConvNet,4551,422.988037109375,393.6411437988281
ConvNet,4552,396.75958251953125,443.00286865234375
ConvNet,4553,440.21282958984375,429.4686279296875
ConvNet,4554,389.2891845703125,434.30718994140625
ConvNet,4555,385.08416748046875,415.7068786621094
ConvNet,4556,372.5122375488281,443.7544250488281
ConvNet,4557,417.5547790527344,400.42047119140625
ConvNet,4558,429.2413330078125,404.55291748046875
ConvNet,4559,375.78326416015625,397.8966979980469
ConvNet,4560,416.5521240234375,447.449462890625
ConvNet,4561,420.79345703125,446.84625244140625
ConvNet,4562,411.3309326171875,471.1744384765625
ConvNet,4563,421.001708984375,399.13726806640625
ConvNet,4564,387.62396240234375,419.8066711425781
ConvNet,4565,444.3620300292969,444.05181884765625
ConvNet,4566,389.14349365234375,422.33502197265625
ConvNet,4567,412.62774658203125,445.2722473144531
ConvNet,4568,412.50152587890625,432.3048095703125
ConvNet,4569,386.1694030761719,430.906005859375
ConvNet,4570,418.84521484375,444.76983642578125
ConvNet,4571,419.6817626953125,417.61016845703125
ConvNet,4572,401.98150634765625,414.7389831542969
ConvNet,4573,400.90911865234375,405.1201171875
ConvNet,4574,395.4587097167969,423.54443359375
ConvNet,4575,410.31207275390625,421.85198974609375
ConvNet,4576,464.003662109375,407.93646240234375
ConvNet,4577,385.03521728515625,399.5728759765625
ConvNet,4578,406.2752685546875,390.945556640625
ConvNet,4579,405.90283203125,420.29437255859375
ConvNet,4580,391.5481262207031,411.1441650390625
ConvNet,4581,418.7132568359375,433.82147216796875
ConvNet,4582,438.85028076171875,384.8773193359375
ConvNet,4583,413.09320068359375,396.61004638671875
ConvNet,4584,412.5879821777344,419.7148132324219
ConvNet,4585,423.4388427734375,408.5763244628906
ConvNet,4586,406.25274658203125,413.3247985839844
ConvNet,4587,455.52081298828125,422.5433349609375
ConvNet,4588,426.96612548828125,405.130126953125
ConvNet,4589,422.1922607421875,410.07196044921875
ConvNet,4590,413.2574462890625,436.9100341796875
ConvNet,4591,393.5169372558594,428.28912353515625
ConvNet,4592,420.88922119140625,409.512939453125
ConvNet,4593,407.25982666015625,406.3878173828125
ConvNet,4594,418.6971130371094,384.4446105957031
ConvNet,4595,423.87933349609375,380.6087341308594
ConvNet,4596,416.26007080078125,427.1881408691406
ConvNet,4597,395.32659912109375,398.9857177734375
ConvNet,4598,427.20672607421875,390.10821533203125
ConvNet,4599,414.0461730957031,441.2944030761719
ConvNet,4600,404.7667236328125,389.2685546875
ConvNet,4601,388.37445068359375,387.0749816894531
ConvNet,4602,407.89593505859375,439.5962829589844
ConvNet,4603,416.7227783203125,446.42486572265625
ConvNet,4604,380.2069091796875,398.02288818359375
ConvNet,4605,413.0111389160156,453.2406005859375
ConvNet,4606,370.1343688964844,402.1614990234375
ConvNet,4607,412.4434814453125,429.4307861328125
ConvNet,4608,402.1721496582031,415.1509094238281
ConvNet,4609,413.35064697265625,417.45440673828125
ConvNet,4610,417.93426513671875,388.0780944824219
ConvNet,4611,424.26251220703125,413.66888427734375
ConvNet,4612,432.2895812988281,434.7442626953125
ConvNet,4613,435.9319763183594,381.5155029296875
ConvNet,4614,387.4085998535156,383.4879455566406
ConvNet,4615,430.2496032714844,432.9660949707031
ConvNet,4616,397.55322265625,410.29534912109375
ConvNet,4617,373.7935791015625,406.5966796875
ConvNet,4618,394.4593811035156,417.9966125488281
ConvNet,4619,440.1493225097656,396.72308349609375
ConvNet,4620,363.30181884765625,405.70098876953125
ConvNet,4621,424.1387023925781,418.6990661621094
ConvNet,4622,420.638916015625,419.69769287109375
ConvNet,4623,435.2064208984375,386.06036376953125
ConvNet,4624,438.3725891113281,444.7429504394531
ConvNet,4625,385.30224609375,395.66790771484375
ConvNet,4626,440.58868408203125,447.7916259765625
ConvNet,4627,425.5066833496094,400.7774658203125
ConvNet,4628,444.082275390625,425.83203125
ConvNet,4629,378.8276672363281,416.58685302734375
ConvNet,4630,455.4256286621094,405.331787109375
ConvNet,4631,427.4019775390625,425.5213623046875
ConvNet,4632,399.563720703125,418.70831298828125
ConvNet,4633,386.5610656738281,427.99615478515625
ConvNet,4634,424.2154541015625,427.8834228515625
ConvNet,4635,394.32818603515625,427.3705749511719
ConvNet,4636,399.60272216796875,360.67999267578125
ConvNet,4637,380.05657958984375,411.8885498046875
ConvNet,4638,413.7510070800781,420.7725830078125
ConvNet,4639,410.24920654296875,391.93975830078125
ConvNet,4640,421.0368957519531,444.19580078125
ConvNet,4641,383.3050537109375,375.2298278808594
ConvNet,4642,392.19537353515625,390.656494140625
ConvNet,4643,378.50579833984375,427.57440185546875
ConvNet,4644,449.97454833984375,441.3853759765625
ConvNet,4645,408.680419921875,416.21649169921875
ConvNet,4646,405.4990234375,417.6629638671875
ConvNet,4647,381.8011779785156,438.3697509765625
ConvNet,4648,413.68853759765625,385.8255920410156
ConvNet,4649,432.47052001953125,435.47149658203125
ConvNet,4650,414.35150146484375,389.1590881347656
ConvNet,4651,422.70208740234375,424.5420227050781
ConvNet,4652,381.94293212890625,408.1729736328125
ConvNet,4653,413.10601806640625,429.95306396484375
ConvNet,4654,415.5283508300781,401.3180847167969
ConvNet,4655,420.918212890625,418.500732421875
ConvNet,4656,405.84918212890625,374.3948974609375
ConvNet,4657,450.4568176269531,402.77105712890625
ConvNet,4658,424.0297546386719,411.1414794921875
ConvNet,4659,382.72515869140625,387.4996643066406
ConvNet,4660,458.08026123046875,397.26715087890625
ConvNet,4661,409.08685302734375,431.7253723144531
ConvNet,4662,419.9027099609375,438.73150634765625
ConvNet,4663,447.3681640625,409.1992492675781
ConvNet,4664,385.9385986328125,381.9028015136719
ConvNet,4665,410.1485595703125,390.642333984375
ConvNet,4666,443.2975158691406,468.9707336425781
ConvNet,4667,409.87762451171875,432.23956298828125
ConvNet,4668,421.70489501953125,433.1600646972656
ConvNet,4669,407.0578308105469,427.3500061035156
ConvNet,4670,376.17584228515625,419.884521484375
ConvNet,4671,409.43206787109375,427.1322021484375
ConvNet,4672,427.6866455078125,414.54315185546875
ConvNet,4673,415.8852844238281,415.048828125
ConvNet,4674,418.94219970703125,417.81866455078125
ConvNet,4675,437.9861145019531,395.9110107421875
ConvNet,4676,388.5265808105469,428.01580810546875
ConvNet,4677,413.86260986328125,395.9561767578125
ConvNet,4678,458.30126953125,414.8997802734375
ConvNet,4679,387.9714050292969,404.11956787109375
ConvNet,4680,439.0966796875,428.78424072265625
ConvNet,4681,405.1400146484375,461.7791748046875
ConvNet,4682,398.46636962890625,376.25103759765625
ConvNet,4683,431.12615966796875,409.5123291015625
ConvNet,4684,419.1283874511719,403.08111572265625
ConvNet,4685,421.50439453125,396.35931396484375
ConvNet,4686,446.1854248046875,418.87774658203125
ConvNet,4687,445.323974609375,412.0157775878906
ConvNet,4688,419.77679443359375,392.26617431640625
ConvNet,4689,420.10870361328125,373.7975769042969
ConvNet,4690,411.702880859375,434.80242919921875
ConvNet,4691,441.3379821777344,404.57147216796875
ConvNet,4692,469.9946594238281,387.06915283203125
ConvNet,4693,418.53778076171875,425.1734619140625
ConvNet,4694,415.036865234375,379.6595153808594
ConvNet,4695,439.3503112792969,416.96728515625
ConvNet,4696,416.86871337890625,389.69677734375
ConvNet,4697,373.33978271484375,410.01678466796875
ConvNet,4698,427.583984375,413.51800537109375
ConvNet,4699,438.76068115234375,408.3883056640625
ConvNet,4700,417.79779052734375,368.3296813964844
ConvNet,4701,445.13507080078125,445.634521484375
ConvNet,4702,425.19012451171875,436.844482421875
ConvNet,4703,391.15032958984375,394.2537536621094
ConvNet,4704,410.78375244140625,434.8475036621094
ConvNet,4705,424.963623046875,389.6382141113281
ConvNet,4706,407.24603271484375,430.8460693359375
ConvNet,4707,393.1514892578125,429.150146484375
ConvNet,4708,416.34124755859375,424.9107666015625
ConvNet,4709,368.31634521484375,422.8753967285156
ConvNet,4710,393.9300231933594,433.72125244140625
ConvNet,4711,397.363525390625,383.3577880859375
ConvNet,4712,422.6239929199219,372.47210693359375
ConvNet,4713,384.6097412109375,403.4510803222656
ConvNet,4714,407.44085693359375,415.99267578125
ConvNet,4715,412.1593933105469,372.2121887207031
ConvNet,4716,413.0692443847656,445.8774719238281
ConvNet,4717,415.6007080078125,420.27642822265625
ConvNet,4718,371.51202392578125,396.9569396972656
ConvNet,4719,419.2469482421875,419.80487060546875
ConvNet,4720,414.814453125,403.41119384765625
ConvNet,4721,476.0830383300781,461.617431640625
ConvNet,4722,406.172119140625,459.9698181152344
ConvNet,4723,411.1439208984375,377.7618713378906
ConvNet,4724,436.42681884765625,415.0721435546875
ConvNet,4725,420.1989440917969,410.25146484375
ConvNet,4726,429.01593017578125,418.55657958984375
ConvNet,4727,409.5128173828125,412.43511962890625
ConvNet,4728,389.71728515625,404.2158203125
ConvNet,4729,391.6850891113281,411.84869384765625
ConvNet,4730,434.6917724609375,402.4049072265625
ConvNet,4731,420.56561279296875,422.74810791015625
ConvNet,4732,421.8782043457031,398.22882080078125
ConvNet,4733,436.7342529296875,400.1822814941406
ConvNet,4734,448.0063171386719,403.43310546875
ConvNet,4735,440.9026794433594,410.831298828125
ConvNet,4736,386.3396301269531,408.22125244140625
ConvNet,4737,411.5133056640625,384.655029296875
ConvNet,4738,432.71728515625,439.421875
ConvNet,4739,421.4594421386719,433.5413513183594
ConvNet,4740,413.98974609375,411.25238037109375
ConvNet,4741,381.9608459472656,435.5957336425781
ConvNet,4742,384.52471923828125,405.7314453125
ConvNet,4743,411.3968505859375,449.31451416015625
ConvNet,4744,439.6275329589844,385.168212890625
ConvNet,4745,408.8304138183594,391.07568359375
ConvNet,4746,425.5650634765625,410.7181091308594
ConvNet,4747,374.39007568359375,427.413330078125
ConvNet,4748,445.8976745605469,411.361572265625
ConvNet,4749,388.7881774902344,450.18365478515625
ConvNet,4750,408.3490295410156,403.6050109863281
ConvNet,4751,425.5436096191406,392.8636779785156
ConvNet,4752,430.9172668457031,418.4619140625
ConvNet,4753,418.7110900878906,426.61590576171875
ConvNet,4754,438.08306884765625,389.5710754394531
ConvNet,4755,430.75927734375,415.852294921875
ConvNet,4756,421.3825378417969,425.078369140625
ConvNet,4757,414.454345703125,432.05169677734375
ConvNet,4758,417.5855407714844,425.60589599609375
ConvNet,4759,440.06512451171875,423.90032958984375
ConvNet,4760,431.06317138671875,402.580322265625
ConvNet,4761,387.44512939453125,415.4788513183594
ConvNet,4762,399.484130859375,395.306640625
ConvNet,4763,421.8331298828125,399.3714599609375
ConvNet,4764,438.6318664550781,398.85260009765625
ConvNet,4765,382.246826171875,447.20391845703125
ConvNet,4766,400.56610107421875,407.71990966796875
ConvNet,4767,438.5133056640625,416.609130859375
ConvNet,4768,414.21337890625,402.3607177734375
ConvNet,4769,407.0982666015625,416.2524719238281
ConvNet,4770,380.6739807128906,403.173095703125
ConvNet,4771,382.8963623046875,403.10601806640625
ConvNet,4772,429.11248779296875,391.79296875
ConvNet,4773,383.91680908203125,403.9501647949219
ConvNet,4774,394.1842346191406,425.637939453125
ConvNet,4775,431.4893798828125,461.66632080078125
ConvNet,4776,427.25811767578125,426.7249755859375
ConvNet,4777,378.62353515625,419.12176513671875
ConvNet,4778,417.78924560546875,424.03460693359375
ConvNet,4779,447.7374572753906,421.53802490234375
ConvNet,4780,412.4985656738281,440.4949645996094
ConvNet,4781,415.1815185546875,400.0777282714844
ConvNet,4782,424.16107177734375,430.43603515625
ConvNet,4783,383.7580871582031,425.86865234375
ConvNet,4784,428.7699890136719,439.1162109375
ConvNet,4785,392.8662414550781,422.56475830078125
ConvNet,4786,430.08917236328125,421.63165283203125
ConvNet,4787,426.7947082519531,374.1612548828125
ConvNet,4788,445.64105224609375,425.6925048828125
ConvNet,4789,412.54351806640625,451.3563537597656
ConvNet,4790,426.57861328125,421.9541931152344
ConvNet,4791,420.5975341796875,412.7701416015625
ConvNet,4792,417.72650146484375,410.581298828125
ConvNet,4793,444.1339111328125,425.608154296875
ConvNet,4794,455.8353271484375,454.3547668457031
ConvNet,4795,408.1758117675781,392.72998046875
ConvNet,4796,401.942626953125,372.87811279296875
ConvNet,4797,361.56427001953125,401.1773986816406
ConvNet,4798,433.9761962890625,408.59478759765625
ConvNet,4799,454.51763916015625,410.8037109375
ConvNet,4800,402.82208251953125,420.7817077636719
ConvNet,4801,379.4698486328125,428.42449951171875
ConvNet,4802,420.35430908203125,402.5470886230469
ConvNet,4803,404.0719299316406,398.5804443359375
ConvNet,4804,414.5257568359375,413.2376708984375
ConvNet,4805,383.34820556640625,398.16754150390625
ConvNet,4806,429.3232116699219,368.94976806640625
ConvNet,4807,428.98974609375,383.26458740234375
ConvNet,4808,402.03814697265625,374.57281494140625
ConvNet,4809,368.09527587890625,388.44049072265625
ConvNet,4810,412.8707275390625,406.695556640625
ConvNet,4811,386.41802978515625,412.448974609375
ConvNet,4812,415.5269775390625,362.779052734375
ConvNet,4813,392.1570739746094,417.91015625
ConvNet,4814,431.1836242675781,446.7964172363281
ConvNet,4815,416.9376220703125,445.1462097167969
ConvNet,4816,439.1831970214844,415.732666015625
ConvNet,4817,412.69549560546875,409.7218017578125
ConvNet,4818,414.0068359375,362.2706604003906
ConvNet,4819,442.0162048339844,425.92724609375
ConvNet,4820,390.7059631347656,432.6290283203125
ConvNet,4821,466.9690856933594,411.163818359375
ConvNet,4822,384.5091857910156,406.76898193359375
ConvNet,4823,452.5655517578125,386.12896728515625
ConvNet,4824,412.2621154785156,410.38763427734375
ConvNet,4825,397.276611328125,453.1758117675781
ConvNet,4826,416.2535400390625,411.16278076171875
ConvNet,4827,424.87396240234375,401.6021728515625
ConvNet,4828,421.03662109375,420.07342529296875
ConvNet,4829,410.90283203125,407.375732421875
ConvNet,4830,389.51495361328125,382.29302978515625
ConvNet,4831,441.8441162109375,419.62164306640625
ConvNet,4832,390.83343505859375,419.75506591796875
ConvNet,4833,396.46636962890625,401.1351318359375
ConvNet,4834,388.19482421875,418.87322998046875
ConvNet,4835,426.3576965332031,402.7491149902344
ConvNet,4836,432.0511169433594,415.34210205078125
ConvNet,4837,377.6177062988281,397.78253173828125
ConvNet,4838,398.5916748046875,389.944580078125
ConvNet,4839,393.4383544921875,398.7133483886719
ConvNet,4840,439.31243896484375,409.8721008300781
ConvNet,4841,398.18878173828125,423.9610595703125
ConvNet,4842,404.6609802246094,411.3515625
ConvNet,4843,425.267333984375,439.71380615234375
ConvNet,4844,420.39495849609375,426.75677490234375
ConvNet,4845,425.2999572753906,384.481689453125
ConvNet,4846,388.85546875,429.6968994140625
ConvNet,4847,424.8426818847656,421.86737060546875
ConvNet,4848,394.56524658203125,411.291015625
ConvNet,4849,415.5459899902344,380.5694885253906
ConvNet,4850,428.23687744140625,386.5087890625
ConvNet,4851,417.009765625,386.6697998046875
ConvNet,4852,403.87738037109375,423.3468017578125
ConvNet,4853,413.798828125,406.58868408203125
ConvNet,4854,417.66943359375,383.07989501953125
ConvNet,4855,419.9703063964844,401.82977294921875
ConvNet,4856,423.3629150390625,409.0722961425781
ConvNet,4857,395.3591003417969,410.904541015625
ConvNet,4858,387.94818115234375,442.0845947265625
ConvNet,4859,416.24981689453125,416.4700012207031
ConvNet,4860,442.4282531738281,390.02398681640625
ConvNet,4861,429.06182861328125,431.7295837402344
ConvNet,4862,372.09271240234375,424.84552001953125
ConvNet,4863,422.10888671875,382.8681335449219
ConvNet,4864,391.22698974609375,412.80328369140625
ConvNet,4865,424.91949462890625,411.7471923828125
ConvNet,4866,391.2822265625,426.4464111328125
ConvNet,4867,390.1942443847656,421.9698486328125
ConvNet,4868,414.1849060058594,421.0859375
ConvNet,4869,418.3778991699219,366.3024597167969
ConvNet,4870,402.48992919921875,417.9087829589844
ConvNet,4871,425.57086181640625,389.73284912109375
ConvNet,4872,423.6595458984375,420.87445068359375
ConvNet,4873,473.65899658203125,440.76513671875
ConvNet,4874,415.8515625,406.4384460449219
ConvNet,4875,401.8316650390625,383.4996643066406
ConvNet,4876,396.71856689453125,435.82562255859375
ConvNet,4877,378.8166809082031,402.2900695800781
ConvNet,4878,423.0660400390625,432.5525817871094
ConvNet,4879,425.682373046875,416.58544921875
ConvNet,4880,391.7377624511719,421.5082092285156
ConvNet,4881,425.5346984863281,396.0107421875
ConvNet,4882,405.97100830078125,430.2564392089844
ConvNet,4883,437.170654296875,438.71112060546875
ConvNet,4884,386.5036926269531,432.0835876464844
ConvNet,4885,388.133056640625,414.74591064453125
ConvNet,4886,440.6412353515625,405.75982666015625
ConvNet,4887,442.1506652832031,416.7260437011719
ConvNet,4888,422.1598815917969,438.67279052734375
ConvNet,4889,361.23724365234375,393.1702880859375
ConvNet,4890,423.04046630859375,415.06707763671875
ConvNet,4891,363.03802490234375,384.172607421875
ConvNet,4892,388.88873291015625,391.07501220703125
ConvNet,4893,422.783935546875,379.04461669921875
ConvNet,4894,412.59979248046875,389.9289855957031
ConvNet,4895,443.4350891113281,434.1456604003906
ConvNet,4896,411.40191650390625,396.1781921386719
ConvNet,4897,413.04351806640625,438.38897705078125
ConvNet,4898,383.61004638671875,371.68414306640625
ConvNet,4899,412.8320617675781,414.96197509765625
ConvNet,4900,416.4890441894531,417.50848388671875
ConvNet,4901,446.6141357421875,401.5367431640625
ConvNet,4902,398.42132568359375,391.1026306152344
ConvNet,4903,417.8900146484375,428.9079895019531
ConvNet,4904,417.50830078125,383.43634033203125
ConvNet,4905,384.84222412109375,404.6688537597656
ConvNet,4906,432.67694091796875,453.0230407714844
ConvNet,4907,392.0390930175781,411.6961975097656
ConvNet,4908,420.263916015625,412.00555419921875
ConvNet,4909,442.18817138671875,428.141845703125
ConvNet,4910,402.263427734375,412.28387451171875
ConvNet,4911,421.4088134765625,391.1518249511719
ConvNet,4912,409.62664794921875,441.4980163574219
ConvNet,4913,420.885009765625,403.58831787109375
ConvNet,4914,407.0451965332031,384.6848449707031
ConvNet,4915,391.0867919921875,390.88104248046875
ConvNet,4916,453.17388916015625,414.33856201171875
ConvNet,4917,391.4866943359375,410.04998779296875
ConvNet,4918,419.0895690917969,409.466796875
ConvNet,4919,406.6751708984375,390.8243713378906
ConvNet,4920,443.28692626953125,457.2889404296875
ConvNet,4921,423.16729736328125,398.3814697265625
ConvNet,4922,396.66351318359375,413.11083984375
ConvNet,4923,403.07470703125,381.6978454589844
ConvNet,4924,404.46148681640625,394.58941650390625
ConvNet,4925,458.0392150878906,445.73760986328125
ConvNet,4926,415.7242431640625,399.96612548828125
ConvNet,4927,421.38092041015625,419.6414489746094
ConvNet,4928,407.88128662109375,439.107666015625
ConvNet,4929,387.0189208984375,409.9366455078125
ConvNet,4930,426.05267333984375,441.9893798828125
ConvNet,4931,387.1731262207031,426.95281982421875
ConvNet,4932,407.1910095214844,392.22613525390625
ConvNet,4933,417.62506103515625,408.7213439941406
ConvNet,4934,417.07476806640625,389.3127746582031
ConvNet,4935,400.511474609375,410.44805908203125
ConvNet,4936,428.5028381347656,404.0897216796875
ConvNet,4937,445.3868408203125,386.2310791015625
ConvNet,4938,420.49249267578125,420.2293701171875
ConvNet,4939,420.5382080078125,391.22613525390625
ConvNet,4940,471.9622802734375,423.9883117675781
ConvNet,4941,414.94219970703125,416.4256591796875
ConvNet,4942,429.10009765625,435.9561462402344
ConvNet,4943,404.42022705078125,426.0015869140625
ConvNet,4944,413.4127197265625,420.2594299316406
ConvNet,4945,397.6212158203125,398.7408447265625
ConvNet,4946,394.72357177734375,366.53515625
ConvNet,4947,401.0672912597656,382.0615234375
ConvNet,4948,411.6648864746094,423.86163330078125
ConvNet,4949,442.6172180175781,434.7835388183594
ConvNet,4950,376.92730712890625,413.1321716308594
ConvNet,4951,411.3390808105469,410.8866882324219
ConvNet,4952,407.1737365722656,427.7349853515625
ConvNet,4953,412.4407958984375,439.421630859375
ConvNet,4954,397.0419921875,431.05377197265625
ConvNet,4955,411.15142822265625,411.13983154296875
ConvNet,4956,438.675048828125,390.78326416015625
ConvNet,4957,458.940185546875,413.5543212890625
ConvNet,4958,389.6485595703125,424.0605773925781
ConvNet,4959,396.64447021484375,410.1846923828125
ConvNet,4960,442.3992614746094,387.80621337890625
ConvNet,4961,409.8143615722656,410.1715087890625
ConvNet,4962,408.8599853515625,429.492431640625
ConvNet,4963,421.7164306640625,397.5216064453125
ConvNet,4964,405.36016845703125,426.8033447265625
ConvNet,4965,395.8758544921875,438.1331787109375
ConvNet,4966,427.43072509765625,419.37725830078125
ConvNet,4967,407.6275634765625,415.5848388671875
ConvNet,4968,404.13983154296875,377.76092529296875
ConvNet,4969,441.87298583984375,411.61297607421875
ConvNet,4970,386.8040466308594,406.47076416015625
ConvNet,4971,405.23651123046875,416.6138916015625
ConvNet,4972,392.2438659667969,421.43707275390625
ConvNet,4973,414.4045715332031,408.65655517578125
ConvNet,4974,389.6112976074219,380.0720520019531
ConvNet,4975,400.08697509765625,420.5492858886719
ConvNet,4976,401.86395263671875,399.21771240234375
ConvNet,4977,396.3204345703125,398.0413818359375
ConvNet,4978,395.6507568359375,371.71673583984375
ConvNet,4979,427.57537841796875,468.4645690917969
ConvNet,4980,457.8177490234375,430.32708740234375
ConvNet,4981,425.9421691894531,391.447998046875
ConvNet,4982,402.90533447265625,449.8790588378906
ConvNet,4983,434.10272216796875,420.0222473144531
ConvNet,4984,403.91998291015625,400.2838134765625
ConvNet,4985,423.53155517578125,405.8875427246094
ConvNet,4986,449.15850830078125,387.136962890625
ConvNet,4987,441.935546875,414.01055908203125
ConvNet,4988,399.4587097167969,406.67938232421875
ConvNet,4989,405.5164794921875,400.03125
ConvNet,4990,379.390380859375,387.66937255859375
ConvNet,4991,402.49761962890625,382.54522705078125
ConvNet,4992,396.7242431640625,386.4595947265625
ConvNet,4993,432.84649658203125,403.55828857421875
ConvNet,4994,409.4131774902344,396.38446044921875
ConvNet,4995,394.96881103515625,362.79132080078125
ConvNet,4996,413.7274169921875,407.4495544433594
ConvNet,4997,436.9722900390625,417.8187255859375
ConvNet,4998,440.40081787109375,424.715087890625
ConvNet,4999,423.8480224609375,420.32098388671875
