Model,Epoch,TrainLoss,ValLoss
MiniViT,0,3629.651611328125,1603.5860595703125
MiniViT,1,1585.09033203125,1705.1812744140625
MiniViT,2,1712.4970703125,1633.8297119140625
MiniViT,3,1612.862060546875,1544.213623046875
MiniViT,4,1534.60986328125,1469.0047607421875
MiniViT,5,1479.454833984375,1443.707275390625
MiniViT,6,1433.2518310546875,1415.3328857421875
MiniViT,7,1413.5859375,1404.37744140625
MiniViT,8,1406.134033203125,1385.02783203125
MiniViT,9,1401.119140625,1368.4307861328125
MiniViT,10,1366.63525390625,1356.962646484375
MiniViT,11,1357.5069580078125,1340.3974609375
MiniViT,12,1349.8497314453125,1331.31201171875
MiniViT,13,1339.903564453125,1327.456787109375
MiniViT,14,1315.9508056640625,1321.2596435546875
MiniViT,15,1323.9698486328125,1308.20556640625
MiniViT,16,1312.35986328125,1309.958740234375
MiniViT,17,1310.68359375,1300.7843017578125
MiniViT,18,1285.9443359375,1294.4326171875
MiniViT,19,1286.35888671875,1287.462890625
MiniViT,20,1286.435546875,1276.850341796875
MiniViT,21,1282.267822265625,1278.465087890625
MiniViT,22,1279.4385986328125,1273.7044677734375
MiniViT,23,1266.38134765625,1273.630859375
MiniViT,24,1262.263916015625,1269.6263427734375
MiniViT,25,1273.6785888671875,1268.020263671875
MiniViT,26,1260.6478271484375,1256.205322265625
MiniViT,27,1262.7469482421875,1264.196044921875
MiniViT,28,1253.04638671875,1253.672607421875
MiniViT,29,1251.9207763671875,1247.1336669921875
MiniViT,30,1254.84228515625,1259.43701171875
MiniViT,31,1254.14697265625,1235.0679931640625
MiniViT,32,1238.1392822265625,1234.495849609375
MiniViT,33,1240.8184814453125,1240.13427734375
MiniViT,34,1250.599609375,1243.4942626953125
MiniViT,35,1236.093017578125,1238.2735595703125
MiniViT,36,1250.4576416015625,1243.265380859375
MiniViT,37,1238.25830078125,1239.9718017578125
MiniViT,38,1234.6790771484375,1232.15185546875
MiniViT,39,1241.517822265625,1226.3992919921875
MiniViT,40,1236.0858154296875,1234.7091064453125
MiniViT,41,1236.3255615234375,1231.7412109375
MiniViT,42,1231.464599609375,1242.1673583984375
MiniViT,43,1227.5020751953125,1238.9437255859375
MiniViT,44,1230.88232421875,1231.298095703125
MiniViT,45,1223.6529541015625,1228.64208984375
MiniViT,46,1230.843017578125,1236.4910888671875
MiniViT,47,1224.028076171875,1224.989501953125
MiniViT,48,1232.040283203125,1236.416259765625
MiniViT,49,1229.9822998046875,1215.822021484375
MiniViT,50,1222.770751953125,1225.09228515625
MiniViT,51,1226.6585693359375,1222.717041015625
MiniViT,52,1226.333251953125,1224.2572021484375
MiniViT,53,1223.10205078125,1218.8028564453125
MiniViT,54,1222.1849365234375,1233.8365478515625
MiniViT,55,1216.0712890625,1221.3167724609375
MiniViT,56,1220.6610107421875,1213.5865478515625
MiniViT,57,1218.00732421875,1227.85205078125
MiniViT,58,1221.3851318359375,1216.0556640625
MiniViT,59,1213.841064453125,1223.261962890625
MiniViT,60,1212.2696533203125,1221.1988525390625
MiniViT,61,1229.3673095703125,1218.660400390625
MiniViT,62,1222.8489990234375,1217.40380859375
MiniViT,63,1209.64111328125,1212.5406494140625
MiniViT,64,1220.1505126953125,1220.9581298828125
MiniViT,65,1215.731689453125,1230.16357421875
MiniViT,66,1216.3675537109375,1223.573486328125
MiniViT,67,1223.40771484375,1218.5240478515625
MiniViT,68,1212.5167236328125,1213.028076171875
MiniViT,69,1218.8270263671875,1222.5672607421875
MiniViT,70,1224.9254150390625,1209.883544921875
MiniViT,71,1221.8048095703125,1210.9205322265625
MiniViT,72,1213.5626220703125,1212.947021484375
MiniViT,73,1216.5421142578125,1217.0223388671875
MiniViT,74,1221.1885986328125,1219.4910888671875
MiniViT,75,1218.49462890625,1221.004638671875
MiniViT,76,1209.614501953125,1218.5943603515625
MiniViT,77,1215.146484375,1212.7200927734375
MiniViT,78,1217.6715087890625,1212.775146484375
MiniViT,79,1211.4708251953125,1211.0384521484375
MiniViT,80,1210.5445556640625,1221.923583984375
MiniViT,81,1213.870849609375,1207.7288818359375
MiniViT,82,1212.8240966796875,1210.41552734375
MiniViT,83,1224.71142578125,1218.706298828125
MiniViT,84,1211.5548095703125,1208.7568359375
MiniViT,85,1209.926513671875,1213.7645263671875
MiniViT,86,1213.4884033203125,1213.669189453125
MiniViT,87,1209.4661865234375,1217.39111328125
MiniViT,88,1205.7215576171875,1216.4197998046875
MiniViT,89,1208.5977783203125,1209.86376953125
MiniViT,90,1211.194580078125,1211.9151611328125
MiniViT,91,1208.43603515625,1204.3697509765625
MiniViT,92,1208.8272705078125,1213.6201171875
MiniViT,93,1214.8763427734375,1217.05517578125
MiniViT,94,1218.2086181640625,1207.953857421875
MiniViT,95,1212.8665771484375,1215.84130859375
MiniViT,96,1207.334716796875,1213.7457275390625
MiniViT,97,1211.96728515625,1208.425048828125
MiniViT,98,1214.2225341796875,1219.197998046875
MiniViT,99,1214.2470703125,1210.54833984375
MiniViT,100,1208.4638671875,1209.3526611328125
MiniViT,101,1207.9105224609375,1215.7957763671875
MiniViT,102,1204.1175537109375,1216.051513671875
MiniViT,103,1209.543212890625,1206.4527587890625
MiniViT,104,1207.04541015625,1197.782470703125
MiniViT,105,1207.8272705078125,1202.8919677734375
MiniViT,106,1207.1075439453125,1216.246337890625
MiniViT,107,1215.3167724609375,1204.7906494140625
MiniViT,108,1213.5224609375,1208.21923828125
MiniViT,109,1207.28369140625,1212.2713623046875
MiniViT,110,1206.532470703125,1208.5535888671875
MiniViT,111,1206.7852783203125,1197.0087890625
MiniViT,112,1212.5538330078125,1211.4591064453125
MiniViT,113,1211.922607421875,1209.4322509765625
MiniViT,114,1201.5052490234375,1203.0008544921875
MiniViT,115,1208.967529296875,1213.7257080078125
MiniViT,116,1212.9024658203125,1211.5185546875
MiniViT,117,1205.6754150390625,1192.52978515625
MiniViT,118,1206.2020263671875,1201.0252685546875
MiniViT,119,1206.955810546875,1211.077880859375
MiniViT,120,1197.7916259765625,1203.9915771484375
MiniViT,121,1208.4197998046875,1205.8819580078125
MiniViT,122,1205.3577880859375,1198.5411376953125
MiniViT,123,1208.92041015625,1205.5469970703125
MiniViT,124,1206.7763671875,1205.4473876953125
MiniViT,125,1203.7723388671875,1203.6676025390625
MiniViT,126,1209.7734375,1214.6610107421875
MiniViT,127,1203.632080078125,1206.74853515625
MiniViT,128,1206.25830078125,1204.9161376953125
MiniViT,129,1204.6063232421875,1210.9241943359375
MiniViT,130,1203.65185546875,1204.557861328125
MiniViT,131,1205.2630615234375,1198.21240234375
MiniViT,132,1206.4320068359375,1217.01708984375
MiniViT,133,1212.8846435546875,1214.4423828125
MiniViT,134,1198.096923828125,1204.851806640625
MiniViT,135,1207.2952880859375,1208.2265625
MiniViT,136,1205.3841552734375,1201.38427734375
MiniViT,137,1208.24072265625,1211.8338623046875
MiniViT,138,1207.2752685546875,1210.77880859375
MiniViT,139,1209.516845703125,1199.3897705078125
MiniViT,140,1209.5968017578125,1209.9615478515625
MiniViT,141,1200.4224853515625,1212.853271484375
MiniViT,142,1211.1402587890625,1205.54443359375
MiniViT,143,1201.988037109375,1213.1962890625
MiniViT,144,1201.0650634765625,1205.0499267578125
MiniViT,145,1205.4085693359375,1206.4151611328125
MiniViT,146,1208.260498046875,1209.936767578125
MiniViT,147,1192.039306640625,1210.165771484375
MiniViT,148,1203.0113525390625,1203.0166015625
MiniViT,149,1197.2095947265625,1190.9625244140625
MiniViT,150,1202.2989501953125,1213.3172607421875
MiniViT,151,1201.0963134765625,1204.839599609375
MiniViT,152,1199.5123291015625,1205.760009765625
MiniViT,153,1191.201171875,1197.2099609375
MiniViT,154,1196.4212646484375,1209.39892578125
MiniViT,155,1197.9736328125,1209.237060546875
MiniViT,156,1206.4876708984375,1204.3746337890625
MiniViT,157,1205.1796875,1198.631591796875
MiniViT,158,1195.2637939453125,1211.9281005859375
MiniViT,159,1205.5350341796875,1200.03076171875
MiniViT,160,1201.8201904296875,1208.35400390625
MiniViT,161,1186.8525390625,1208.241943359375
MiniViT,162,1207.155029296875,1194.8905029296875
MiniViT,163,1206.1148681640625,1200.5316162109375
MiniViT,164,1203.44580078125,1192.80029296875
MiniViT,165,1209.082763671875,1204.7080078125
MiniViT,166,1199.7772216796875,1203.362548828125
MiniViT,167,1201.5460205078125,1203.239013671875
MiniViT,168,1209.73486328125,1200.0362548828125
MiniViT,169,1206.5648193359375,1204.725341796875
MiniViT,170,1198.31689453125,1206.5587158203125
MiniViT,171,1201.6416015625,1204.8160400390625
MiniViT,172,1200.185302734375,1205.8768310546875
MiniViT,173,1203.2490234375,1202.1650390625
MiniViT,174,1198.8770751953125,1204.9288330078125
MiniViT,175,1213.615966796875,1200.0631103515625
MiniViT,176,1208.275390625,1196.35498046875
MiniViT,177,1193.53271484375,1200.185546875
MiniViT,178,1201.73974609375,1205.320068359375
MiniViT,179,1204.6248779296875,1201.8388671875
MiniViT,180,1198.3826904296875,1206.5145263671875
MiniViT,181,1202.2322998046875,1210.4873046875
MiniViT,182,1190.9422607421875,1197.8258056640625
MiniViT,183,1194.919677734375,1199.179931640625
MiniViT,184,1205.1741943359375,1195.597900390625
MiniViT,185,1198.4259033203125,1206.010009765625
MiniViT,186,1195.523681640625,1198.6195068359375
MiniViT,187,1193.29150390625,1196.08837890625
MiniViT,188,1203.965087890625,1200.149169921875
MiniViT,189,1199.8472900390625,1187.9598388671875
MiniViT,190,1202.0645751953125,1199.8460693359375
MiniViT,191,1204.7967529296875,1207.66357421875
MiniViT,192,1200.069580078125,1191.86474609375
MiniViT,193,1191.9901123046875,1201.702392578125
MiniViT,194,1199.6326904296875,1201.975341796875
MiniViT,195,1193.39599609375,1208.8731689453125
MiniViT,196,1201.9873046875,1194.1412353515625
MiniViT,197,1204.3837890625,1202.3035888671875
MiniViT,198,1205.658935546875,1198.2835693359375
MiniViT,199,1191.0885009765625,1192.367919921875
MiniViT,200,1193.4990234375,1190.5089111328125
MiniViT,201,1191.8795166015625,1201.70849609375
MiniViT,202,1195.3858642578125,1205.7213134765625
MiniViT,203,1200.5345458984375,1208.304931640625
MiniViT,204,1196.7698974609375,1197.6285400390625
MiniViT,205,1201.9581298828125,1197.16552734375
MiniViT,206,1207.10888671875,1208.16552734375
MiniViT,207,1204.4674072265625,1191.8211669921875
MiniViT,208,1198.6683349609375,1194.4205322265625
MiniViT,209,1207.489501953125,1190.8017578125
MiniViT,210,1202.583984375,1198.01513671875
MiniViT,211,1197.973876953125,1196.13525390625
MiniViT,212,1198.9642333984375,1198.1778564453125
MiniViT,213,1192.6326904296875,1204.810791015625
MiniViT,214,1194.4354248046875,1210.53857421875
MiniViT,215,1202.8465576171875,1204.4739990234375
MiniViT,216,1193.13232421875,1197.071533203125
MiniViT,217,1196.2490234375,1194.9365234375
MiniViT,218,1200.2535400390625,1201.31103515625
MiniViT,219,1194.5352783203125,1196.52197265625
MiniViT,220,1202.7880859375,1198.010498046875
MiniViT,221,1193.3370361328125,1198.2294921875
MiniViT,222,1194.58251953125,1187.8087158203125
MiniViT,223,1209.0020751953125,1190.9658203125
MiniViT,224,1187.6949462890625,1198.76025390625
MiniViT,225,1204.188232421875,1197.2193603515625
MiniViT,226,1203.3330078125,1199.7056884765625
MiniViT,227,1196.1068115234375,1192.286865234375
MiniViT,228,1196.9017333984375,1203.6212158203125
MiniViT,229,1191.498779296875,1205.0238037109375
MiniViT,230,1194.519287109375,1198.15234375
MiniViT,231,1204.680908203125,1202.934814453125
MiniViT,232,1192.681640625,1190.8983154296875
MiniViT,233,1201.726806640625,1194.5958251953125
MiniViT,234,1192.0567626953125,1205.3883056640625
MiniViT,235,1196.794921875,1196.2093505859375
MiniViT,236,1185.975830078125,1196.5570068359375
MiniViT,237,1188.6407470703125,1199.213623046875
MiniViT,238,1196.20849609375,1192.788330078125
MiniViT,239,1197.5902099609375,1197.62109375
MiniViT,240,1190.380859375,1195.0029296875
MiniViT,241,1204.68310546875,1191.4906005859375
MiniViT,242,1197.5750732421875,1207.298828125
MiniViT,243,1201.1016845703125,1202.47705078125
MiniViT,244,1195.911865234375,1193.0858154296875
MiniViT,245,1199.238525390625,1196.4298095703125
MiniViT,246,1191.134765625,1190.9080810546875
MiniViT,247,1197.4615478515625,1198.173583984375
MiniViT,248,1188.7213134765625,1205.5706787109375
MiniViT,249,1197.871337890625,1190.2545166015625
MiniViT,250,1191.878662109375,1196.81201171875
MiniViT,251,1195.174072265625,1202.58056640625
MiniViT,252,1185.308349609375,1191.4000244140625
MiniViT,253,1200.219482421875,1197.8536376953125
MiniViT,254,1190.788818359375,1197.94482421875
MiniViT,255,1194.92333984375,1202.760009765625
MiniViT,256,1195.437255859375,1207.906005859375
MiniViT,257,1191.9498291015625,1193.2314453125
MiniViT,258,1195.1595458984375,1190.12060546875
MiniViT,259,1192.11279296875,1192.5103759765625
MiniViT,260,1194.9720458984375,1196.135498046875
MiniViT,261,1197.5855712890625,1194.456298828125
MiniViT,262,1196.5469970703125,1202.5968017578125
MiniViT,263,1201.2701416015625,1182.0052490234375
MiniViT,264,1203.614990234375,1196.6318359375
MiniViT,265,1196.892578125,1191.775390625
MiniViT,266,1200.2652587890625,1195.88330078125
MiniViT,267,1190.4622802734375,1190.7491455078125
MiniViT,268,1201.015625,1202.403076171875
MiniViT,269,1187.44873046875,1198.8603515625
MiniViT,270,1207.38818359375,1199.65966796875
MiniViT,271,1193.2337646484375,1199.2406005859375
MiniViT,272,1197.5474853515625,1197.660400390625
MiniViT,273,1199.7723388671875,1193.029052734375
MiniViT,274,1198.060302734375,1199.4300537109375
MiniViT,275,1188.2552490234375,1186.3851318359375
MiniViT,276,1195.7213134765625,1191.8077392578125
MiniViT,277,1198.47705078125,1197.7720947265625
MiniViT,278,1190.631103515625,1198.8389892578125
MiniViT,279,1193.8974609375,1188.1903076171875
MiniViT,280,1191.57763671875,1194.0748291015625
MiniViT,281,1197.9114990234375,1192.5880126953125
MiniViT,282,1199.9781494140625,1189.09130859375
MiniViT,283,1196.5609130859375,1192.5032958984375
MiniViT,284,1195.697021484375,1195.5748291015625
MiniViT,285,1189.1553955078125,1195.7342529296875
MiniViT,286,1196.05810546875,1202.732177734375
MiniViT,287,1193.642822265625,1185.3170166015625
MiniViT,288,1199.394287109375,1182.162353515625
MiniViT,289,1193.646728515625,1198.263427734375
MiniViT,290,1196.612548828125,1186.96923828125
MiniViT,291,1189.715087890625,1186.77734375
MiniViT,292,1200.7022705078125,1189.57177734375
MiniViT,293,1191.7947998046875,1194.1358642578125
MiniViT,294,1189.8388671875,1190.18359375
MiniViT,295,1190.7025146484375,1192.68701171875
MiniViT,296,1191.228515625,1202.583740234375
MiniViT,297,1197.5982666015625,1191.8880615234375
MiniViT,298,1192.372802734375,1193.1505126953125
MiniViT,299,1190.851806640625,1188.2550048828125
MiniViT,300,1192.9156494140625,1193.0340576171875
MiniViT,301,1203.08056640625,1184.3916015625
MiniViT,302,1190.95654296875,1186.5526123046875
MiniViT,303,1197.3427734375,1195.7816162109375
MiniViT,304,1199.7322998046875,1187.67236328125
MiniViT,305,1199.9654541015625,1185.5782470703125
MiniViT,306,1187.25927734375,1186.5850830078125
MiniViT,307,1195.6085205078125,1195.3306884765625
MiniViT,308,1195.957275390625,1183.37255859375
MiniViT,309,1192.300048828125,1188.6182861328125
MiniViT,310,1195.077880859375,1200.0411376953125
MiniViT,311,1199.8409423828125,1205.6246337890625
MiniViT,312,1188.6163330078125,1195.3072509765625
MiniViT,313,1188.2550048828125,1182.6337890625
MiniViT,314,1201.2708740234375,1190.288818359375
MiniViT,315,1189.0028076171875,1188.2276611328125
MiniViT,316,1193.1141357421875,1191.9100341796875
MiniViT,317,1194.0830078125,1195.210693359375
MiniViT,318,1186.9810791015625,1197.79150390625
MiniViT,319,1188.14111328125,1190.862060546875
MiniViT,320,1186.1937255859375,1193.9847412109375
MiniViT,321,1192.81884765625,1193.6832275390625
MiniViT,322,1190.933349609375,1199.620849609375
MiniViT,323,1191.8408203125,1189.59423828125
MiniViT,324,1185.373046875,1198.1373291015625
MiniViT,325,1193.8447265625,1189.198486328125
MiniViT,326,1191.7161865234375,1199.53173828125
MiniViT,327,1202.0025634765625,1187.5101318359375
MiniViT,328,1189.6683349609375,1188.1513671875
MiniViT,329,1201.9024658203125,1196.6407470703125
MiniViT,330,1190.09228515625,1190.4468994140625
MiniViT,331,1191.75048828125,1195.7374267578125
MiniViT,332,1191.979248046875,1200.58251953125
MiniViT,333,1185.671142578125,1196.3363037109375
MiniViT,334,1190.540771484375,1182.2850341796875
MiniViT,335,1188.7415771484375,1192.98291015625
MiniViT,336,1193.01708984375,1195.388916015625
MiniViT,337,1180.0791015625,1185.8416748046875
MiniViT,338,1191.9649658203125,1199.987548828125
MiniViT,339,1189.4261474609375,1186.7547607421875
MiniViT,340,1193.9052734375,1197.86376953125
MiniViT,341,1183.8424072265625,1194.77685546875
MiniViT,342,1183.5682373046875,1192.14892578125
MiniViT,343,1198.05029296875,1180.8282470703125
MiniViT,344,1192.7518310546875,1187.4140625
MiniViT,345,1197.7032470703125,1186.6353759765625
MiniViT,346,1195.734375,1185.563232421875
MiniViT,347,1188.4635009765625,1186.5611572265625
MiniViT,348,1188.9825439453125,1190.900634765625
MiniViT,349,1189.59423828125,1203.485107421875
MiniViT,350,1193.6927490234375,1191.2520751953125
MiniViT,351,1186.26904296875,1175.3968505859375
MiniViT,352,1196.4522705078125,1190.8544921875
MiniViT,353,1189.114013671875,1190.983642578125
MiniViT,354,1184.041015625,1192.31103515625
MiniViT,355,1186.923095703125,1199.413818359375
MiniViT,356,1194.0965576171875,1198.965576171875
MiniViT,357,1192.328857421875,1192.469482421875
MiniViT,358,1188.363037109375,1197.605712890625
MiniViT,359,1196.0018310546875,1190.8468017578125
MiniViT,360,1191.5576171875,1180.618896484375
MiniViT,361,1185.800048828125,1187.3026123046875
MiniViT,362,1190.5648193359375,1179.8367919921875
MiniViT,363,1196.810791015625,1183.5762939453125
MiniViT,364,1187.6212158203125,1185.0911865234375
MiniViT,365,1186.4468994140625,1180.4210205078125
MiniViT,366,1191.4515380859375,1199.7608642578125
MiniViT,367,1190.135498046875,1179.140380859375
MiniViT,368,1190.08984375,1189.3634033203125
MiniViT,369,1193.1807861328125,1179.923583984375
MiniViT,370,1183.818603515625,1195.1524658203125
MiniViT,371,1190.9005126953125,1193.9403076171875
MiniViT,372,1182.48974609375,1190.1495361328125
MiniViT,373,1186.6865234375,1187.7900390625
MiniViT,374,1192.6158447265625,1183.7545166015625
MiniViT,375,1184.3563232421875,1201.780517578125
MiniViT,376,1191.4937744140625,1193.9378662109375
MiniViT,377,1182.7373046875,1180.90478515625
MiniViT,378,1191.0531005859375,1188.8450927734375
MiniViT,379,1189.4478759765625,1194.361572265625
MiniViT,380,1180.544921875,1184.4322509765625
MiniViT,381,1183.24853515625,1181.1416015625
MiniViT,382,1180.5380859375,1189.5469970703125
MiniViT,383,1190.1270751953125,1197.62158203125
MiniViT,384,1189.370849609375,1189.20703125
MiniViT,385,1185.9910888671875,1187.76611328125
MiniViT,386,1183.33056640625,1197.45458984375
MiniViT,387,1188.3333740234375,1192.28759765625
MiniViT,388,1185.006103515625,1189.4293212890625
MiniViT,389,1179.9910888671875,1181.4591064453125
MiniViT,390,1194.240478515625,1193.43310546875
MiniViT,391,1183.617919921875,1176.787109375
MiniViT,392,1191.2545166015625,1197.05908203125
MiniViT,393,1196.7965087890625,1191.29443359375
MiniViT,394,1189.0960693359375,1192.7103271484375
MiniViT,395,1185.2100830078125,1185.4727783203125
MiniViT,396,1190.602783203125,1188.28955078125
MiniViT,397,1194.310546875,1182.468505859375
MiniViT,398,1188.1759033203125,1187.2498779296875
MiniViT,399,1181.412841796875,1181.1612548828125
MiniViT,400,1188.71728515625,1199.600830078125
MiniViT,401,1187.8111572265625,1183.9317626953125
MiniViT,402,1186.11572265625,1190.9376220703125
MiniViT,403,1189.3265380859375,1190.947509765625
MiniViT,404,1184.47216796875,1186.739013671875
MiniViT,405,1191.1273193359375,1189.277099609375
MiniViT,406,1184.1256103515625,1198.6280517578125
MiniViT,407,1184.8525390625,1183.5804443359375
MiniViT,408,1194.87109375,1184.26123046875
MiniViT,409,1191.867431640625,1185.9310302734375
MiniViT,410,1189.6256103515625,1185.548828125
MiniViT,411,1187.1153564453125,1187.271728515625
MiniViT,412,1188.408447265625,1173.856201171875
MiniViT,413,1189.822265625,1187.4366455078125
MiniViT,414,1183.8094482421875,1195.2750244140625
MiniViT,415,1191.55029296875,1192.0155029296875
MiniViT,416,1188.5543212890625,1183.8992919921875
MiniViT,417,1184.468017578125,1182.85107421875
MiniViT,418,1183.211181640625,1184.2723388671875
MiniViT,419,1191.22607421875,1190.402587890625
MiniViT,420,1186.2056884765625,1188.261474609375
MiniViT,421,1190.3641357421875,1190.748046875
MiniViT,422,1182.8861083984375,1183.3697509765625
MiniViT,423,1196.343017578125,1187.5767822265625
MiniViT,424,1192.5804443359375,1183.74462890625
MiniViT,425,1184.377197265625,1181.99609375
MiniViT,426,1176.225830078125,1188.162353515625
MiniViT,427,1192.469482421875,1182.5025634765625
MiniViT,428,1198.964111328125,1188.319091796875
MiniViT,429,1176.505859375,1184.8753662109375
MiniViT,430,1183.95556640625,1192.236328125
MiniViT,431,1181.6993408203125,1186.8411865234375
MiniViT,432,1188.1988525390625,1184.2579345703125
MiniViT,433,1190.40478515625,1184.18115234375
MiniViT,434,1188.266845703125,1187.2198486328125
MiniViT,435,1192.8436279296875,1192.7451171875
MiniViT,436,1179.73095703125,1190.9141845703125
MiniViT,437,1184.380126953125,1183.6783447265625
MiniViT,438,1197.5675048828125,1180.6788330078125
MiniViT,439,1179.4405517578125,1190.1676025390625
MiniViT,440,1189.143798828125,1182.9571533203125
MiniViT,441,1191.065673828125,1186.11279296875
MiniViT,442,1188.028076171875,1190.0452880859375
MiniViT,443,1178.2330322265625,1192.9698486328125
MiniViT,444,1190.0147705078125,1181.4183349609375
MiniViT,445,1189.1658935546875,1183.96533203125
MiniViT,446,1183.320556640625,1186.2403564453125
MiniViT,447,1187.2489013671875,1193.9500732421875
MiniViT,448,1190.258056640625,1186.76318359375
MiniViT,449,1187.0635986328125,1187.28857421875
MiniViT,450,1181.56201171875,1181.5899658203125
MiniViT,451,1185.494384765625,1186.2489013671875
MiniViT,452,1191.15234375,1187.787353515625
MiniViT,453,1184.84716796875,1188.1103515625
MiniViT,454,1173.3765869140625,1178.75
MiniViT,455,1186.040283203125,1191.767578125
MiniViT,456,1188.7369384765625,1186.6292724609375
MiniViT,457,1182.8660888671875,1190.3878173828125
MiniViT,458,1188.6383056640625,1190.873779296875
MiniViT,459,1193.0233154296875,1179.7852783203125
MiniViT,460,1185.5087890625,1189.2969970703125
MiniViT,461,1180.75537109375,1183.61083984375
MiniViT,462,1184.3135986328125,1174.556884765625
MiniViT,463,1188.75830078125,1183.0478515625
MiniViT,464,1190.760009765625,1181.37548828125
MiniViT,465,1175.00634765625,1188.253662109375
MiniViT,466,1188.5684814453125,1177.9493408203125
MiniViT,467,1197.23974609375,1188.799560546875
MiniViT,468,1187.0489501953125,1182.63330078125
MiniViT,469,1185.9205322265625,1182.216064453125
MiniViT,470,1189.116455078125,1174.0218505859375
MiniViT,471,1179.8382568359375,1180.8321533203125
MiniViT,472,1186.222412109375,1183.894775390625
MiniViT,473,1187.17626953125,1180.08203125
MiniViT,474,1176.4561767578125,1181.4188232421875
MiniViT,475,1177.95751953125,1193.60009765625
MiniViT,476,1187.5655517578125,1188.34912109375
MiniViT,477,1181.8594970703125,1185.9580078125
MiniViT,478,1183.463623046875,1188.832275390625
MiniViT,479,1186.736083984375,1196.409423828125
MiniViT,480,1195.4244384765625,1187.8270263671875
MiniViT,481,1178.8984375,1185.7093505859375
MiniViT,482,1187.4412841796875,1179.662353515625
MiniViT,483,1188.94677734375,1194.255126953125
MiniViT,484,1188.312255859375,1186.052001953125
MiniViT,485,1183.85107421875,1185.4925537109375
MiniViT,486,1185.457763671875,1182.3350830078125
MiniViT,487,1180.8515625,1183.6507568359375
MiniViT,488,1185.3182373046875,1183.2200927734375
MiniViT,489,1186.655517578125,1176.445068359375
MiniViT,490,1196.804443359375,1192.9462890625
MiniViT,491,1185.5743408203125,1182.206298828125
MiniViT,492,1182.8731689453125,1183.8157958984375
MiniViT,493,1185.712158203125,1179.9215087890625
MiniViT,494,1186.0684814453125,1181.6177978515625
MiniViT,495,1194.3582763671875,1184.4046630859375
MiniViT,496,1177.8895263671875,1187.7957763671875
MiniViT,497,1194.058349609375,1186.666259765625
MiniViT,498,1182.39013671875,1188.45751953125
MiniViT,499,1185.48828125,1182.6015625
MiniViT,500,1183.0478515625,1169.4522705078125
MiniViT,501,1179.95751953125,1178.65771484375
MiniViT,502,1192.3980712890625,1190.3035888671875
MiniViT,503,1179.4415283203125,1182.7855224609375
MiniViT,504,1178.2196044921875,1188.1378173828125
MiniViT,505,1184.6363525390625,1181.7843017578125
MiniViT,506,1177.7677001953125,1174.0394287109375
MiniViT,507,1187.7142333984375,1184.49853515625
MiniViT,508,1190.3548583984375,1179.3037109375
MiniViT,509,1185.482177734375,1197.010009765625
MiniViT,510,1182.80908203125,1174.7445068359375
MiniViT,511,1184.5538330078125,1186.939208984375
MiniViT,512,1183.6602783203125,1180.8221435546875
MiniViT,513,1175.4549560546875,1183.505859375
MiniViT,514,1178.761962890625,1174.0848388671875
MiniViT,515,1187.6817626953125,1178.4251708984375
MiniViT,516,1180.658935546875,1180.2076416015625
MiniViT,517,1190.7490234375,1183.623291015625
MiniViT,518,1181.12109375,1178.43994140625
MiniViT,519,1189.6912841796875,1179.9114990234375
MiniViT,520,1178.421875,1182.3438720703125
MiniViT,521,1185.435791015625,1182.3419189453125
MiniViT,522,1185.820068359375,1185.590087890625
MiniViT,523,1179.9989013671875,1184.487060546875
MiniViT,524,1184.686279296875,1183.8155517578125
MiniViT,525,1184.24755859375,1184.426513671875
MiniViT,526,1185.720703125,1176.619384765625
MiniViT,527,1191.1971435546875,1181.1256103515625
MiniViT,528,1184.3489990234375,1183.113037109375
MiniViT,529,1185.747802734375,1185.9951171875
MiniViT,530,1173.2955322265625,1178.26025390625
MiniViT,531,1184.3758544921875,1186.40478515625
MiniViT,532,1176.405517578125,1180.9580078125
MiniViT,533,1187.8955078125,1185.7430419921875
MiniViT,534,1190.1627197265625,1187.98193359375
MiniViT,535,1193.8089599609375,1176.4700927734375
MiniViT,536,1182.4754638671875,1178.3455810546875
MiniViT,537,1176.891845703125,1180.5733642578125
MiniViT,538,1182.3043212890625,1171.029541015625
MiniViT,539,1183.802001953125,1173.6536865234375
MiniViT,540,1178.843505859375,1174.6710205078125
MiniViT,541,1172.270263671875,1180.84912109375
MiniViT,542,1185.4483642578125,1174.9755859375
MiniViT,543,1185.98388671875,1193.3203125
MiniViT,544,1183.5037841796875,1183.1656494140625
MiniViT,545,1182.2623291015625,1190.69287109375
MiniViT,546,1176.1004638671875,1180.3731689453125
MiniViT,547,1183.0272216796875,1173.509521484375
MiniViT,548,1185.007080078125,1176.8970947265625
MiniViT,549,1171.7584228515625,1186.2105712890625
MiniViT,550,1187.8411865234375,1170.98828125
MiniViT,551,1181.0733642578125,1183.4405517578125
MiniViT,552,1174.665283203125,1176.126220703125
MiniViT,553,1177.361572265625,1170.58935546875
MiniViT,554,1185.8948974609375,1182.72998046875
MiniViT,555,1185.839111328125,1190.348388671875
MiniViT,556,1190.059326171875,1183.7947998046875
MiniViT,557,1193.90185546875,1184.4146728515625
MiniViT,558,1187.2974853515625,1178.697998046875
MiniViT,559,1182.052001953125,1182.8697509765625
MiniViT,560,1173.1258544921875,1183.5970458984375
MiniViT,561,1182.4298095703125,1169.2584228515625
MiniViT,562,1187.6092529296875,1181.128662109375
MiniViT,563,1182.216552734375,1180.53076171875
MiniViT,564,1187.5958251953125,1182.7576904296875
MiniViT,565,1181.9637451171875,1190.438720703125
MiniViT,566,1181.0517578125,1171.8240966796875
MiniViT,567,1177.8837890625,1181.3763427734375
MiniViT,568,1177.922607421875,1174.832763671875
MiniViT,569,1177.1370849609375,1178.081298828125
MiniViT,570,1185.6116943359375,1177.3990478515625
MiniViT,571,1181.216552734375,1172.3887939453125
MiniViT,572,1177.3016357421875,1190.1495361328125
MiniViT,573,1174.694091796875,1185.1593017578125
MiniViT,574,1180.653076171875,1181.4822998046875
MiniViT,575,1181.643798828125,1175.810791015625
MiniViT,576,1192.6856689453125,1182.0787353515625
MiniViT,577,1172.1285400390625,1185.658935546875
MiniViT,578,1177.1710205078125,1177.822509765625
MiniViT,579,1177.5396728515625,1182.8695068359375
MiniViT,580,1185.612060546875,1174.642578125
MiniViT,581,1179.704345703125,1180.548583984375
MiniViT,582,1185.172607421875,1182.05126953125
MiniViT,583,1179.0108642578125,1180.45556640625
MiniViT,584,1183.4427490234375,1178.2783203125
MiniViT,585,1179.719970703125,1193.30615234375
MiniViT,586,1179.41259765625,1187.2032470703125
MiniViT,587,1184.6845703125,1179.7928466796875
MiniViT,588,1179.970703125,1172.34619140625
MiniViT,589,1175.9093017578125,1174.8460693359375
MiniViT,590,1186.5997314453125,1183.551513671875
MiniViT,591,1179.2760009765625,1178.64697265625
MiniViT,592,1174.2296142578125,1190.61474609375
MiniViT,593,1180.114013671875,1176.94775390625
MiniViT,594,1186.5948486328125,1190.614501953125
MiniViT,595,1183.42822265625,1175.6390380859375
MiniViT,596,1178.99365234375,1184.572021484375
MiniViT,597,1188.1497802734375,1187.291259765625
MiniViT,598,1186.15087890625,1186.8282470703125
MiniViT,599,1187.870361328125,1183.599365234375
MiniViT,600,1176.2030029296875,1178.6851806640625
MiniViT,601,1175.0970458984375,1183.32080078125
MiniViT,602,1185.6611328125,1169.5255126953125
MiniViT,603,1176.8787841796875,1181.2890625
MiniViT,604,1180.989501953125,1176.11328125
MiniViT,605,1183.5743408203125,1171.8680419921875
MiniViT,606,1182.636474609375,1182.6993408203125
MiniViT,607,1182.0450439453125,1181.768798828125
MiniViT,608,1179.6253662109375,1178.165283203125
MiniViT,609,1180.68896484375,1182.2359619140625
MiniViT,610,1184.0537109375,1170.3763427734375
MiniViT,611,1177.8448486328125,1178.856201171875
MiniViT,612,1179.8897705078125,1181.8900146484375
MiniViT,613,1174.025146484375,1172.3944091796875
MiniViT,614,1178.9407958984375,1183.17333984375
MiniViT,615,1177.2337646484375,1169.464599609375
MiniViT,616,1172.8607177734375,1180.009521484375
MiniViT,617,1180.5662841796875,1183.8792724609375
MiniViT,618,1180.06201171875,1178.1378173828125
MiniViT,619,1180.4066162109375,1183.162353515625
MiniViT,620,1167.166748046875,1173.0938720703125
MiniViT,621,1180.373046875,1183.8251953125
MiniViT,622,1175.231201171875,1180.1219482421875
MiniViT,623,1175.080322265625,1176.4927978515625
MiniViT,624,1177.7562255859375,1179.7818603515625
MiniViT,625,1183.769775390625,1179.611083984375
MiniViT,626,1180.2674560546875,1176.853515625
MiniViT,627,1181.3243408203125,1189.8170166015625
MiniViT,628,1183.134521484375,1176.56884765625
MiniViT,629,1184.5216064453125,1183.4820556640625
MiniViT,630,1175.318603515625,1178.51416015625
MiniViT,631,1180.98974609375,1185.8980712890625
MiniViT,632,1182.3057861328125,1175.8515625
MiniViT,633,1173.5638427734375,1182.580810546875
MiniViT,634,1183.7955322265625,1180.227294921875
MiniViT,635,1180.236572265625,1187.509765625
MiniViT,636,1180.856689453125,1172.5042724609375
MiniViT,637,1175.7076416015625,1179.8206787109375
MiniViT,638,1175.9453125,1189.50732421875
MiniViT,639,1178.027587890625,1181.8582763671875
MiniViT,640,1181.505615234375,1180.0272216796875
MiniViT,641,1176.662841796875,1187.2823486328125
MiniViT,642,1179.3197021484375,1178.5595703125
MiniViT,643,1195.6300048828125,1177.4478759765625
MiniViT,644,1182.204345703125,1178.5390625
MiniViT,645,1173.916015625,1168.4801025390625
MiniViT,646,1181.8291015625,1175.752685546875
MiniViT,647,1167.702392578125,1184.2249755859375
MiniViT,648,1175.23974609375,1170.43994140625
MiniViT,649,1186.9332275390625,1186.9874267578125
MiniViT,650,1181.96533203125,1177.747802734375
MiniViT,651,1182.145751953125,1174.3507080078125
MiniViT,652,1180.634765625,1170.0084228515625
MiniViT,653,1178.226806640625,1188.85791015625
MiniViT,654,1176.297607421875,1178.6275634765625
MiniViT,655,1175.4197998046875,1174.9619140625
MiniViT,656,1184.5855712890625,1178.568603515625
MiniViT,657,1179.4002685546875,1180.31005859375
MiniViT,658,1174.5965576171875,1181.7847900390625
MiniViT,659,1176.3358154296875,1183.7523193359375
MiniViT,660,1177.5286865234375,1177.3447265625
MiniViT,661,1187.465087890625,1174.9486083984375
MiniViT,662,1174.57763671875,1170.3758544921875
MiniViT,663,1183.4962158203125,1181.2950439453125
MiniViT,664,1178.8751220703125,1188.695556640625
MiniViT,665,1174.51904296875,1173.3916015625
MiniViT,666,1177.5765380859375,1183.32080078125
MiniViT,667,1173.75341796875,1186.486083984375
MiniViT,668,1186.9715576171875,1173.13134765625
MiniViT,669,1186.3277587890625,1179.591064453125
MiniViT,670,1180.61962890625,1168.518310546875
MiniViT,671,1177.908935546875,1179.2041015625
MiniViT,672,1176.279541015625,1179.8563232421875
MiniViT,673,1183.089599609375,1186.47509765625
MiniViT,674,1179.9732666015625,1184.368408203125
MiniViT,675,1174.330322265625,1188.11376953125
MiniViT,676,1187.048583984375,1179.5682373046875
MiniViT,677,1177.236083984375,1174.2850341796875
MiniViT,678,1181.144287109375,1177.88330078125
MiniViT,679,1176.6229248046875,1169.8380126953125
MiniViT,680,1176.4315185546875,1170.88134765625
MiniViT,681,1174.39453125,1183.4423828125
MiniViT,682,1187.4820556640625,1179.5906982421875
MiniViT,683,1182.060546875,1171.154541015625
MiniViT,684,1183.278076171875,1174.9283447265625
MiniViT,685,1166.3673095703125,1175.353515625
MiniViT,686,1182.6893310546875,1176.810546875
MiniViT,687,1176.5977783203125,1185.207275390625
MiniViT,688,1180.8165283203125,1179.7584228515625
MiniViT,689,1173.261474609375,1181.4271240234375
MiniViT,690,1173.933349609375,1180.7666015625
MiniViT,691,1181.9967041015625,1163.2869873046875
MiniViT,692,1188.68505859375,1176.8814697265625
MiniViT,693,1181.122802734375,1178.02001953125
MiniViT,694,1175.673583984375,1185.09375
MiniViT,695,1184.4090576171875,1172.287109375
MiniViT,696,1181.0430908203125,1177.1505126953125
MiniViT,697,1162.098388671875,1175.1060791015625
MiniViT,698,1183.28076171875,1173.0484619140625
MiniViT,699,1177.227783203125,1179.113525390625
MiniViT,700,1172.5618896484375,1180.38720703125
MiniViT,701,1180.058349609375,1169.2835693359375
MiniViT,702,1178.4014892578125,1171.3135986328125
MiniViT,703,1168.1082763671875,1172.67431640625
MiniViT,704,1175.7320556640625,1177.0225830078125
MiniViT,705,1167.0487060546875,1176.2772216796875
MiniViT,706,1184.738525390625,1182.008056640625
MiniViT,707,1170.6162109375,1167.3360595703125
MiniViT,708,1173.8397216796875,1168.5673828125
MiniViT,709,1179.2501220703125,1181.4453125
MiniViT,710,1170.619384765625,1174.350830078125
MiniViT,711,1176.0462646484375,1168.0462646484375
MiniViT,712,1182.383544921875,1174.7315673828125
MiniViT,713,1177.0345458984375,1183.270751953125
MiniViT,714,1172.9000244140625,1175.1124267578125
MiniViT,715,1178.63720703125,1175.3363037109375
MiniViT,716,1181.3682861328125,1180.39404296875
MiniViT,717,1171.5113525390625,1181.31103515625
MiniViT,718,1171.91162109375,1173.4200439453125
MiniViT,719,1172.3046875,1184.8780517578125
MiniViT,720,1172.1510009765625,1171.33740234375
MiniViT,721,1173.196533203125,1174.18115234375
MiniViT,722,1165.1146240234375,1175.216064453125
MiniViT,723,1181.466796875,1168.701416015625
MiniViT,724,1174.4454345703125,1173.346923828125
MiniViT,725,1172.759765625,1178.745849609375
MiniViT,726,1173.9068603515625,1171.3900146484375
MiniViT,727,1179.083251953125,1177.1712646484375
MiniViT,728,1175.47705078125,1178.417724609375
MiniViT,729,1166.255859375,1177.5960693359375
MiniViT,730,1173.4102783203125,1169.635009765625
MiniViT,731,1190.3465576171875,1174.775146484375
MiniViT,732,1175.529541015625,1175.437255859375
MiniViT,733,1183.5421142578125,1185.46875
MiniViT,734,1174.7303466796875,1172.8685302734375
MiniViT,735,1167.3382568359375,1178.1649169921875
MiniViT,736,1176.8448486328125,1185.6534423828125
MiniViT,737,1166.99853515625,1183.1639404296875
MiniViT,738,1172.912841796875,1178.62841796875
MiniViT,739,1176.4398193359375,1169.5625
MiniViT,740,1166.78759765625,1172.4278564453125
MiniViT,741,1172.4801025390625,1175.7589111328125
MiniViT,742,1178.73779296875,1182.535888671875
MiniViT,743,1172.31689453125,1176.0330810546875
MiniViT,744,1178.75732421875,1185.791748046875
MiniViT,745,1165.1590576171875,1183.163818359375
MiniViT,746,1170.0390625,1178.1456298828125
MiniViT,747,1178.9281005859375,1175.7379150390625
MiniViT,748,1166.241943359375,1172.768798828125
MiniViT,749,1179.98388671875,1171.8052978515625
MiniViT,750,1165.287841796875,1179.5057373046875
MiniViT,751,1180.6671142578125,1168.4105224609375
MiniViT,752,1173.5040283203125,1174.4749755859375
MiniViT,753,1175.353271484375,1179.18603515625
MiniViT,754,1172.06005859375,1182.548828125
MiniViT,755,1177.806884765625,1178.475830078125
MiniViT,756,1166.33154296875,1176.352783203125
MiniViT,757,1173.1715087890625,1162.5810546875
MiniViT,758,1172.6700439453125,1169.15185546875
MiniViT,759,1170.2725830078125,1163.26708984375
MiniViT,760,1175.4854736328125,1172.07275390625
MiniViT,761,1174.625,1177.0972900390625
MiniViT,762,1175.2109375,1162.907958984375
MiniViT,763,1172.5098876953125,1172.4544677734375
MiniViT,764,1170.9473876953125,1166.556640625
MiniViT,765,1180.291015625,1171.676025390625
MiniViT,766,1174.6275634765625,1180.5509033203125
MiniViT,767,1180.96533203125,1174.8284912109375
MiniViT,768,1171.997802734375,1182.5316162109375
MiniViT,769,1174.9383544921875,1174.578857421875
MiniViT,770,1180.381103515625,1183.654052734375
MiniViT,771,1183.9091796875,1171.4989013671875
MiniViT,772,1169.1112060546875,1178.992919921875
MiniViT,773,1175.9947509765625,1176.828857421875
MiniViT,774,1171.832763671875,1172.5880126953125
MiniViT,775,1174.226806640625,1180.557373046875
MiniViT,776,1175.214111328125,1177.3370361328125
MiniViT,777,1178.224853515625,1173.1893310546875
MiniViT,778,1172.099609375,1163.3458251953125
MiniViT,779,1169.671630859375,1170.8848876953125
MiniViT,780,1173.86181640625,1173.2735595703125
MiniViT,781,1176.1185302734375,1175.592529296875
MiniViT,782,1174.02880859375,1182.5443115234375
MiniViT,783,1165.70458984375,1168.931396484375
MiniViT,784,1177.5050048828125,1167.5032958984375
MiniViT,785,1168.423583984375,1175.8992919921875
MiniViT,786,1169.5218505859375,1163.7860107421875
MiniViT,787,1168.9815673828125,1185.1781005859375
MiniViT,788,1181.519775390625,1172.2855224609375
MiniViT,789,1171.60302734375,1175.4334716796875
MiniViT,790,1176.43359375,1169.9859619140625
MiniViT,791,1180.8265380859375,1174.9110107421875
MiniViT,792,1181.03857421875,1168.9556884765625
MiniViT,793,1182.425537109375,1174.5330810546875
MiniViT,794,1170.4639892578125,1175.1260986328125
MiniViT,795,1178.2216796875,1176.4515380859375
MiniViT,796,1169.5980224609375,1166.85009765625
MiniViT,797,1171.822021484375,1170.7965087890625
MiniViT,798,1167.9591064453125,1166.283447265625
MiniViT,799,1171.7012939453125,1175.0743408203125
MiniViT,800,1174.2188720703125,1172.6873779296875
MiniViT,801,1175.0035400390625,1171.64013671875
MiniViT,802,1172.0068359375,1175.4150390625
MiniViT,803,1164.7425537109375,1168.4432373046875
MiniViT,804,1163.0233154296875,1171.3914794921875
MiniViT,805,1187.14501953125,1178.4114990234375
MiniViT,806,1164.3101806640625,1176.4708251953125
MiniViT,807,1178.620361328125,1182.576171875
MiniViT,808,1175.4595947265625,1186.3045654296875
MiniViT,809,1170.349609375,1177.4359130859375
MiniViT,810,1174.704345703125,1170.706298828125
MiniViT,811,1177.3685302734375,1178.340576171875
MiniViT,812,1175.32470703125,1171.068603515625
MiniViT,813,1177.6630859375,1173.4462890625
MiniViT,814,1172.2105712890625,1169.467529296875
MiniViT,815,1176.0855712890625,1178.861328125
MiniViT,816,1173.6649169921875,1165.597900390625
MiniViT,817,1171.2940673828125,1175.4012451171875
MiniViT,818,1173.8905029296875,1172.175048828125
MiniViT,819,1173.3978271484375,1178.788330078125
MiniViT,820,1175.342529296875,1177.8990478515625
MiniViT,821,1171.712158203125,1167.996826171875
MiniViT,822,1177.0023193359375,1168.998779296875
MiniViT,823,1173.3865966796875,1174.1927490234375
MiniViT,824,1173.541259765625,1173.3565673828125
MiniViT,825,1173.601318359375,1169.9368896484375
MiniViT,826,1173.339111328125,1182.66552734375
MiniViT,827,1170.9525146484375,1172.8438720703125
MiniViT,828,1165.302734375,1174.0389404296875
MiniViT,829,1180.169189453125,1172.5911865234375
MiniViT,830,1179.892333984375,1174.8519287109375
MiniViT,831,1180.947021484375,1168.498046875
MiniViT,832,1171.9378662109375,1166.7005615234375
MiniViT,833,1164.44482421875,1164.98779296875
MiniViT,834,1171.363037109375,1175.4171142578125
MiniViT,835,1176.9005126953125,1173.4810791015625
MiniViT,836,1168.1485595703125,1176.6741943359375
MiniViT,837,1175.84228515625,1172.8787841796875
MiniViT,838,1172.805419921875,1175.4610595703125
MiniViT,839,1164.802490234375,1174.6575927734375
MiniViT,840,1169.62060546875,1165.78125
MiniViT,841,1174.9207763671875,1174.32568359375
MiniViT,842,1168.4093017578125,1179.6361083984375
MiniViT,843,1162.8194580078125,1170.8636474609375
MiniViT,844,1167.970947265625,1167.3333740234375
MiniViT,845,1161.7950439453125,1165.251220703125
MiniViT,846,1174.3890380859375,1173.0914306640625
MiniViT,847,1173.371826171875,1167.5252685546875
MiniViT,848,1174.822021484375,1177.2620849609375
MiniViT,849,1166.7281494140625,1171.5113525390625
MiniViT,850,1170.32958984375,1175.61474609375
MiniViT,851,1167.8636474609375,1164.316650390625
MiniViT,852,1180.56494140625,1174.65185546875
MiniViT,853,1163.0230712890625,1178.1290283203125
MiniViT,854,1171.7764892578125,1174.969482421875
MiniViT,855,1173.1414794921875,1169.4635009765625
MiniViT,856,1174.5020751953125,1177.340087890625
MiniViT,857,1174.337646484375,1174.376953125
MiniViT,858,1176.1099853515625,1169.309814453125
MiniViT,859,1179.873046875,1174.6673583984375
MiniViT,860,1176.3626708984375,1164.8123779296875
MiniViT,861,1173.0028076171875,1162.4119873046875
MiniViT,862,1173.623046875,1177.32275390625
MiniViT,863,1175.8125,1168.25732421875
MiniViT,864,1186.8568115234375,1167.1865234375
MiniViT,865,1178.4676513671875,1169.2113037109375
MiniViT,866,1175.1654052734375,1175.4859619140625
MiniViT,867,1166.21435546875,1169.5428466796875
MiniViT,868,1176.02587890625,1175.9869384765625
MiniViT,869,1177.9512939453125,1178.5635986328125
MiniViT,870,1172.2783203125,1164.745849609375
MiniViT,871,1173.0738525390625,1175.2091064453125
MiniViT,872,1168.89208984375,1172.855712890625
MiniViT,873,1180.071044921875,1179.5579833984375
MiniViT,874,1172.263427734375,1174.028564453125
MiniViT,875,1163.7156982421875,1163.4180908203125
MiniViT,876,1176.4840087890625,1171.2340087890625
MiniViT,877,1172.952392578125,1174.8641357421875
MiniViT,878,1169.728759765625,1164.1021728515625
MiniViT,879,1170.4439697265625,1172.5101318359375
MiniViT,880,1171.560791015625,1188.2745361328125
MiniViT,881,1173.4066162109375,1166.4063720703125
MiniViT,882,1168.520751953125,1173.6639404296875
MiniViT,883,1172.9276123046875,1166.1492919921875
MiniViT,884,1160.60400390625,1165.257568359375
MiniViT,885,1169.746826171875,1170.4400634765625
MiniViT,886,1171.08935546875,1162.7115478515625
MiniViT,887,1174.80029296875,1163.123779296875
MiniViT,888,1167.22705078125,1164.0703125
MiniViT,889,1164.924560546875,1173.937255859375
MiniViT,890,1175.47412109375,1163.296630859375
MiniViT,891,1170.7977294921875,1169.294677734375
MiniViT,892,1170.131103515625,1165.768310546875
MiniViT,893,1169.989013671875,1167.467041015625
MiniViT,894,1171.0760498046875,1169.588623046875
MiniViT,895,1173.70703125,1167.670654296875
MiniViT,896,1169.61181640625,1166.6004638671875
MiniViT,897,1177.821533203125,1171.1319580078125
MiniViT,898,1172.329345703125,1173.676025390625
MiniViT,899,1179.36328125,1179.159423828125
MiniViT,900,1168.432861328125,1163.717529296875
MiniViT,901,1167.4971923828125,1167.1673583984375
MiniViT,902,1166.908203125,1177.5660400390625
MiniViT,903,1167.2027587890625,1161.9498291015625
MiniViT,904,1172.4580078125,1161.99462890625
MiniViT,905,1177.1962890625,1177.8143310546875
MiniViT,906,1164.8038330078125,1164.63330078125
MiniViT,907,1163.7552490234375,1175.697021484375
MiniViT,908,1181.19287109375,1176.23779296875
MiniViT,909,1164.0185546875,1169.50634765625
MiniViT,910,1164.5428466796875,1170.0078125
MiniViT,911,1176.23291015625,1166.83984375
MiniViT,912,1179.9095458984375,1169.416015625
MiniViT,913,1168.597900390625,1167.4158935546875
MiniViT,914,1168.446044921875,1166.844482421875
MiniViT,915,1164.5380859375,1183.3724365234375
MiniViT,916,1171.2518310546875,1175.664794921875
MiniViT,917,1172.5062255859375,1168.9532470703125
MiniViT,918,1161.8814697265625,1172.6865234375
MiniViT,919,1169.9830322265625,1174.78125
MiniViT,920,1170.97607421875,1173.2904052734375
MiniViT,921,1172.688232421875,1171.216064453125
MiniViT,922,1163.158203125,1168.717529296875
MiniViT,923,1179.7879638671875,1164.4078369140625
MiniViT,924,1170.16357421875,1167.8994140625
MiniViT,925,1172.7476806640625,1160.228271484375
MiniViT,926,1168.00146484375,1171.4920654296875
MiniViT,927,1164.9595947265625,1173.302001953125
MiniViT,928,1166.238037109375,1172.2022705078125
MiniViT,929,1169.351806640625,1172.4908447265625
MiniViT,930,1170.179443359375,1166.4334716796875
MiniViT,931,1174.7603759765625,1162.1568603515625
MiniViT,932,1176.6070556640625,1170.6817626953125
MiniViT,933,1163.81005859375,1168.0587158203125
MiniViT,934,1174.4718017578125,1175.4505615234375
MiniViT,935,1167.008544921875,1170.21337890625
MiniViT,936,1170.933349609375,1168.4713134765625
MiniViT,937,1170.7406005859375,1170.760498046875
MiniViT,938,1172.434814453125,1176.537109375
MiniViT,939,1156.679443359375,1166.8031005859375
MiniViT,940,1172.13623046875,1174.36376953125
MiniViT,941,1163.2342529296875,1174.5250244140625
MiniViT,942,1156.345947265625,1176.1925048828125
MiniViT,943,1168.416015625,1156.2625732421875
MiniViT,944,1163.5953369140625,1177.671142578125
MiniViT,945,1159.780517578125,1170.0423583984375
MiniViT,946,1174.5355224609375,1179.3260498046875
MiniViT,947,1172.0625,1170.99658203125
MiniViT,948,1170.212158203125,1169.274169921875
MiniViT,949,1168.186767578125,1175.0810546875
MiniViT,950,1171.8580322265625,1167.6197509765625
MiniViT,951,1165.61181640625,1171.3087158203125
MiniViT,952,1164.0380859375,1166.944580078125
MiniViT,953,1171.9412841796875,1167.760498046875
MiniViT,954,1177.2899169921875,1167.57470703125
MiniViT,955,1167.1363525390625,1176.1085205078125
MiniViT,956,1170.4603271484375,1176.85107421875
MiniViT,957,1166.4600830078125,1175.5709228515625
MiniViT,958,1167.0970458984375,1172.83544921875
MiniViT,959,1162.499267578125,1168.134765625
MiniViT,960,1169.2291259765625,1167.6162109375
MiniViT,961,1170.874267578125,1169.9520263671875
MiniViT,962,1178.9381103515625,1167.53125
MiniViT,963,1170.443115234375,1164.9637451171875
MiniViT,964,1169.0001220703125,1168.6435546875
MiniViT,965,1168.6824951171875,1175.734375
MiniViT,966,1164.8890380859375,1163.54833984375
MiniViT,967,1164.5394287109375,1166.355224609375
MiniViT,968,1171.317626953125,1161.458251953125
MiniViT,969,1168.640625,1160.108642578125
MiniViT,970,1171.54638671875,1173.809814453125
MiniViT,971,1167.0771484375,1158.0477294921875
MiniViT,972,1164.1812744140625,1164.987548828125
MiniViT,973,1166.1263427734375,1168.1754150390625
MiniViT,974,1172.42822265625,1173.6903076171875
MiniViT,975,1163.13525390625,1166.18310546875
MiniViT,976,1165.2313232421875,1173.477783203125
MiniViT,977,1173.8150634765625,1170.49609375
MiniViT,978,1175.2855224609375,1167.1595458984375
MiniViT,979,1166.39306640625,1173.3057861328125
MiniViT,980,1175.7823486328125,1175.655517578125
MiniViT,981,1168.5423583984375,1172.8565673828125
MiniViT,982,1158.568603515625,1164.1468505859375
MiniViT,983,1166.4658203125,1160.6728515625
MiniViT,984,1165.207763671875,1170.95556640625
MiniViT,985,1168.42333984375,1170.650146484375
MiniViT,986,1175.3760986328125,1172.246826171875
MiniViT,987,1165.310302734375,1167.9632568359375
MiniViT,988,1164.195068359375,1163.7470703125
MiniViT,989,1168.7161865234375,1170.7618408203125
MiniViT,990,1174.1268310546875,1163.8519287109375
MiniViT,991,1164.101806640625,1172.9417724609375
MiniViT,992,1168.342529296875,1165.6279296875
MiniViT,993,1173.5006103515625,1163.40576171875
MiniViT,994,1167.957275390625,1173.5849609375
MiniViT,995,1176.084716796875,1164.5321044921875
MiniViT,996,1169.79931640625,1159.3931884765625
MiniViT,997,1162.130615234375,1160.3095703125
MiniViT,998,1158.0977783203125,1176.0726318359375
MiniViT,999,1165.562255859375,1167.8662109375
MiniViT,1000,1162.9815673828125,1165.224853515625
MiniViT,1001,1175.42333984375,1163.3828125
MiniViT,1002,1170.4261474609375,1161.7406005859375
MiniViT,1003,1163.8350830078125,1167.0059814453125
MiniViT,1004,1162.874755859375,1168.0330810546875
MiniViT,1005,1162.7537841796875,1170.040771484375
MiniViT,1006,1171.5152587890625,1155.6800537109375
MiniViT,1007,1169.935546875,1167.892578125
MiniViT,1008,1174.7728271484375,1166.2000732421875
MiniViT,1009,1165.3365478515625,1169.917236328125
MiniViT,1010,1164.1009521484375,1168.45068359375
MiniViT,1011,1163.0045166015625,1166.0361328125
MiniViT,1012,1160.8826904296875,1166.5172119140625
MiniViT,1013,1164.3072509765625,1165.056396484375
MiniViT,1014,1171.934814453125,1165.3040771484375
MiniViT,1015,1160.2830810546875,1162.7308349609375
MiniViT,1016,1162.2718505859375,1168.5465087890625
MiniViT,1017,1165.025146484375,1168.8914794921875
MiniViT,1018,1171.5693359375,1169.590087890625
MiniViT,1019,1174.038330078125,1162.7227783203125
MiniViT,1020,1180.092529296875,1166.2115478515625
MiniViT,1021,1163.7684326171875,1167.0220947265625
MiniViT,1022,1163.4705810546875,1163.0250244140625
MiniViT,1023,1176.1800537109375,1172.3548583984375
MiniViT,1024,1168.943115234375,1168.0535888671875
MiniViT,1025,1170.1783447265625,1166.9901123046875
MiniViT,1026,1159.1373291015625,1161.387939453125
MiniViT,1027,1160.7027587890625,1172.8582763671875
MiniViT,1028,1173.374267578125,1171.2032470703125
MiniViT,1029,1170.1502685546875,1156.52978515625
MiniViT,1030,1167.0311279296875,1174.1253662109375
MiniViT,1031,1165.5274658203125,1166.48486328125
MiniViT,1032,1166.024169921875,1157.4610595703125
MiniViT,1033,1173.131103515625,1167.171630859375
MiniViT,1034,1168.91552734375,1174.320556640625
MiniViT,1035,1162.76953125,1163.31298828125
MiniViT,1036,1164.4090576171875,1164.13232421875
MiniViT,1037,1178.356689453125,1166.4119873046875
MiniViT,1038,1164.9058837890625,1161.667236328125
MiniViT,1039,1173.82568359375,1167.8663330078125
MiniViT,1040,1166.3121337890625,1166.6602783203125
MiniViT,1041,1165.004150390625,1164.6798095703125
MiniViT,1042,1158.7808837890625,1166.490966796875
MiniViT,1043,1166.6915283203125,1173.30615234375
MiniViT,1044,1169.759033203125,1171.38916015625
MiniViT,1045,1173.2027587890625,1159.1588134765625
MiniViT,1046,1167.5455322265625,1174.45556640625
MiniViT,1047,1174.3594970703125,1160.954345703125
MiniViT,1048,1164.7933349609375,1169.4921875
MiniViT,1049,1159.9796142578125,1174.8375244140625
MiniViT,1050,1163.3272705078125,1163.9573974609375
MiniViT,1051,1166.6124267578125,1155.5447998046875
MiniViT,1052,1167.7938232421875,1172.1978759765625
MiniViT,1053,1167.677001953125,1172.1778564453125
MiniViT,1054,1174.666259765625,1161.1807861328125
MiniViT,1055,1167.6925048828125,1171.4952392578125
MiniViT,1056,1161.6395263671875,1166.784912109375
MiniViT,1057,1165.534912109375,1162.56005859375
MiniViT,1058,1170.08544921875,1169.3841552734375
MiniViT,1059,1164.55810546875,1164.6302490234375
MiniViT,1060,1174.6416015625,1177.6990966796875
MiniViT,1061,1170.7332763671875,1161.5640869140625
MiniViT,1062,1175.33203125,1167.6695556640625
MiniViT,1063,1167.33056640625,1156.70556640625
MiniViT,1064,1172.624267578125,1160.99560546875
MiniViT,1065,1170.0772705078125,1168.064697265625
MiniViT,1066,1163.4000244140625,1160.0958251953125
MiniViT,1067,1157.9622802734375,1166.2227783203125
MiniViT,1068,1171.9835205078125,1163.7095947265625
MiniViT,1069,1183.544921875,1163.982177734375
MiniViT,1070,1163.985595703125,1168.9111328125
MiniViT,1071,1163.3873291015625,1161.5858154296875
MiniViT,1072,1175.2337646484375,1162.617919921875
MiniViT,1073,1159.8673095703125,1174.6278076171875
MiniViT,1074,1167.9090576171875,1168.097412109375
MiniViT,1075,1160.3043212890625,1164.7012939453125
MiniViT,1076,1163.5443115234375,1171.2581787109375
MiniViT,1077,1170.434326171875,1161.6634521484375
MiniViT,1078,1155.6746826171875,1164.4395751953125
MiniViT,1079,1169.1160888671875,1167.830078125
MiniViT,1080,1162.2442626953125,1167.725341796875
MiniViT,1081,1170.787353515625,1167.725830078125
MiniViT,1082,1169.36376953125,1171.4739990234375
MiniViT,1083,1162.0908203125,1163.1153564453125
MiniViT,1084,1157.9215087890625,1168.5335693359375
MiniViT,1085,1173.3448486328125,1169.917236328125
MiniViT,1086,1168.6297607421875,1155.146240234375
MiniViT,1087,1167.3966064453125,1169.51171875
MiniViT,1088,1174.006591796875,1159.203369140625
MiniViT,1089,1167.4930419921875,1165.4300537109375
MiniViT,1090,1167.5709228515625,1163.080810546875
MiniViT,1091,1170.0745849609375,1166.2310791015625
MiniViT,1092,1164.4229736328125,1161.3135986328125
MiniViT,1093,1162.33349609375,1161.41259765625
MiniViT,1094,1161.0625,1165.972412109375
MiniViT,1095,1168.0123291015625,1162.7689208984375
MiniViT,1096,1169.88720703125,1171.58056640625
MiniViT,1097,1158.4310302734375,1167.8837890625
MiniViT,1098,1160.185546875,1167.0706787109375
MiniViT,1099,1161.9779052734375,1169.4083251953125
MiniViT,1100,1168.8280029296875,1169.4097900390625
MiniViT,1101,1174.8055419921875,1174.3592529296875
MiniViT,1102,1163.9141845703125,1160.1171875
MiniViT,1103,1164.705322265625,1165.60693359375
MiniViT,1104,1162.037109375,1164.8660888671875
MiniViT,1105,1157.9598388671875,1167.32080078125
MiniViT,1106,1163.953857421875,1164.2484130859375
MiniViT,1107,1166.747314453125,1161.70703125
MiniViT,1108,1157.0357666015625,1157.370361328125
MiniViT,1109,1164.483642578125,1170.193603515625
MiniViT,1110,1168.01611328125,1163.193603515625
MiniViT,1111,1173.439208984375,1166.183837890625
MiniViT,1112,1158.3798828125,1168.69384765625
MiniViT,1113,1164.163330078125,1167.4774169921875
MiniViT,1114,1168.1998291015625,1162.5323486328125
MiniViT,1115,1162.1844482421875,1167.7735595703125
MiniViT,1116,1169.1448974609375,1151.5225830078125
MiniViT,1117,1168.251220703125,1157.999267578125
MiniViT,1118,1159.2437744140625,1170.7598876953125
MiniViT,1119,1163.819091796875,1163.396240234375
MiniViT,1120,1150.02001953125,1165.59814453125
MiniViT,1121,1165.918212890625,1165.4737548828125
MiniViT,1122,1174.4720458984375,1165.4024658203125
MiniViT,1123,1167.7625732421875,1165.4591064453125
MiniViT,1124,1168.0421142578125,1166.4200439453125
MiniViT,1125,1170.65234375,1169.6781005859375
MiniViT,1126,1166.177001953125,1170.810302734375
MiniViT,1127,1167.36474609375,1162.614013671875
MiniViT,1128,1175.2567138671875,1160.0479736328125
MiniViT,1129,1160.0740966796875,1167.5977783203125
MiniViT,1130,1153.821533203125,1154.2681884765625
MiniViT,1131,1161.42919921875,1164.7205810546875
MiniViT,1132,1171.38330078125,1165.84375
MiniViT,1133,1160.567138671875,1157.1890869140625
MiniViT,1134,1156.6510009765625,1164.419677734375
MiniViT,1135,1159.1728515625,1165.75927734375
MiniViT,1136,1171.93505859375,1153.37255859375
MiniViT,1137,1166.0526123046875,1167.34521484375
MiniViT,1138,1156.5130615234375,1167.021728515625
MiniViT,1139,1159.528564453125,1167.6318359375
MiniViT,1140,1164.447509765625,1168.682861328125
MiniViT,1141,1163.9930419921875,1159.3880615234375
MiniViT,1142,1157.1822509765625,1165.9324951171875
MiniViT,1143,1158.0345458984375,1163.5457763671875
MiniViT,1144,1161.932373046875,1162.689697265625
MiniViT,1145,1163.374267578125,1163.02783203125
MiniViT,1146,1154.44384765625,1177.7518310546875
MiniViT,1147,1159.9068603515625,1153.7010498046875
MiniViT,1148,1166.62109375,1169.6553955078125
MiniViT,1149,1166.975341796875,1163.33837890625
MiniViT,1150,1159.9998779296875,1162.466552734375
MiniViT,1151,1161.720458984375,1152.2530517578125
MiniViT,1152,1161.77734375,1170.7508544921875
MiniViT,1153,1162.1915283203125,1166.1497802734375
MiniViT,1154,1159.3271484375,1163.398681640625
MiniViT,1155,1163.1512451171875,1168.8150634765625
MiniViT,1156,1158.6431884765625,1165.46728515625
MiniViT,1157,1168.3895263671875,1164.2762451171875
MiniViT,1158,1157.226806640625,1159.4483642578125
MiniViT,1159,1156.17626953125,1166.8175048828125
MiniViT,1160,1166.8408203125,1167.500732421875
MiniViT,1161,1166.9378662109375,1168.7108154296875
MiniViT,1162,1161.446533203125,1168.4825439453125
MiniViT,1163,1170.406005859375,1168.5755615234375
MiniViT,1164,1161.719482421875,1159.662353515625
MiniViT,1165,1156.8702392578125,1167.176025390625
MiniViT,1166,1162.1878662109375,1162.405517578125
MiniViT,1167,1158.1192626953125,1167.83935546875
MiniViT,1168,1168.09521484375,1163.3255615234375
MiniViT,1169,1162.6495361328125,1157.58984375
MiniViT,1170,1165.004150390625,1163.9698486328125
MiniViT,1171,1169.4107666015625,1162.4622802734375
MiniViT,1172,1162.099609375,1159.22509765625
MiniViT,1173,1161.7657470703125,1163.5343017578125
MiniViT,1174,1162.038330078125,1158.7740478515625
MiniViT,1175,1160.02685546875,1159.666748046875
MiniViT,1176,1162.708251953125,1158.581298828125
MiniViT,1177,1161.0849609375,1169.9073486328125
MiniViT,1178,1163.947998046875,1157.197998046875
MiniViT,1179,1163.567138671875,1165.50634765625
MiniViT,1180,1169.1751708984375,1166.2703857421875
MiniViT,1181,1164.3697509765625,1161.46875
MiniViT,1182,1154.4544677734375,1157.6156005859375
MiniViT,1183,1159.398681640625,1168.8740234375
MiniViT,1184,1180.0958251953125,1165.343505859375
MiniViT,1185,1165.9560546875,1161.9622802734375
MiniViT,1186,1163.5438232421875,1158.718017578125
MiniViT,1187,1166.3668212890625,1162.5870361328125
MiniViT,1188,1164.6875,1160.175048828125
MiniViT,1189,1174.23828125,1163.820556640625
MiniViT,1190,1167.5877685546875,1158.31103515625
MiniViT,1191,1157.0640869140625,1162.5118408203125
MiniViT,1192,1170.529541015625,1157.3482666015625
MiniViT,1193,1168.19384765625,1163.31884765625
MiniViT,1194,1168.000732421875,1162.5758056640625
MiniViT,1195,1168.3013916015625,1160.012451171875
MiniViT,1196,1170.8016357421875,1163.0660400390625
MiniViT,1197,1163.390625,1161.003173828125
MiniViT,1198,1162.9560546875,1164.117431640625
MiniViT,1199,1161.2005615234375,1163.789306640625
MiniViT,1200,1153.76904296875,1164.6192626953125
MiniViT,1201,1163.967529296875,1166.4483642578125
MiniViT,1202,1155.87060546875,1164.8294677734375
MiniViT,1203,1163.341064453125,1165.3665771484375
MiniViT,1204,1161.2222900390625,1163.9364013671875
MiniViT,1205,1161.99609375,1155.8704833984375
MiniViT,1206,1166.898193359375,1160.332763671875
MiniViT,1207,1162.060302734375,1149.98779296875
MiniViT,1208,1153.9708251953125,1162.832275390625
MiniViT,1209,1155.6641845703125,1153.5020751953125
MiniViT,1210,1162.28857421875,1158.0843505859375
MiniViT,1211,1161.5794677734375,1162.9464111328125
MiniViT,1212,1160.74609375,1161.216796875
MiniViT,1213,1158.9210205078125,1165.0772705078125
MiniViT,1214,1148.2501220703125,1162.27685546875
MiniViT,1215,1162.134521484375,1164.9920654296875
MiniViT,1216,1158.7222900390625,1168.511962890625
MiniViT,1217,1161.5404052734375,1154.7547607421875
MiniViT,1218,1160.5008544921875,1161.163330078125
MiniViT,1219,1160.5189208984375,1163.0692138671875
MiniViT,1220,1161.3782958984375,1153.554931640625
MiniViT,1221,1163.2650146484375,1166.5726318359375
MiniViT,1222,1155.3642578125,1165.7999267578125
MiniViT,1223,1165.4739990234375,1157.472412109375
MiniViT,1224,1171.2198486328125,1155.08984375
MiniViT,1225,1166.79931640625,1169.20654296875
MiniViT,1226,1157.114501953125,1166.1019287109375
MiniViT,1227,1159.382568359375,1164.066650390625
MiniViT,1228,1169.1923828125,1156.187744140625
MiniViT,1229,1169.8875732421875,1170.1373291015625
MiniViT,1230,1156.5526123046875,1156.62109375
MiniViT,1231,1160.7713623046875,1152.1546630859375
MiniViT,1232,1162.7008056640625,1155.5008544921875
MiniViT,1233,1165.0076904296875,1164.7923583984375
MiniViT,1234,1164.9107666015625,1167.100341796875
MiniViT,1235,1165.9700927734375,1160.5908203125
MiniViT,1236,1151.906494140625,1155.986083984375
MiniViT,1237,1151.0635986328125,1160.6943359375
MiniViT,1238,1163.0838623046875,1158.2025146484375
MiniViT,1239,1170.15380859375,1156.6077880859375
MiniViT,1240,1156.097900390625,1167.669921875
MiniViT,1241,1158.247314453125,1164.6693115234375
MiniViT,1242,1153.3167724609375,1158.4083251953125
MiniViT,1243,1156.85107421875,1162.365478515625
MiniViT,1244,1157.7694091796875,1155.63134765625
MiniViT,1245,1163.7791748046875,1167.20849609375
MiniViT,1246,1169.6463623046875,1156.2540283203125
MiniViT,1247,1157.7340087890625,1153.0025634765625
MiniViT,1248,1158.2330322265625,1156.006591796875
MiniViT,1249,1160.658447265625,1158.1495361328125
MiniViT,1250,1161.092529296875,1160.4735107421875
MiniViT,1251,1161.5406494140625,1161.6173095703125
MiniViT,1252,1162.1925048828125,1158.0113525390625
MiniViT,1253,1161.2001953125,1165.90673828125
MiniViT,1254,1159.4085693359375,1162.2506103515625
MiniViT,1255,1160.8822021484375,1162.5345458984375
MiniViT,1256,1164.354248046875,1166.41162109375
MiniViT,1257,1160.19384765625,1157.75341796875
MiniViT,1258,1171.902099609375,1162.8870849609375
MiniViT,1259,1168.61376953125,1164.147705078125
MiniViT,1260,1164.3087158203125,1157.3707275390625
MiniViT,1261,1157.4891357421875,1173.3128662109375
MiniViT,1262,1157.25537109375,1168.8135986328125
MiniViT,1263,1161.738037109375,1164.513671875
MiniViT,1264,1159.65771484375,1161.8203125
MiniViT,1265,1158.1590576171875,1162.0941162109375
MiniViT,1266,1161.0977783203125,1156.9755859375
MiniViT,1267,1153.495849609375,1157.64306640625
MiniViT,1268,1160.3780517578125,1148.7320556640625
MiniViT,1269,1164.5628662109375,1172.216552734375
MiniViT,1270,1153.997314453125,1156.6094970703125
MiniViT,1271,1147.68701171875,1158.0426025390625
MiniViT,1272,1151.3192138671875,1162.686279296875
MiniViT,1273,1169.7833251953125,1157.4798583984375
MiniViT,1274,1150.30322265625,1157.3760986328125
MiniViT,1275,1154.7301025390625,1165.9261474609375
MiniViT,1276,1161.994384765625,1166.9786376953125
MiniViT,1277,1168.679443359375,1161.62890625
MiniViT,1278,1167.7645263671875,1164.5006103515625
MiniViT,1279,1155.7122802734375,1155.9224853515625
MiniViT,1280,1167.978515625,1165.4466552734375
MiniViT,1281,1154.596923828125,1164.4046630859375
MiniViT,1282,1160.1434326171875,1160.228271484375
MiniViT,1283,1156.8983154296875,1153.955078125
MiniViT,1284,1172.59130859375,1160.4298095703125
MiniViT,1285,1160.85546875,1165.8985595703125
MiniViT,1286,1156.19482421875,1156.558837890625
MiniViT,1287,1161.6571044921875,1166.257080078125
MiniViT,1288,1160.1522216796875,1161.2332763671875
MiniViT,1289,1154.7655029296875,1152.757568359375
MiniViT,1290,1169.5460205078125,1161.415771484375
MiniViT,1291,1162.1097412109375,1162.76904296875
MiniViT,1292,1167.5177001953125,1156.6051025390625
MiniViT,1293,1160.2611083984375,1153.6405029296875
MiniViT,1294,1161.943359375,1157.594482421875
MiniViT,1295,1156.144775390625,1150.423583984375
MiniViT,1296,1168.5020751953125,1170.13330078125
MiniViT,1297,1161.570068359375,1159.0614013671875
MiniViT,1298,1151.163330078125,1157.778076171875
MiniViT,1299,1158.0377197265625,1173.14111328125
MiniViT,1300,1169.1129150390625,1157.4088134765625
MiniViT,1301,1160.87451171875,1167.0208740234375
MiniViT,1302,1158.2587890625,1159.8763427734375
MiniViT,1303,1161.4891357421875,1158.6217041015625
MiniViT,1304,1155.1717529296875,1159.32421875
MiniViT,1305,1153.653564453125,1152.9288330078125
MiniViT,1306,1161.5765380859375,1155.2840576171875
MiniViT,1307,1150.4088134765625,1154.8109130859375
MiniViT,1308,1153.7008056640625,1153.6705322265625
MiniViT,1309,1160.9281005859375,1161.7420654296875
MiniViT,1310,1158.360595703125,1167.0125732421875
MiniViT,1311,1158.914306640625,1157.2745361328125
MiniViT,1312,1148.3900146484375,1161.111328125
MiniViT,1313,1157.500244140625,1148.9324951171875
MiniViT,1314,1159.257080078125,1161.1072998046875
MiniViT,1315,1156.5943603515625,1157.4383544921875
MiniViT,1316,1154.7802734375,1157.2008056640625
MiniViT,1317,1166.49853515625,1165.26953125
MiniViT,1318,1158.0323486328125,1161.7227783203125
MiniViT,1319,1167.234130859375,1157.5142822265625
MiniViT,1320,1151.09228515625,1164.3175048828125
MiniViT,1321,1159.125,1164.259765625
MiniViT,1322,1155.26806640625,1160.1715087890625
MiniViT,1323,1161.16357421875,1153.6600341796875
MiniViT,1324,1165.2821044921875,1160.5791015625
MiniViT,1325,1158.6026611328125,1159.4486083984375
MiniViT,1326,1153.445556640625,1158.255126953125
MiniViT,1327,1166.0357666015625,1145.23974609375
MiniViT,1328,1155.073974609375,1157.7310791015625
MiniViT,1329,1171.19287109375,1158.2952880859375
MiniViT,1330,1159.537109375,1157.584716796875
MiniViT,1331,1155.9583740234375,1167.52294921875
MiniViT,1332,1167.269775390625,1155.2862548828125
MiniViT,1333,1163.2044677734375,1151.586669921875
MiniViT,1334,1161.7579345703125,1161.3172607421875
MiniViT,1335,1165.6824951171875,1161.509033203125
MiniViT,1336,1155.218017578125,1168.1334228515625
MiniViT,1337,1166.6868896484375,1155.41552734375
MiniViT,1338,1157.4620361328125,1152.165283203125
MiniViT,1339,1165.753173828125,1154.4822998046875
MiniViT,1340,1170.381103515625,1158.919189453125
MiniViT,1341,1161.3358154296875,1154.4071044921875
MiniViT,1342,1156.664306640625,1158.181884765625
MiniViT,1343,1160.9805908203125,1159.8656005859375
MiniViT,1344,1148.8382568359375,1163.461181640625
MiniViT,1345,1157.32177734375,1163.666748046875
MiniViT,1346,1159.262451171875,1159.5745849609375
MiniViT,1347,1156.2392578125,1160.0767822265625
MiniViT,1348,1151.6390380859375,1156.50732421875
MiniViT,1349,1159.1795654296875,1161.933837890625
MiniViT,1350,1153.188232421875,1150.8330078125
MiniViT,1351,1149.322265625,1157.50927734375
MiniViT,1352,1161.1282958984375,1169.58056640625
MiniViT,1353,1150.130615234375,1156.8145751953125
MiniViT,1354,1164.2921142578125,1160.3443603515625
MiniViT,1355,1163.612548828125,1165.6019287109375
MiniViT,1356,1164.5010986328125,1154.419189453125
MiniViT,1357,1162.3975830078125,1162.6397705078125
MiniViT,1358,1163.92626953125,1162.309326171875
MiniViT,1359,1150.477783203125,1161.6602783203125
MiniViT,1360,1159.6990966796875,1161.1170654296875
MiniViT,1361,1158.3936767578125,1154.8160400390625
MiniViT,1362,1158.37451171875,1157.8055419921875
MiniViT,1363,1164.9542236328125,1163.724853515625
MiniViT,1364,1161.538330078125,1154.166015625
MiniViT,1365,1167.0264892578125,1166.348388671875
MiniViT,1366,1168.8924560546875,1159.636962890625
MiniViT,1367,1154.705078125,1159.953857421875
MiniViT,1368,1154.636474609375,1155.402099609375
MiniViT,1369,1164.3338623046875,1152.3001708984375
MiniViT,1370,1159.2939453125,1151.74609375
MiniViT,1371,1155.5567626953125,1158.221435546875
MiniViT,1372,1157.1729736328125,1153.0960693359375
MiniViT,1373,1155.852783203125,1156.882568359375
MiniViT,1374,1163.1810302734375,1154.5772705078125
MiniViT,1375,1158.5633544921875,1162.705810546875
MiniViT,1376,1154.855712890625,1153.51708984375
MiniViT,1377,1153.062744140625,1164.9296875
MiniViT,1378,1162.2125244140625,1153.2730712890625
MiniViT,1379,1156.7926025390625,1164.6094970703125
MiniViT,1380,1164.3057861328125,1167.274169921875
MiniViT,1381,1157.8870849609375,1155.2353515625
MiniViT,1382,1160.0233154296875,1160.1400146484375
MiniViT,1383,1150.3389892578125,1163.9254150390625
MiniViT,1384,1150.2685546875,1163.0838623046875
MiniViT,1385,1155.412841796875,1159.87158203125
MiniViT,1386,1166.2962646484375,1161.23388671875
MiniViT,1387,1157.42236328125,1149.96044921875
MiniViT,1388,1157.3785400390625,1166.3885498046875
MiniViT,1389,1160.5052490234375,1157.5843505859375
MiniViT,1390,1161.9366455078125,1157.124755859375
MiniViT,1391,1153.8291015625,1155.80419921875
MiniViT,1392,1155.319091796875,1164.3380126953125
MiniViT,1393,1163.477294921875,1152.921875
MiniViT,1394,1153.3699951171875,1160.0177001953125
MiniViT,1395,1142.431396484375,1153.830810546875
MiniViT,1396,1152.9752197265625,1156.06005859375
MiniViT,1397,1159.5086669921875,1155.7705078125
MiniViT,1398,1156.787109375,1155.551513671875
MiniViT,1399,1165.9541015625,1162.4598388671875
MiniViT,1400,1157.2158203125,1158.0152587890625
MiniViT,1401,1160.8099365234375,1166.5155029296875
MiniViT,1402,1160.16259765625,1162.4002685546875
MiniViT,1403,1155.1318359375,1164.591796875
MiniViT,1404,1166.6490478515625,1150.868896484375
MiniViT,1405,1158.2945556640625,1155.769287109375
MiniViT,1406,1158.432861328125,1155.1060791015625
MiniViT,1407,1166.9476318359375,1150.7315673828125
MiniViT,1408,1158.029296875,1146.468505859375
MiniViT,1409,1161.15234375,1150.5328369140625
MiniViT,1410,1158.66357421875,1164.3304443359375
MiniViT,1411,1161.3048095703125,1164.8175048828125
MiniViT,1412,1160.5855712890625,1158.5751953125
MiniViT,1413,1148.224609375,1157.015380859375
MiniViT,1414,1165.1612548828125,1162.4635009765625
MiniViT,1415,1155.4111328125,1153.6827392578125
MiniViT,1416,1152.97607421875,1158.2567138671875
MiniViT,1417,1154.8646240234375,1150.364990234375
MiniViT,1418,1157.2044677734375,1146.8646240234375
MiniViT,1419,1158.7327880859375,1155.031005859375
MiniViT,1420,1160.6287841796875,1163.550537109375
MiniViT,1421,1156.189208984375,1163.04833984375
MiniViT,1422,1154.554443359375,1162.5638427734375
MiniViT,1423,1156.7169189453125,1157.876708984375
MiniViT,1424,1156.0013427734375,1153.87646484375
MiniViT,1425,1156.4083251953125,1143.838134765625
MiniViT,1426,1157.89306640625,1160.2965087890625
MiniViT,1427,1153.2032470703125,1153.1988525390625
MiniViT,1428,1152.378662109375,1158.2921142578125
MiniViT,1429,1155.7703857421875,1158.828125
MiniViT,1430,1158.716064453125,1148.4285888671875
MiniViT,1431,1151.9718017578125,1157.2955322265625
MiniViT,1432,1138.82275390625,1157.8382568359375
MiniViT,1433,1160.2291259765625,1153.51611328125
MiniViT,1434,1156.861083984375,1169.4097900390625
MiniViT,1435,1153.646484375,1154.47607421875
MiniViT,1436,1154.58544921875,1155.8865966796875
MiniViT,1437,1147.9127197265625,1148.83984375
MiniViT,1438,1152.3951416015625,1150.89208984375
MiniViT,1439,1163.52734375,1166.55810546875
MiniViT,1440,1153.735595703125,1145.849365234375
MiniViT,1441,1152.451904296875,1151.8575439453125
MiniViT,1442,1154.8870849609375,1156.3580322265625
MiniViT,1443,1158.0850830078125,1144.5828857421875
MiniViT,1444,1157.1414794921875,1148.2694091796875
MiniViT,1445,1159.186767578125,1155.0462646484375
MiniViT,1446,1148.244384765625,1155.1649169921875
MiniViT,1447,1151.8140869140625,1161.4150390625
MiniViT,1448,1153.371826171875,1164.182861328125
MiniViT,1449,1149.2850341796875,1160.558349609375
MiniViT,1450,1163.0047607421875,1152.8040771484375
MiniViT,1451,1150.8658447265625,1157.2203369140625
MiniViT,1452,1155.258544921875,1164.741943359375
MiniViT,1453,1158.3050537109375,1157.5675048828125
MiniViT,1454,1147.3603515625,1153.6976318359375
MiniViT,1455,1162.46728515625,1156.115234375
MiniViT,1456,1162.22705078125,1153.347900390625
MiniViT,1457,1160.8887939453125,1167.6302490234375
MiniViT,1458,1162.1834716796875,1151.5078125
MiniViT,1459,1157.0885009765625,1161.19775390625
MiniViT,1460,1154.8487548828125,1157.796875
MiniViT,1461,1151.299560546875,1156.2193603515625
MiniViT,1462,1148.3905029296875,1155.5924072265625
MiniViT,1463,1155.9991455078125,1147.445556640625
MiniViT,1464,1158.127197265625,1159.947998046875
MiniViT,1465,1156.28515625,1147.0897216796875
MiniViT,1466,1152.7989501953125,1147.443603515625
MiniViT,1467,1146.2705078125,1164.871826171875
MiniViT,1468,1148.4114990234375,1162.770263671875
MiniViT,1469,1160.9466552734375,1166.828857421875
MiniViT,1470,1155.6220703125,1160.1702880859375
MiniViT,1471,1149.58544921875,1150.506591796875
MiniViT,1472,1157.2037353515625,1150.5770263671875
MiniViT,1473,1149.8623046875,1150.248291015625
MiniViT,1474,1164.444580078125,1148.2728271484375
MiniViT,1475,1161.273193359375,1157.181396484375
MiniViT,1476,1157.4788818359375,1153.009033203125
MiniViT,1477,1151.747802734375,1159.48681640625
MiniViT,1478,1163.060546875,1150.967529296875
MiniViT,1479,1155.719970703125,1154.3150634765625
MiniViT,1480,1150.3038330078125,1150.5791015625
MiniViT,1481,1151.404541015625,1158.2491455078125
MiniViT,1482,1152.6552734375,1151.707763671875
MiniViT,1483,1154.3062744140625,1155.214111328125
MiniViT,1484,1146.93212890625,1153.387451171875
MiniViT,1485,1149.2874755859375,1157.92578125
MiniViT,1486,1168.489013671875,1146.0302734375
MiniViT,1487,1160.261962890625,1159.4859619140625
MiniViT,1488,1157.079345703125,1153.7862548828125
MiniViT,1489,1146.349365234375,1148.23681640625
MiniViT,1490,1151.3187255859375,1160.6966552734375
MiniViT,1491,1148.779052734375,1164.9267578125
MiniViT,1492,1146.6470947265625,1152.374755859375
MiniViT,1493,1144.9573974609375,1153.39697265625
MiniViT,1494,1152.1375732421875,1154.8778076171875
MiniViT,1495,1157.1502685546875,1150.8372802734375
MiniViT,1496,1157.3475341796875,1157.6156005859375
MiniViT,1497,1150.4722900390625,1156.5040283203125
MiniViT,1498,1155.487548828125,1165.6318359375
MiniViT,1499,1144.5921630859375,1161.6060791015625
MiniViT,1500,1147.88525390625,1149.755615234375
MiniViT,1501,1150.18896484375,1153.293701171875
MiniViT,1502,1146.297607421875,1156.912841796875
MiniViT,1503,1154.767822265625,1152.18505859375
MiniViT,1504,1166.12744140625,1154.413330078125
MiniViT,1505,1148.5950927734375,1154.572021484375
MiniViT,1506,1166.548095703125,1155.69091796875
MiniViT,1507,1150.56494140625,1148.8995361328125
MiniViT,1508,1150.6903076171875,1149.702880859375
MiniViT,1509,1149.4332275390625,1161.5445556640625
MiniViT,1510,1146.1051025390625,1146.01171875
MiniViT,1511,1149.9176025390625,1154.4698486328125
MiniViT,1512,1152.1187744140625,1149.83984375
MiniViT,1513,1147.1258544921875,1159.22802734375
MiniViT,1514,1149.497314453125,1156.0244140625
MiniViT,1515,1144.6136474609375,1161.165771484375
MiniViT,1516,1161.2506103515625,1156.397216796875
MiniViT,1517,1158.80029296875,1159.1328125
MiniViT,1518,1159.0958251953125,1161.635498046875
MiniViT,1519,1163.26318359375,1147.183349609375
MiniViT,1520,1159.2813720703125,1156.2950439453125
MiniViT,1521,1160.870361328125,1157.1612548828125
MiniViT,1522,1161.3365478515625,1148.2623291015625
MiniViT,1523,1157.44775390625,1163.686279296875
MiniViT,1524,1155.454833984375,1152.1190185546875
MiniViT,1525,1150.861083984375,1156.300048828125
MiniViT,1526,1147.840576171875,1154.7093505859375
MiniViT,1527,1151.0020751953125,1161.689697265625
MiniViT,1528,1159.6373291015625,1150.17529296875
MiniViT,1529,1159.792236328125,1150.0118408203125
MiniViT,1530,1145.5120849609375,1154.7808837890625
MiniViT,1531,1154.154541015625,1157.58935546875
MiniViT,1532,1154.851806640625,1148.23876953125
MiniViT,1533,1154.0068359375,1158.837158203125
MiniViT,1534,1157.404541015625,1148.738525390625
MiniViT,1535,1152.6492919921875,1154.3062744140625
MiniViT,1536,1154.99951171875,1162.2044677734375
MiniViT,1537,1149.3868408203125,1151.0047607421875
MiniViT,1538,1162.499267578125,1153.29638671875
MiniViT,1539,1153.649169921875,1145.937744140625
MiniViT,1540,1149.0565185546875,1155.415283203125
MiniViT,1541,1156.3548583984375,1141.757568359375
MiniViT,1542,1150.28369140625,1155.37158203125
MiniViT,1543,1161.7568359375,1154.862060546875
MiniViT,1544,1160.197509765625,1148.250244140625
MiniViT,1545,1156.40771484375,1153.7205810546875
MiniViT,1546,1158.2105712890625,1150.801513671875
MiniViT,1547,1151.3895263671875,1151.822021484375
MiniViT,1548,1147.7171630859375,1159.39111328125
MiniViT,1549,1158.2506103515625,1152.6640625
MiniViT,1550,1150.48974609375,1161.934326171875
MiniViT,1551,1156.8460693359375,1150.1795654296875
MiniViT,1552,1154.110107421875,1144.023193359375
MiniViT,1553,1152.9798583984375,1150.8592529296875
MiniViT,1554,1151.368408203125,1155.977783203125
MiniViT,1555,1148.6583251953125,1154.302978515625
MiniViT,1556,1154.6689453125,1148.329345703125
MiniViT,1557,1150.540283203125,1152.120849609375
MiniViT,1558,1151.7813720703125,1153.4410400390625
MiniViT,1559,1154.4090576171875,1153.9542236328125
MiniViT,1560,1146.10009765625,1150.51611328125
MiniViT,1561,1151.365966796875,1157.787109375
MiniViT,1562,1151.3070068359375,1164.11328125
MiniViT,1563,1158.939697265625,1148.3035888671875
MiniViT,1564,1150.998291015625,1150.406982421875
MiniViT,1565,1161.5352783203125,1158.0562744140625
MiniViT,1566,1154.614013671875,1154.0030517578125
MiniViT,1567,1144.62353515625,1152.2752685546875
MiniViT,1568,1151.9632568359375,1153.8487548828125
MiniViT,1569,1155.5528564453125,1158.5870361328125
MiniViT,1570,1152.260009765625,1155.5247802734375
MiniViT,1571,1149.51025390625,1149.267822265625
MiniViT,1572,1156.5015869140625,1153.9677734375
MiniViT,1573,1157.326171875,1146.270751953125
MiniViT,1574,1157.7076416015625,1156.1195068359375
MiniViT,1575,1148.5250244140625,1145.39453125
MiniViT,1576,1152.981201171875,1154.558349609375
MiniViT,1577,1154.64990234375,1152.956787109375
MiniViT,1578,1152.3460693359375,1151.4591064453125
MiniViT,1579,1158.5927734375,1147.404052734375
MiniViT,1580,1161.31298828125,1152.704345703125
MiniViT,1581,1149.1612548828125,1151.217041015625
MiniViT,1582,1147.0126953125,1160.5631103515625
MiniViT,1583,1151.3896484375,1157.1165771484375
MiniViT,1584,1157.0640869140625,1147.2615966796875
MiniViT,1585,1163.017822265625,1149.0550537109375
MiniViT,1586,1141.8358154296875,1154.0457763671875
MiniViT,1587,1154.3038330078125,1156.15869140625
MiniViT,1588,1152.43994140625,1151.884521484375
MiniViT,1589,1148.0673828125,1155.8345947265625
MiniViT,1590,1158.204833984375,1154.5155029296875
MiniViT,1591,1153.486083984375,1158.60498046875
MiniViT,1592,1144.4783935546875,1141.517822265625
MiniViT,1593,1152.1370849609375,1148.0562744140625
MiniViT,1594,1160.3380126953125,1147.8880615234375
MiniViT,1595,1148.714111328125,1157.31787109375
MiniViT,1596,1148.151611328125,1161.0145263671875
MiniViT,1597,1153.0423583984375,1161.255859375
MiniViT,1598,1148.02587890625,1162.88330078125
MiniViT,1599,1153.350341796875,1149.4083251953125
MiniViT,1600,1158.6348876953125,1160.54296875
MiniViT,1601,1155.2850341796875,1160.8431396484375
MiniViT,1602,1149.6795654296875,1155.993896484375
MiniViT,1603,1161.3043212890625,1163.171142578125
MiniViT,1604,1163.726806640625,1143.9393310546875
MiniViT,1605,1153.5400390625,1149.8555908203125
MiniViT,1606,1145.793701171875,1146.761962890625
MiniViT,1607,1147.161376953125,1150.208251953125
MiniViT,1608,1150.598388671875,1148.71826171875
MiniViT,1609,1153.540283203125,1145.56201171875
MiniViT,1610,1144.8687744140625,1150.200439453125
MiniViT,1611,1148.523193359375,1148.6163330078125
MiniViT,1612,1152.5623779296875,1155.0953369140625
MiniViT,1613,1156.4493408203125,1153.46875
MiniViT,1614,1154.4324951171875,1148.427734375
MiniViT,1615,1155.492919921875,1143.6502685546875
MiniViT,1616,1152.01025390625,1141.551513671875
MiniViT,1617,1148.1365966796875,1156.798828125
MiniViT,1618,1146.15234375,1156.7032470703125
MiniViT,1619,1151.8358154296875,1149.7525634765625
MiniViT,1620,1157.5137939453125,1142.2508544921875
MiniViT,1621,1150.798583984375,1148.51953125
MiniViT,1622,1153.873779296875,1163.20751953125
MiniViT,1623,1151.3245849609375,1145.3890380859375
MiniViT,1624,1154.872802734375,1148.4556884765625
MiniViT,1625,1151.7470703125,1144.2392578125
MiniViT,1626,1148.5908203125,1146.5550537109375
MiniViT,1627,1148.21240234375,1152.1728515625
MiniViT,1628,1145.47119140625,1159.36083984375
MiniViT,1629,1148.6571044921875,1147.0538330078125
MiniViT,1630,1150.1795654296875,1150.791015625
MiniViT,1631,1153.62451171875,1155.8045654296875
MiniViT,1632,1156.021240234375,1147.5960693359375
MiniViT,1633,1155.517333984375,1151.979248046875
MiniViT,1634,1159.10107421875,1154.738525390625
MiniViT,1635,1165.5875244140625,1145.6510009765625
MiniViT,1636,1143.0118408203125,1150.078125
MiniViT,1637,1147.4000244140625,1159.4559326171875
MiniViT,1638,1141.7230224609375,1156.3448486328125
MiniViT,1639,1146.6962890625,1148.2105712890625
MiniViT,1640,1152.1114501953125,1160.8564453125
MiniViT,1641,1149.9298095703125,1147.93603515625
MiniViT,1642,1157.12890625,1150.8963623046875
MiniViT,1643,1151.539794921875,1147.982177734375
MiniViT,1644,1161.1640625,1154.7628173828125
MiniViT,1645,1151.797607421875,1151.63818359375
MiniViT,1646,1154.072021484375,1151.8876953125
MiniViT,1647,1144.6939697265625,1145.1214599609375
MiniViT,1648,1154.8641357421875,1139.214599609375
MiniViT,1649,1157.6114501953125,1152.287353515625
MiniViT,1650,1148.758056640625,1162.3162841796875
MiniViT,1651,1149.99853515625,1157.904052734375
MiniViT,1652,1151.85400390625,1150.21435546875
MiniViT,1653,1150.569580078125,1151.1309814453125
MiniViT,1654,1156.0328369140625,1151.5517578125
MiniViT,1655,1146.46484375,1148.863037109375
MiniViT,1656,1158.111083984375,1146.86474609375
MiniViT,1657,1151.6800537109375,1151.2275390625
MiniViT,1658,1149.2430419921875,1145.182373046875
MiniViT,1659,1147.81982421875,1156.3505859375
MiniViT,1660,1149.846923828125,1154.9217529296875
MiniViT,1661,1157.580322265625,1146.7998046875
MiniViT,1662,1153.0657958984375,1158.735595703125
MiniViT,1663,1152.5321044921875,1160.953369140625
MiniViT,1664,1145.8919677734375,1146.9549560546875
MiniViT,1665,1148.1156005859375,1160.5167236328125
MiniViT,1666,1155.635498046875,1146.572021484375
MiniViT,1667,1157.62109375,1155.810791015625
MiniViT,1668,1147.76171875,1150.7237548828125
MiniViT,1669,1151.109375,1150.977294921875
MiniViT,1670,1163.7198486328125,1155.4527587890625
MiniViT,1671,1152.94482421875,1154.755615234375
MiniViT,1672,1159.3323974609375,1159.5426025390625
MiniViT,1673,1152.0462646484375,1146.927490234375
MiniViT,1674,1145.086669921875,1155.3167724609375
MiniViT,1675,1147.8980712890625,1152.5225830078125
MiniViT,1676,1151.249267578125,1145.3409423828125
MiniViT,1677,1149.754150390625,1150.5635986328125
MiniViT,1678,1154.678466796875,1142.0325927734375
MiniViT,1679,1152.7203369140625,1157.1805419921875
MiniViT,1680,1140.99560546875,1155.196044921875
MiniViT,1681,1144.6962890625,1145.6165771484375
MiniViT,1682,1147.953369140625,1153.049560546875
MiniViT,1683,1153.766357421875,1145.8350830078125
MiniViT,1684,1143.2950439453125,1150.1846923828125
MiniViT,1685,1150.1329345703125,1154.8818359375
MiniViT,1686,1142.611328125,1154.40185546875
MiniViT,1687,1151.8472900390625,1139.2017822265625
MiniViT,1688,1151.6324462890625,1151.0936279296875
MiniViT,1689,1144.0958251953125,1157.923828125
MiniViT,1690,1150.136962890625,1146.849365234375
MiniViT,1691,1154.6400146484375,1158.9825439453125
MiniViT,1692,1150.540283203125,1153.2752685546875
MiniViT,1693,1154.4073486328125,1148.384765625
MiniViT,1694,1146.1719970703125,1148.85302734375
MiniViT,1695,1155.2840576171875,1145.8382568359375
MiniViT,1696,1152.604248046875,1148.512939453125
MiniViT,1697,1152.447509765625,1156.25634765625
MiniViT,1698,1150.04296875,1142.1597900390625
MiniViT,1699,1151.8438720703125,1157.6451416015625
MiniViT,1700,1152.9664306640625,1153.5302734375
MiniViT,1701,1151.959228515625,1141.912109375
MiniViT,1702,1158.870361328125,1152.232177734375
MiniViT,1703,1160.6993408203125,1147.909912109375
MiniViT,1704,1146.128662109375,1147.1402587890625
MiniViT,1705,1148.603515625,1158.2572021484375
MiniViT,1706,1148.724365234375,1149.6163330078125
MiniViT,1707,1150.741943359375,1145.811767578125
MiniViT,1708,1151.5802001953125,1143.5030517578125
MiniViT,1709,1152.8134765625,1146.6990966796875
MiniViT,1710,1144.7755126953125,1146.1580810546875
MiniViT,1711,1154.87353515625,1145.1298828125
MiniViT,1712,1149.167724609375,1145.209228515625
MiniViT,1713,1144.5390625,1144.548095703125
MiniViT,1714,1152.11474609375,1144.9776611328125
MiniViT,1715,1147.75390625,1152.8675537109375
MiniViT,1716,1156.6968994140625,1151.876220703125
MiniViT,1717,1150.0172119140625,1148.0814208984375
MiniViT,1718,1151.1405029296875,1146.508544921875
MiniViT,1719,1145.7044677734375,1150.8955078125
MiniViT,1720,1159.893798828125,1144.366943359375
MiniViT,1721,1149.8663330078125,1149.6651611328125
MiniViT,1722,1149.3746337890625,1150.03955078125
MiniViT,1723,1145.5677490234375,1145.8123779296875
MiniViT,1724,1146.5455322265625,1151.296142578125
MiniViT,1725,1158.1326904296875,1151.20654296875
MiniViT,1726,1162.722900390625,1156.3017578125
MiniViT,1727,1158.921142578125,1150.7105712890625
MiniViT,1728,1141.6771240234375,1150.753662109375
MiniViT,1729,1149.1239013671875,1153.0341796875
MiniViT,1730,1156.8692626953125,1143.7947998046875
MiniViT,1731,1152.728271484375,1141.176025390625
MiniViT,1732,1146.00927734375,1152.4119873046875
MiniViT,1733,1151.7720947265625,1160.4708251953125
MiniViT,1734,1141.051513671875,1151.39111328125
MiniViT,1735,1150.411865234375,1142.554443359375
MiniViT,1736,1146.159912109375,1160.3170166015625
MiniViT,1737,1147.2445068359375,1143.92333984375
MiniViT,1738,1150.03271484375,1155.1605224609375
MiniViT,1739,1138.77587890625,1148.76806640625
MiniViT,1740,1144.8729248046875,1151.110107421875
MiniViT,1741,1149.1444091796875,1158.8380126953125
MiniViT,1742,1153.418212890625,1147.45166015625
MiniViT,1743,1150.142578125,1150.0
MiniViT,1744,1156.9700927734375,1154.93603515625
MiniViT,1745,1159.0118408203125,1151.360107421875
MiniViT,1746,1145.07080078125,1148.3233642578125
MiniViT,1747,1152.865966796875,1144.3583984375
MiniViT,1748,1138.6300048828125,1142.1209716796875
MiniViT,1749,1150.6107177734375,1140.6390380859375
MiniViT,1750,1145.5517578125,1149.039794921875
MiniViT,1751,1153.2830810546875,1153.3792724609375
MiniViT,1752,1151.6678466796875,1154.4354248046875
MiniViT,1753,1147.4908447265625,1141.5465087890625
MiniViT,1754,1151.7213134765625,1151.5975341796875
MiniViT,1755,1151.9573974609375,1137.4715576171875
MiniViT,1756,1141.7325439453125,1153.382080078125
MiniViT,1757,1153.6695556640625,1145.09130859375
MiniViT,1758,1145.1849365234375,1146.3828125
MiniViT,1759,1153.30224609375,1138.4417724609375
MiniViT,1760,1149.7916259765625,1138.5120849609375
MiniViT,1761,1142.0478515625,1148.833251953125
MiniViT,1762,1154.8970947265625,1152.8519287109375
MiniViT,1763,1151.6912841796875,1149.3917236328125
MiniViT,1764,1144.5885009765625,1154.715576171875
MiniViT,1765,1153.095947265625,1144.937255859375
MiniViT,1766,1153.01708984375,1146.8167724609375
MiniViT,1767,1151.9041748046875,1143.7447509765625
MiniViT,1768,1149.2320556640625,1159.1595458984375
MiniViT,1769,1141.634033203125,1139.9869384765625
MiniViT,1770,1155.6024169921875,1150.64013671875
MiniViT,1771,1152.2518310546875,1157.1873779296875
MiniViT,1772,1156.4130859375,1151.7108154296875
MiniViT,1773,1158.600830078125,1148.986572265625
MiniViT,1774,1151.32958984375,1144.777099609375
MiniViT,1775,1139.777099609375,1145.8375244140625
MiniViT,1776,1144.20458984375,1147.7598876953125
MiniViT,1777,1149.2320556640625,1153.318359375
MiniViT,1778,1149.089599609375,1135.353271484375
MiniViT,1779,1148.44482421875,1142.4912109375
MiniViT,1780,1147.7003173828125,1137.465087890625
MiniViT,1781,1151.2132568359375,1143.537109375
MiniViT,1782,1151.76171875,1141.291015625
MiniViT,1783,1155.529541015625,1163.572265625
MiniViT,1784,1144.737060546875,1159.010009765625
MiniViT,1785,1146.51708984375,1149.9873046875
MiniViT,1786,1153.73828125,1145.003173828125
MiniViT,1787,1157.40380859375,1146.771240234375
MiniViT,1788,1140.2056884765625,1141.8658447265625
MiniViT,1789,1146.093505859375,1147.125
MiniViT,1790,1146.5582275390625,1148.565673828125
MiniViT,1791,1144.5115966796875,1142.809814453125
MiniViT,1792,1145.0848388671875,1137.7991943359375
MiniViT,1793,1149.9903564453125,1155.3291015625
MiniViT,1794,1144.665283203125,1158.6650390625
MiniViT,1795,1137.0230712890625,1155.926025390625
MiniViT,1796,1155.4920654296875,1159.5157470703125
MiniViT,1797,1151.291259765625,1153.4215087890625
MiniViT,1798,1156.1707763671875,1145.892578125
MiniViT,1799,1148.182861328125,1154.2900390625
MiniViT,1800,1147.66552734375,1144.1195068359375
MiniViT,1801,1149.2935791015625,1152.93017578125
MiniViT,1802,1141.3428955078125,1144.718994140625
MiniViT,1803,1154.822265625,1149.0526123046875
MiniViT,1804,1145.082275390625,1143.255859375
MiniViT,1805,1138.811279296875,1152.7088623046875
MiniViT,1806,1147.0653076171875,1135.7752685546875
MiniViT,1807,1140.9356689453125,1148.81005859375
MiniViT,1808,1146.97705078125,1150.364013671875
MiniViT,1809,1150.932861328125,1143.095947265625
MiniViT,1810,1149.5496826171875,1155.210693359375
MiniViT,1811,1155.51220703125,1147.341552734375
MiniViT,1812,1145.061767578125,1146.968994140625
MiniViT,1813,1139.9517822265625,1149.1983642578125
MiniViT,1814,1151.541015625,1137.04296875
MiniViT,1815,1151.752685546875,1147.194091796875
MiniViT,1816,1147.7947998046875,1143.8785400390625
MiniViT,1817,1148.43017578125,1149.358154296875
MiniViT,1818,1149.5631103515625,1152.31982421875
MiniViT,1819,1146.625244140625,1139.8824462890625
MiniViT,1820,1144.3795166015625,1145.978271484375
MiniViT,1821,1154.6954345703125,1150.4639892578125
MiniViT,1822,1146.791259765625,1141.5340576171875
MiniViT,1823,1146.2645263671875,1142.245361328125
MiniViT,1824,1144.875244140625,1147.9732666015625
MiniViT,1825,1152.34130859375,1153.4844970703125
MiniViT,1826,1146.84033203125,1154.3258056640625
MiniViT,1827,1143.6514892578125,1143.0047607421875
MiniViT,1828,1153.6246337890625,1152.848388671875
MiniViT,1829,1150.7200927734375,1143.9693603515625
MiniViT,1830,1150.164306640625,1149.3675537109375
MiniViT,1831,1146.6507568359375,1144.353271484375
MiniViT,1832,1135.604248046875,1150.3160400390625
MiniViT,1833,1147.6385498046875,1143.2413330078125
MiniViT,1834,1144.66552734375,1151.829345703125
MiniViT,1835,1142.548095703125,1148.9915771484375
MiniViT,1836,1144.30810546875,1154.4940185546875
MiniViT,1837,1150.4288330078125,1148.9637451171875
MiniViT,1838,1146.6285400390625,1147.788818359375
MiniViT,1839,1145.483154296875,1141.6873779296875
MiniViT,1840,1150.143310546875,1142.198974609375
MiniViT,1841,1139.65185546875,1144.5821533203125
MiniViT,1842,1141.7725830078125,1148.39111328125
MiniViT,1843,1150.747314453125,1149.6917724609375
MiniViT,1844,1137.6092529296875,1146.259521484375
MiniViT,1845,1138.561767578125,1155.9180908203125
MiniViT,1846,1152.5120849609375,1142.64599609375
MiniViT,1847,1154.4393310546875,1148.68603515625
MiniViT,1848,1149.84765625,1151.048095703125
MiniViT,1849,1149.4947509765625,1142.3868408203125
MiniViT,1850,1142.7852783203125,1153.0460205078125
MiniViT,1851,1147.9207763671875,1147.2840576171875
MiniViT,1852,1144.08837890625,1151.3984375
MiniViT,1853,1138.7318115234375,1148.3204345703125
MiniViT,1854,1144.840087890625,1151.380615234375
MiniViT,1855,1140.92822265625,1153.1533203125
MiniViT,1856,1141.6898193359375,1144.6920166015625
MiniViT,1857,1153.7149658203125,1155.964599609375
MiniViT,1858,1152.530029296875,1140.1820068359375
MiniViT,1859,1154.2098388671875,1148.5877685546875
MiniViT,1860,1140.5054931640625,1141.8035888671875
MiniViT,1861,1142.7542724609375,1149.9739990234375
MiniViT,1862,1150.208251953125,1149.5357666015625
MiniViT,1863,1149.342041015625,1144.6943359375
MiniViT,1864,1156.151611328125,1144.3907470703125
MiniViT,1865,1143.80908203125,1145.446044921875
MiniViT,1866,1149.6043701171875,1142.47705078125
MiniViT,1867,1147.90576171875,1143.8341064453125
MiniViT,1868,1139.4613037109375,1149.987060546875
MiniViT,1869,1154.203125,1150.311279296875
MiniViT,1870,1143.4486083984375,1139.905029296875
MiniViT,1871,1136.8941650390625,1142.00830078125
MiniViT,1872,1145.6378173828125,1145.4498291015625
MiniViT,1873,1149.7520751953125,1146.7308349609375
MiniViT,1874,1147.5806884765625,1148.0318603515625
MiniViT,1875,1155.8863525390625,1141.6473388671875
MiniViT,1876,1146.09033203125,1150.9295654296875
MiniViT,1877,1145.913330078125,1147.1480712890625
MiniViT,1878,1135.603515625,1148.285888671875
MiniViT,1879,1152.885986328125,1137.8929443359375
MiniViT,1880,1138.68701171875,1152.9097900390625
MiniViT,1881,1147.960205078125,1148.58349609375
MiniViT,1882,1141.060791015625,1142.9622802734375
MiniViT,1883,1155.810302734375,1148.6298828125
MiniViT,1884,1134.6763916015625,1144.8653564453125
MiniViT,1885,1145.248046875,1142.3094482421875
MiniViT,1886,1145.6649169921875,1151.46240234375
MiniViT,1887,1149.8201904296875,1147.69482421875
MiniViT,1888,1144.2010498046875,1133.910888671875
MiniViT,1889,1140.4012451171875,1148.402587890625
MiniViT,1890,1144.0745849609375,1144.455078125
MiniViT,1891,1146.378173828125,1142.5562744140625
MiniViT,1892,1137.2742919921875,1139.4517822265625
MiniViT,1893,1150.8487548828125,1148.6153564453125
MiniViT,1894,1146.76806640625,1136.559326171875
MiniViT,1895,1143.0810546875,1147.92236328125
MiniViT,1896,1148.874755859375,1153.19287109375
MiniViT,1897,1130.31640625,1137.6478271484375
MiniViT,1898,1141.3001708984375,1137.9647216796875
MiniViT,1899,1135.3477783203125,1140.4212646484375
MiniViT,1900,1154.7900390625,1146.2738037109375
MiniViT,1901,1150.4427490234375,1141.94189453125
MiniViT,1902,1155.4354248046875,1148.95458984375
MiniViT,1903,1142.147216796875,1133.6767578125
MiniViT,1904,1150.99951171875,1151.3138427734375
MiniViT,1905,1145.7618408203125,1142.432861328125
MiniViT,1906,1138.07958984375,1145.6785888671875
MiniViT,1907,1155.8765869140625,1150.177978515625
MiniViT,1908,1145.800048828125,1140.529052734375
MiniViT,1909,1134.371826171875,1141.7210693359375
MiniViT,1910,1143.23779296875,1139.129638671875
MiniViT,1911,1149.5943603515625,1143.84619140625
MiniViT,1912,1154.841064453125,1140.0572509765625
MiniViT,1913,1141.522705078125,1143.172119140625
MiniViT,1914,1145.8878173828125,1140.426025390625
MiniViT,1915,1142.8697509765625,1144.2769775390625
MiniViT,1916,1146.228271484375,1146.56591796875
MiniViT,1917,1153.5828857421875,1144.759765625
MiniViT,1918,1146.1358642578125,1144.433349609375
MiniViT,1919,1142.5262451171875,1144.248291015625
MiniViT,1920,1146.384521484375,1148.85888671875
MiniViT,1921,1144.9713134765625,1145.7755126953125
MiniViT,1922,1141.8480224609375,1146.0460205078125
MiniViT,1923,1138.976318359375,1147.7723388671875
MiniViT,1924,1151.4757080078125,1143.445068359375
MiniViT,1925,1139.6812744140625,1137.889892578125
MiniViT,1926,1146.747314453125,1143.1417236328125
MiniViT,1927,1137.80322265625,1148.4420166015625
MiniViT,1928,1141.7149658203125,1142.2696533203125
MiniViT,1929,1153.4063720703125,1150.030029296875
MiniViT,1930,1151.7008056640625,1151.6700439453125
MiniViT,1931,1140.932373046875,1143.20556640625
MiniViT,1932,1148.392578125,1143.6282958984375
MiniViT,1933,1135.883544921875,1146.04052734375
MiniViT,1934,1140.8426513671875,1141.5823974609375
MiniViT,1935,1152.751953125,1143.183837890625
MiniViT,1936,1142.802001953125,1148.002685546875
MiniViT,1937,1152.256103515625,1143.4422607421875
MiniViT,1938,1136.6121826171875,1143.6717529296875
MiniViT,1939,1135.688720703125,1150.7265625
MiniViT,1940,1144.0240478515625,1144.3419189453125
MiniViT,1941,1146.96630859375,1138.8541259765625
MiniViT,1942,1145.61376953125,1147.018310546875
MiniViT,1943,1141.544189453125,1155.520263671875
MiniViT,1944,1140.21728515625,1145.0865478515625
MiniViT,1945,1141.7249755859375,1142.8299560546875
MiniViT,1946,1146.8892822265625,1140.4625244140625
MiniViT,1947,1142.343017578125,1146.5731201171875
MiniViT,1948,1138.238037109375,1142.0521240234375
MiniViT,1949,1131.4012451171875,1142.8277587890625
MiniViT,1950,1139.5887451171875,1139.9713134765625
MiniViT,1951,1142.718994140625,1136.1025390625
MiniViT,1952,1147.9422607421875,1139.624267578125
MiniViT,1953,1144.169921875,1146.362060546875
MiniViT,1954,1146.40234375,1140.4603271484375
MiniViT,1955,1148.502685546875,1146.983642578125
MiniViT,1956,1139.714599609375,1148.041259765625
MiniViT,1957,1148.8837890625,1143.052734375
MiniViT,1958,1132.15625,1136.0404052734375
MiniViT,1959,1141.140869140625,1146.2213134765625
MiniViT,1960,1145.1510009765625,1149.66796875
MiniViT,1961,1144.3192138671875,1145.541015625
MiniViT,1962,1136.7337646484375,1135.9658203125
MiniViT,1963,1146.060302734375,1149.8265380859375
MiniViT,1964,1153.862060546875,1148.736083984375
MiniViT,1965,1156.9954833984375,1139.078857421875
MiniViT,1966,1147.164306640625,1147.8668212890625
MiniViT,1967,1146.2835693359375,1144.7625732421875
MiniViT,1968,1149.3905029296875,1147.14599609375
MiniViT,1969,1140.0457763671875,1145.96337890625
MiniViT,1970,1144.0667724609375,1145.62060546875
MiniViT,1971,1144.1015625,1144.62060546875
MiniViT,1972,1139.7506103515625,1143.4329833984375
MiniViT,1973,1141.8515625,1142.2615966796875
MiniViT,1974,1142.9337158203125,1135.168701171875
MiniViT,1975,1141.387451171875,1145.9940185546875
MiniViT,1976,1154.5823974609375,1137.787109375
MiniViT,1977,1134.91650390625,1144.2366943359375
MiniViT,1978,1151.754150390625,1141.4166259765625
MiniViT,1979,1140.424072265625,1149.9205322265625
MiniViT,1980,1142.6688232421875,1150.9490966796875
MiniViT,1981,1146.1483154296875,1142.6644287109375
MiniViT,1982,1139.792724609375,1145.4925537109375
MiniViT,1983,1145.802978515625,1141.755859375
MiniViT,1984,1157.11376953125,1140.4805908203125
MiniViT,1985,1144.5838623046875,1153.5155029296875
MiniViT,1986,1143.2108154296875,1145.815673828125
MiniViT,1987,1139.7353515625,1140.7149658203125
MiniViT,1988,1134.446044921875,1157.5975341796875
MiniViT,1989,1145.09326171875,1142.648193359375
MiniViT,1990,1135.69873046875,1140.1435546875
MiniViT,1991,1140.7606201171875,1141.6934814453125
MiniViT,1992,1146.6103515625,1136.07666015625
MiniViT,1993,1137.9412841796875,1141.787841796875
MiniViT,1994,1139.5338134765625,1146.435791015625
MiniViT,1995,1143.3271484375,1147.3687744140625
MiniViT,1996,1147.09228515625,1140.923828125
MiniViT,1997,1146.6580810546875,1141.868896484375
MiniViT,1998,1133.7957763671875,1132.38232421875
MiniViT,1999,1142.0755615234375,1136.3338623046875
MiniViT,2000,1140.2298583984375,1154.3033447265625
MiniViT,2001,1143.1207275390625,1138.3304443359375
MiniViT,2002,1141.7454833984375,1146.7830810546875
MiniViT,2003,1142.6917724609375,1151.572265625
MiniViT,2004,1139.3900146484375,1143.5648193359375
MiniViT,2005,1144.4825439453125,1149.6473388671875
MiniViT,2006,1141.4283447265625,1144.9599609375
MiniViT,2007,1150.855712890625,1143.1365966796875
MiniViT,2008,1148.1395263671875,1141.205322265625
MiniViT,2009,1142.8033447265625,1148.08642578125
MiniViT,2010,1144.7120361328125,1148.252685546875
MiniViT,2011,1143.457275390625,1140.210693359375
MiniViT,2012,1147.84228515625,1137.028076171875
MiniViT,2013,1142.847412109375,1134.5
MiniViT,2014,1152.831298828125,1140.697509765625
MiniViT,2015,1138.94091796875,1137.8184814453125
MiniViT,2016,1148.334716796875,1137.76025390625
MiniViT,2017,1141.103759765625,1149.416015625
MiniViT,2018,1142.30712890625,1140.3115234375
MiniViT,2019,1138.2745361328125,1149.212158203125
MiniViT,2020,1140.1766357421875,1144.848388671875
MiniViT,2021,1139.391845703125,1144.162353515625
MiniViT,2022,1148.24609375,1139.26416015625
MiniViT,2023,1141.385009765625,1141.977783203125
MiniViT,2024,1142.9403076171875,1144.4993896484375
MiniViT,2025,1140.443359375,1145.6917724609375
MiniViT,2026,1137.5987548828125,1145.4195556640625
MiniViT,2027,1141.9591064453125,1147.8558349609375
MiniViT,2028,1142.2108154296875,1136.4349365234375
MiniViT,2029,1145.0550537109375,1140.2535400390625
MiniViT,2030,1152.494873046875,1146.6002197265625
MiniViT,2031,1139.9820556640625,1134.1873779296875
MiniViT,2032,1140.85205078125,1151.1505126953125
MiniViT,2033,1146.1805419921875,1136.356689453125
MiniViT,2034,1150.0557861328125,1141.4046630859375
MiniViT,2035,1143.3765869140625,1151.2120361328125
MiniViT,2036,1136.0096435546875,1137.552001953125
MiniViT,2037,1136.6865234375,1136.1705322265625
MiniViT,2038,1138.1051025390625,1144.7392578125
MiniViT,2039,1146.3011474609375,1147.006591796875
MiniViT,2040,1145.6658935546875,1139.3408203125
MiniViT,2041,1135.8067626953125,1142.612548828125
MiniViT,2042,1138.01220703125,1129.9776611328125
MiniViT,2043,1135.873779296875,1141.4267578125
MiniViT,2044,1136.8585205078125,1146.1077880859375
MiniViT,2045,1144.3968505859375,1141.3365478515625
MiniViT,2046,1146.3564453125,1134.632080078125
MiniViT,2047,1139.989013671875,1136.0703125
MiniViT,2048,1147.3773193359375,1140.62353515625
MiniViT,2049,1148.9005126953125,1135.4906005859375
MiniViT,2050,1138.4708251953125,1145.223876953125
MiniViT,2051,1145.60986328125,1144.460205078125
MiniViT,2052,1140.3099365234375,1142.4659423828125
MiniViT,2053,1144.3590087890625,1148.405517578125
MiniViT,2054,1139.831787109375,1137.98828125
MiniViT,2055,1142.40185546875,1140.653564453125
MiniViT,2056,1141.747314453125,1138.7078857421875
MiniViT,2057,1136.39697265625,1131.5025634765625
MiniViT,2058,1140.864501953125,1141.013671875
MiniViT,2059,1135.20703125,1140.397705078125
MiniViT,2060,1146.2545166015625,1139.9300537109375
MiniViT,2061,1144.5943603515625,1137.1141357421875
MiniViT,2062,1138.4705810546875,1136.2335205078125
MiniViT,2063,1137.2108154296875,1134.977783203125
MiniViT,2064,1137.280517578125,1145.8636474609375
MiniViT,2065,1138.6055908203125,1131.90625
MiniViT,2066,1145.9124755859375,1132.6929931640625
MiniViT,2067,1138.1046142578125,1134.437255859375
MiniViT,2068,1143.48681640625,1138.7633056640625
MiniViT,2069,1144.8736572265625,1139.2432861328125
MiniViT,2070,1148.1463623046875,1133.548828125
MiniViT,2071,1144.2794189453125,1139.708251953125
MiniViT,2072,1145.56298828125,1143.95458984375
MiniViT,2073,1142.443115234375,1138.8778076171875
MiniViT,2074,1143.8055419921875,1142.7076416015625
MiniViT,2075,1132.5584716796875,1140.0367431640625
MiniViT,2076,1138.0455322265625,1143.9725341796875
MiniViT,2077,1147.6270751953125,1143.730224609375
MiniViT,2078,1138.6434326171875,1128.2879638671875
MiniViT,2079,1136.3447265625,1145.018798828125
MiniViT,2080,1144.3968505859375,1139.91162109375
MiniViT,2081,1151.7430419921875,1143.40185546875
MiniViT,2082,1138.29833984375,1142.77099609375
MiniViT,2083,1139.0748291015625,1142.9420166015625
MiniViT,2084,1146.2332763671875,1137.4876708984375
MiniViT,2085,1137.2750244140625,1144.200439453125
MiniViT,2086,1147.6890869140625,1144.736572265625
MiniViT,2087,1143.8887939453125,1135.047607421875
MiniViT,2088,1142.2978515625,1149.583251953125
MiniViT,2089,1140.238525390625,1133.31005859375
MiniViT,2090,1132.4788818359375,1134.537353515625
MiniViT,2091,1147.7637939453125,1147.95849609375
MiniViT,2092,1140.355712890625,1146.16357421875
MiniViT,2093,1138.4503173828125,1134.5042724609375
MiniViT,2094,1137.7384033203125,1147.50634765625
MiniViT,2095,1146.9215087890625,1139.11328125
MiniViT,2096,1140.6640625,1150.2547607421875
MiniViT,2097,1135.17578125,1126.4471435546875
MiniViT,2098,1136.3387451171875,1134.71337890625
MiniViT,2099,1135.4307861328125,1151.0499267578125
MiniViT,2100,1137.534912109375,1145.6197509765625
MiniViT,2101,1132.2845458984375,1147.5604248046875
MiniViT,2102,1141.5478515625,1139.557861328125
MiniViT,2103,1135.556640625,1137.6065673828125
MiniViT,2104,1144.014404296875,1138.342529296875
MiniViT,2105,1142.1025390625,1148.249267578125
MiniViT,2106,1141.901611328125,1136.450927734375
MiniViT,2107,1152.9375,1146.2890625
MiniViT,2108,1137.0926513671875,1149.4281005859375
MiniViT,2109,1149.9677734375,1145.4122314453125
MiniViT,2110,1142.5765380859375,1139.9127197265625
MiniViT,2111,1143.8837890625,1152.602783203125
MiniViT,2112,1146.10400390625,1146.8594970703125
MiniViT,2113,1144.3677978515625,1130.4039306640625
MiniViT,2114,1141.5791015625,1142.2052001953125
MiniViT,2115,1132.3470458984375,1145.9820556640625
MiniViT,2116,1150.27783203125,1141.158203125
MiniViT,2117,1138.3775634765625,1142.63427734375
MiniViT,2118,1137.74072265625,1138.416259765625
MiniViT,2119,1136.822265625,1142.03955078125
MiniViT,2120,1141.4130859375,1139.0892333984375
MiniViT,2121,1144.843017578125,1135.4334716796875
MiniViT,2122,1139.96728515625,1140.3463134765625
MiniViT,2123,1139.757568359375,1148.48095703125
MiniViT,2124,1141.2744140625,1145.18115234375
MiniViT,2125,1143.5810546875,1146.492919921875
MiniViT,2126,1139.80859375,1138.78271484375
MiniViT,2127,1138.103515625,1142.1328125
MiniViT,2128,1138.1485595703125,1137.41552734375
MiniViT,2129,1141.8367919921875,1138.770263671875
MiniViT,2130,1143.4007568359375,1136.94970703125
MiniViT,2131,1144.509033203125,1133.882568359375
MiniViT,2132,1140.9305419921875,1134.92333984375
MiniViT,2133,1143.3665771484375,1141.1884765625
MiniViT,2134,1140.85205078125,1134.6400146484375
MiniViT,2135,1129.8851318359375,1137.6046142578125
MiniViT,2136,1145.3837890625,1143.9002685546875
MiniViT,2137,1148.9918212890625,1143.8983154296875
MiniViT,2138,1148.815185546875,1138.17529296875
MiniViT,2139,1152.0595703125,1144.9619140625
MiniViT,2140,1136.2418212890625,1140.863525390625
MiniViT,2141,1154.2177734375,1137.2275390625
MiniViT,2142,1131.8724365234375,1151.1478271484375
MiniViT,2143,1154.02294921875,1145.50341796875
MiniViT,2144,1142.6588134765625,1140.6005859375
MiniViT,2145,1139.0150146484375,1131.9813232421875
MiniViT,2146,1137.6656494140625,1143.7197265625
MiniViT,2147,1139.6090087890625,1150.67431640625
MiniViT,2148,1145.9984130859375,1139.000244140625
MiniViT,2149,1138.895263671875,1136.410888671875
MiniViT,2150,1138.2691650390625,1136.099609375
MiniViT,2151,1133.857177734375,1143.01708984375
MiniViT,2152,1145.30810546875,1143.390380859375
MiniViT,2153,1147.3963623046875,1143.447998046875
MiniViT,2154,1136.831787109375,1140.9283447265625
MiniViT,2155,1139.757568359375,1139.7005615234375
MiniViT,2156,1144.220947265625,1140.7467041015625
MiniViT,2157,1145.1080322265625,1132.4852294921875
MiniViT,2158,1143.7900390625,1130.18017578125
MiniViT,2159,1140.7000732421875,1142.0010986328125
MiniViT,2160,1143.5428466796875,1150.228271484375
MiniViT,2161,1133.2657470703125,1138.4410400390625
MiniViT,2162,1143.3837890625,1143.4893798828125
MiniViT,2163,1136.22802734375,1134.66162109375
MiniViT,2164,1155.9498291015625,1134.6512451171875
MiniViT,2165,1140.6156005859375,1134.6632080078125
MiniViT,2166,1131.3863525390625,1147.841064453125
MiniViT,2167,1148.646728515625,1141.4298095703125
MiniViT,2168,1138.8702392578125,1142.1756591796875
MiniViT,2169,1145.1610107421875,1137.388427734375
MiniViT,2170,1138.967529296875,1138.2821044921875
MiniViT,2171,1140.2840576171875,1135.9920654296875
MiniViT,2172,1147.289794921875,1142.072021484375
MiniViT,2173,1136.891357421875,1135.5970458984375
MiniViT,2174,1137.18359375,1136.2940673828125
MiniViT,2175,1132.061767578125,1142.349853515625
MiniViT,2176,1143.6123046875,1139.393798828125
MiniViT,2177,1143.6275634765625,1146.2734375
MiniViT,2178,1135.5185546875,1142.95849609375
MiniViT,2179,1136.405029296875,1135.2960205078125
MiniViT,2180,1132.1539306640625,1141.0155029296875
MiniViT,2181,1135.415771484375,1137.1912841796875
MiniViT,2182,1136.758056640625,1136.7103271484375
MiniViT,2183,1149.990478515625,1146.933837890625
MiniViT,2184,1131.6187744140625,1137.7117919921875
MiniViT,2185,1139.124755859375,1141.0963134765625
MiniViT,2186,1134.69580078125,1133.017578125
MiniViT,2187,1133.185302734375,1125.999755859375
MiniViT,2188,1138.8275146484375,1136.0621337890625
MiniViT,2189,1148.0208740234375,1133.28125
MiniViT,2190,1133.36865234375,1141.176025390625
MiniViT,2191,1139.02783203125,1137.5467529296875
MiniViT,2192,1136.3538818359375,1142.05078125
MiniViT,2193,1145.7841796875,1140.705078125
MiniViT,2194,1140.2725830078125,1142.8916015625
MiniViT,2195,1145.1661376953125,1127.5325927734375
MiniViT,2196,1149.49658203125,1141.2208251953125
MiniViT,2197,1135.029052734375,1127.02978515625
MiniViT,2198,1139.4605712890625,1133.130859375
MiniViT,2199,1130.2666015625,1140.997314453125
MiniViT,2200,1135.5069580078125,1137.341552734375
MiniViT,2201,1142.8480224609375,1138.0235595703125
MiniViT,2202,1140.818603515625,1146.278076171875
MiniViT,2203,1143.4840087890625,1143.142822265625
MiniViT,2204,1139.468505859375,1136.9427490234375
MiniViT,2205,1141.329345703125,1142.65673828125
MiniViT,2206,1140.6715087890625,1130.1595458984375
MiniViT,2207,1141.111328125,1139.228271484375
MiniViT,2208,1126.54345703125,1141.55859375
MiniViT,2209,1134.44384765625,1140.2828369140625
MiniViT,2210,1131.1510009765625,1136.6131591796875
MiniViT,2211,1136.689697265625,1136.4140625
MiniViT,2212,1142.810302734375,1144.74755859375
MiniViT,2213,1141.9197998046875,1137.22509765625
MiniViT,2214,1129.3349609375,1130.5760498046875
MiniViT,2215,1146.36279296875,1137.945068359375
MiniViT,2216,1134.1983642578125,1141.3328857421875
MiniViT,2217,1138.9764404296875,1147.2642822265625
MiniViT,2218,1143.883544921875,1133.66064453125
MiniViT,2219,1136.9669189453125,1129.332763671875
MiniViT,2220,1127.3480224609375,1139.8741455078125
MiniViT,2221,1135.244384765625,1135.005126953125
MiniViT,2222,1137.4171142578125,1134.2867431640625
MiniViT,2223,1138.1435546875,1134.8160400390625
MiniViT,2224,1148.8035888671875,1141.041015625
MiniViT,2225,1140.5260009765625,1141.2962646484375
MiniViT,2226,1148.374755859375,1142.7501220703125
MiniViT,2227,1140.0167236328125,1143.9990234375
MiniViT,2228,1139.7437744140625,1136.16796875
MiniViT,2229,1138.7379150390625,1148.3526611328125
MiniViT,2230,1133.3563232421875,1140.1796875
MiniViT,2231,1150.985595703125,1137.83056640625
MiniViT,2232,1143.92529296875,1136.371337890625
MiniViT,2233,1132.935791015625,1149.7047119140625
MiniViT,2234,1145.1873779296875,1132.2642822265625
MiniViT,2235,1136.641357421875,1135.777099609375
MiniViT,2236,1141.9833984375,1134.50439453125
MiniViT,2237,1136.2218017578125,1140.0560302734375
MiniViT,2238,1143.7379150390625,1140.1302490234375
MiniViT,2239,1135.1339111328125,1139.1715087890625
MiniViT,2240,1141.1448974609375,1141.9940185546875
MiniViT,2241,1139.18505859375,1141.7259521484375
MiniViT,2242,1135.0687255859375,1127.0323486328125
MiniViT,2243,1146.6688232421875,1132.0736083984375
MiniViT,2244,1142.47900390625,1136.9114990234375
MiniViT,2245,1134.4117431640625,1137.543701171875
MiniViT,2246,1138.7979736328125,1135.635009765625
MiniViT,2247,1138.9024658203125,1130.0345458984375
MiniViT,2248,1136.5465087890625,1139.1531982421875
MiniViT,2249,1130.130859375,1137.5950927734375
MiniViT,2250,1131.569091796875,1131.616455078125
MiniViT,2251,1139.7589111328125,1140.8251953125
MiniViT,2252,1139.317138671875,1139.33740234375
MiniViT,2253,1135.21728515625,1142.7799072265625
MiniViT,2254,1143.8642578125,1143.791015625
MiniViT,2255,1137.129638671875,1134.4842529296875
MiniViT,2256,1139.043701171875,1124.747314453125
MiniViT,2257,1139.350830078125,1135.9686279296875
MiniViT,2258,1144.478759765625,1139.19677734375
MiniViT,2259,1131.2210693359375,1130.7586669921875
MiniViT,2260,1140.4627685546875,1136.934814453125
MiniViT,2261,1134.1270751953125,1145.7777099609375
MiniViT,2262,1138.836181640625,1136.4710693359375
MiniViT,2263,1137.47265625,1130.98291015625
MiniViT,2264,1143.5657958984375,1137.689208984375
MiniViT,2265,1137.6605224609375,1148.8994140625
MiniViT,2266,1138.6900634765625,1133.954833984375
MiniViT,2267,1140.4974365234375,1141.5042724609375
MiniViT,2268,1142.4970703125,1138.4119873046875
MiniViT,2269,1134.5968017578125,1140.180419921875
MiniViT,2270,1141.0565185546875,1147.2850341796875
MiniViT,2271,1142.1888427734375,1134.196044921875
MiniViT,2272,1139.7017822265625,1134.7520751953125
MiniViT,2273,1141.2547607421875,1132.3448486328125
MiniViT,2274,1143.7818603515625,1144.0052490234375
MiniViT,2275,1140.7900390625,1145.860595703125
MiniViT,2276,1137.5579833984375,1134.7537841796875
MiniViT,2277,1138.1622314453125,1137.798095703125
MiniViT,2278,1133.583251953125,1139.652587890625
MiniViT,2279,1139.2447509765625,1143.047119140625
MiniViT,2280,1139.1888427734375,1128.5943603515625
MiniViT,2281,1133.1258544921875,1138.10302734375
MiniViT,2282,1133.19873046875,1129.8411865234375
MiniViT,2283,1143.4512939453125,1148.06640625
MiniViT,2284,1129.85009765625,1146.078857421875
MiniViT,2285,1136.7088623046875,1137.732421875
MiniViT,2286,1138.1895751953125,1134.015869140625
MiniViT,2287,1134.004150390625,1130.0130615234375
MiniViT,2288,1143.5950927734375,1134.3975830078125
MiniViT,2289,1141.51708984375,1141.7835693359375
MiniViT,2290,1138.8026123046875,1145.506103515625
MiniViT,2291,1131.7315673828125,1123.154052734375
MiniViT,2292,1134.653076171875,1141.78369140625
MiniViT,2293,1133.658447265625,1136.348876953125
MiniViT,2294,1143.30078125,1139.196044921875
MiniViT,2295,1152.4237060546875,1138.6190185546875
MiniViT,2296,1140.3802490234375,1136.7935791015625
MiniViT,2297,1136.6031494140625,1141.6986083984375
MiniViT,2298,1134.1920166015625,1143.4888916015625
MiniViT,2299,1143.74755859375,1144.961669921875
MiniViT,2300,1136.2930908203125,1126.780517578125
MiniViT,2301,1139.197998046875,1134.8699951171875
MiniViT,2302,1128.7476806640625,1140.9520263671875
MiniViT,2303,1144.3856201171875,1131.0528564453125
MiniViT,2304,1138.4422607421875,1133.6236572265625
MiniViT,2305,1137.711181640625,1136.4647216796875
MiniViT,2306,1140.38134765625,1122.0364990234375
MiniViT,2307,1138.5570068359375,1152.8018798828125
MiniViT,2308,1136.9071044921875,1135.8642578125
MiniViT,2309,1129.407958984375,1135.2415771484375
MiniViT,2310,1139.5767822265625,1134.236328125
MiniViT,2311,1128.9097900390625,1134.5152587890625
MiniViT,2312,1137.5643310546875,1130.172607421875
MiniViT,2313,1125.2337646484375,1141.7646484375
MiniViT,2314,1138.814208984375,1137.5592041015625
MiniViT,2315,1130.2127685546875,1137.464599609375
MiniViT,2316,1137.3477783203125,1133.498291015625
MiniViT,2317,1147.645263671875,1138.1268310546875
MiniViT,2318,1132.1806640625,1128.264404296875
MiniViT,2319,1135.582763671875,1130.3175048828125
MiniViT,2320,1130.810302734375,1135.298828125
MiniViT,2321,1136.17529296875,1140.474609375
MiniViT,2322,1141.083251953125,1136.3046875
MiniViT,2323,1138.14306640625,1128.373046875
MiniViT,2324,1136.442626953125,1134.4844970703125
MiniViT,2325,1140.9295654296875,1139.448486328125
MiniViT,2326,1131.6070556640625,1139.1785888671875
MiniViT,2327,1133.278076171875,1146.300537109375
MiniViT,2328,1139.6812744140625,1135.4503173828125
MiniViT,2329,1136.8172607421875,1130.8712158203125
MiniViT,2330,1132.578125,1140.445556640625
MiniViT,2331,1140.07275390625,1141.738037109375
MiniViT,2332,1135.685302734375,1136.1505126953125
MiniViT,2333,1123.426513671875,1141.7674560546875
MiniViT,2334,1133.5875244140625,1127.2650146484375
MiniViT,2335,1145.590576171875,1130.8331298828125
MiniViT,2336,1133.6363525390625,1134.3358154296875
MiniViT,2337,1134.7415771484375,1137.103515625
MiniViT,2338,1134.2647705078125,1136.79833984375
MiniViT,2339,1134.1243896484375,1136.4974365234375
MiniViT,2340,1139.0523681640625,1142.4541015625
MiniViT,2341,1143.1170654296875,1135.060546875
MiniViT,2342,1141.142578125,1144.44921875
MiniViT,2343,1133.6661376953125,1134.6378173828125
MiniViT,2344,1145.2705078125,1132.9918212890625
MiniViT,2345,1133.1265869140625,1134.978515625
MiniViT,2346,1145.2344970703125,1139.003173828125
MiniViT,2347,1129.693603515625,1141.8787841796875
MiniViT,2348,1134.169677734375,1134.8203125
MiniViT,2349,1128.6519775390625,1126.31884765625
MiniViT,2350,1136.4769287109375,1144.3162841796875
MiniViT,2351,1141.6185302734375,1130.038818359375
MiniViT,2352,1131.9075927734375,1139.0528564453125
MiniViT,2353,1143.060546875,1127.40869140625
MiniViT,2354,1131.01708984375,1144.309814453125
MiniViT,2355,1131.698974609375,1141.1585693359375
MiniViT,2356,1140.5194091796875,1136.156982421875
MiniViT,2357,1121.274658203125,1141.2705078125
MiniViT,2358,1132.593017578125,1135.693359375
MiniViT,2359,1129.614013671875,1130.1387939453125
MiniViT,2360,1131.4888916015625,1137.9190673828125
MiniViT,2361,1137.54296875,1138.9805908203125
MiniViT,2362,1137.931640625,1142.8155517578125
MiniViT,2363,1125.59228515625,1131.0838623046875
MiniViT,2364,1130.60302734375,1135.1424560546875
MiniViT,2365,1137.3074951171875,1135.2581787109375
MiniViT,2366,1132.808349609375,1135.3826904296875
MiniViT,2367,1129.90771484375,1120.381103515625
MiniViT,2368,1137.19580078125,1139.916748046875
MiniViT,2369,1134.1568603515625,1138.3309326171875
MiniViT,2370,1144.2366943359375,1139.1759033203125
MiniViT,2371,1135.307861328125,1133.9893798828125
MiniViT,2372,1133.0242919921875,1149.9810791015625
MiniViT,2373,1139.7999267578125,1133.9075927734375
MiniViT,2374,1130.8426513671875,1133.593017578125
MiniViT,2375,1129.079345703125,1141.716796875
MiniViT,2376,1128.423095703125,1132.6370849609375
MiniViT,2377,1139.800048828125,1142.4287109375
MiniViT,2378,1131.345458984375,1136.044677734375
MiniViT,2379,1142.0235595703125,1147.8837890625
MiniViT,2380,1143.680419921875,1136.5474853515625
MiniViT,2381,1146.089111328125,1127.9228515625
MiniViT,2382,1128.2900390625,1131.837158203125
MiniViT,2383,1141.339599609375,1132.4486083984375
MiniViT,2384,1141.779541015625,1133.8226318359375
MiniViT,2385,1132.8192138671875,1127.416015625
MiniViT,2386,1140.8736572265625,1130.163330078125
MiniViT,2387,1126.71533203125,1133.792236328125
MiniViT,2388,1136.10986328125,1138.269775390625
MiniViT,2389,1124.8228759765625,1140.2532958984375
MiniViT,2390,1133.748291015625,1134.75439453125
MiniViT,2391,1139.9146728515625,1134.125244140625
MiniViT,2392,1133.621337890625,1133.345458984375
MiniViT,2393,1130.8717041015625,1132.843505859375
MiniViT,2394,1130.3131103515625,1129.6597900390625
MiniViT,2395,1134.4781494140625,1137.4732666015625
MiniViT,2396,1138.8663330078125,1140.7550048828125
MiniViT,2397,1138.3427734375,1136.5767822265625
MiniViT,2398,1136.6334228515625,1130.6240234375
MiniViT,2399,1137.267333984375,1139.1875
MiniViT,2400,1132.226806640625,1146.489501953125
MiniViT,2401,1144.2286376953125,1130.5875244140625
MiniViT,2402,1137.3890380859375,1142.978759765625
MiniViT,2403,1134.215087890625,1137.1636962890625
MiniViT,2404,1134.90869140625,1128.30810546875
MiniViT,2405,1134.9718017578125,1138.5572509765625
MiniViT,2406,1134.7015380859375,1134.57958984375
MiniViT,2407,1134.7540283203125,1144.7001953125
MiniViT,2408,1136.4495849609375,1134.818359375
MiniViT,2409,1130.6077880859375,1138.37060546875
MiniViT,2410,1135.6439208984375,1132.402587890625
MiniViT,2411,1140.039794921875,1139.1583251953125
MiniViT,2412,1137.9910888671875,1133.5013427734375
MiniViT,2413,1130.7420654296875,1137.548583984375
MiniViT,2414,1136.4310302734375,1141.1640625
MiniViT,2415,1132.374755859375,1136.0733642578125
MiniViT,2416,1145.8521728515625,1129.9658203125
MiniViT,2417,1140.7552490234375,1134.4395751953125
MiniViT,2418,1138.1485595703125,1141.862548828125
MiniViT,2419,1132.427001953125,1132.9140625
MiniViT,2420,1137.5155029296875,1136.441162109375
MiniViT,2421,1138.0738525390625,1138.3387451171875
MiniViT,2422,1133.0323486328125,1128.65283203125
MiniViT,2423,1126.2835693359375,1131.0242919921875
MiniViT,2424,1135.912353515625,1148.6231689453125
MiniViT,2425,1138.4578857421875,1134.6195068359375
MiniViT,2426,1137.7880859375,1134.2510986328125
MiniViT,2427,1140.1907958984375,1127.854248046875
MiniViT,2428,1133.5048828125,1126.8382568359375
MiniViT,2429,1130.7962646484375,1138.2037353515625
MiniViT,2430,1142.9234619140625,1133.953369140625
MiniViT,2431,1133.076904296875,1139.02099609375
MiniViT,2432,1136.1990966796875,1148.267822265625
MiniViT,2433,1142.68115234375,1145.97607421875
MiniViT,2434,1138.6292724609375,1143.2130126953125
MiniViT,2435,1131.9185791015625,1148.0423583984375
MiniViT,2436,1136.6356201171875,1137.49658203125
MiniViT,2437,1130.584716796875,1128.450439453125
MiniViT,2438,1139.281494140625,1140.122802734375
MiniViT,2439,1139.8001708984375,1132.070068359375
MiniViT,2440,1132.2117919921875,1137.891357421875
MiniViT,2441,1131.1715087890625,1137.923828125
MiniViT,2442,1134.17626953125,1127.491455078125
MiniViT,2443,1139.6776123046875,1137.551513671875
MiniViT,2444,1139.89990234375,1138.6710205078125
MiniViT,2445,1125.791259765625,1130.893310546875
MiniViT,2446,1138.45458984375,1131.9422607421875
MiniViT,2447,1132.5760498046875,1131.4464111328125
MiniViT,2448,1133.5479736328125,1137.383056640625
MiniViT,2449,1132.9320068359375,1137.9173583984375
MiniViT,2450,1137.638427734375,1134.15087890625
MiniViT,2451,1132.78759765625,1143.983642578125
MiniViT,2452,1130.5653076171875,1143.791015625
MiniViT,2453,1129.7042236328125,1140.6243896484375
MiniViT,2454,1132.4473876953125,1128.8720703125
MiniViT,2455,1129.832275390625,1136.055419921875
MiniViT,2456,1139.95263671875,1141.4620361328125
MiniViT,2457,1128.154541015625,1128.6839599609375
MiniViT,2458,1136.0167236328125,1139.8868408203125
MiniViT,2459,1125.74560546875,1133.2000732421875
MiniViT,2460,1127.54296875,1131.516357421875
MiniViT,2461,1135.3529052734375,1138.22265625
MiniViT,2462,1134.3475341796875,1132.884765625
MiniViT,2463,1135.264404296875,1135.85302734375
MiniViT,2464,1130.908203125,1135.81005859375
MiniViT,2465,1133.0955810546875,1136.4813232421875
MiniViT,2466,1137.92333984375,1141.164306640625
MiniViT,2467,1127.968017578125,1129.693359375
MiniViT,2468,1126.1158447265625,1126.8631591796875
MiniViT,2469,1143.6065673828125,1137.97607421875
MiniViT,2470,1135.3043212890625,1132.970458984375
MiniViT,2471,1139.5791015625,1139.645751953125
MiniViT,2472,1136.3504638671875,1132.245361328125
MiniViT,2473,1131.945556640625,1133.0716552734375
MiniViT,2474,1140.5721435546875,1119.9287109375
MiniViT,2475,1129.528564453125,1135.091552734375
MiniViT,2476,1146.6517333984375,1131.7890625
MiniViT,2477,1131.5345458984375,1140.262451171875
MiniViT,2478,1145.026611328125,1138.8916015625
MiniViT,2479,1131.9090576171875,1130.86279296875
MiniViT,2480,1127.3336181640625,1137.800537109375
MiniViT,2481,1125.9388427734375,1129.7015380859375
MiniViT,2482,1132.8828125,1127.124755859375
MiniViT,2483,1134.2303466796875,1135.6065673828125
MiniViT,2484,1128.713623046875,1141.5345458984375
MiniViT,2485,1128.432861328125,1139.7392578125
MiniViT,2486,1135.3095703125,1120.4732666015625
MiniViT,2487,1133.4154052734375,1133.897216796875
MiniViT,2488,1136.7568359375,1130.082763671875
MiniViT,2489,1137.8150634765625,1133.6917724609375
MiniViT,2490,1135.558349609375,1122.1849365234375
MiniViT,2491,1138.169677734375,1138.1173095703125
MiniViT,2492,1134.141357421875,1133.6334228515625
MiniViT,2493,1135.506103515625,1122.0595703125
MiniViT,2494,1134.602294921875,1130.519775390625
MiniViT,2495,1131.916015625,1137.51025390625
MiniViT,2496,1136.1575927734375,1128.0394287109375
MiniViT,2497,1128.8233642578125,1120.46484375
MiniViT,2498,1127.729736328125,1130.29248046875
MiniViT,2499,1131.4088134765625,1131.23486328125
