Model,Epoch,TrainLoss,ValLoss
MiniUNet,0,12678.1865234375,1381.9129638671875
MiniUNet,1,1381.77734375,1303.7945556640625
MiniUNet,2,1317.173583984375,1289.653076171875
MiniUNet,3,1296.0977783203125,1286.3148193359375
MiniUNet,4,1290.1693115234375,1285.5113525390625
MiniUNet,5,1305.0294189453125,1303.67529296875
MiniUNet,6,1308.4923095703125,1302.840087890625
MiniUNet,7,1303.8267822265625,1306.08251953125
MiniUNet,8,1289.006591796875,1301.773681640625
MiniUNet,9,1292.967041015625,1278.0997314453125
MiniUNet,10,1279.614501953125,1265.348388671875
MiniUNet,11,1281.3267822265625,1283.93212890625
MiniUNet,12,1288.727294921875,1281.2420654296875
MiniUNet,13,1277.7276611328125,1281.1517333984375
MiniUNet,14,1279.6815185546875,1284.72216796875
MiniUNet,15,1277.7275390625,1265.8955078125
MiniUNet,16,1278.4920654296875,1269.7587890625
MiniUNet,17,1266.2685546875,1261.6585693359375
MiniUNet,18,1273.047119140625,1252.5687255859375
MiniUNet,19,1262.832763671875,1257.5975341796875
MiniUNet,20,1248.34716796875,1257.081298828125
MiniUNet,21,1255.07568359375,1250.6585693359375
MiniUNet,22,1254.0667724609375,1252.5780029296875
MiniUNet,23,1261.4056396484375,1257.1767578125
MiniUNet,24,1256.6990966796875,1256.0577392578125
MiniUNet,25,1249.6697998046875,1248.783203125
MiniUNet,26,1242.1256103515625,1252.5450439453125
MiniUNet,27,1255.9935302734375,1242.4171142578125
MiniUNet,28,1243.7783203125,1264.2080078125
MiniUNet,29,1246.893310546875,1255.0250244140625
MiniUNet,30,1237.069091796875,1243.891845703125
MiniUNet,31,1240.880859375,1254.8341064453125
MiniUNet,32,1254.018798828125,1254.8348388671875
MiniUNet,33,1237.4725341796875,1237.2423095703125
MiniUNet,34,1247.86279296875,1253.08984375
MiniUNet,35,1247.9737548828125,1246.27001953125
MiniUNet,36,1248.3408203125,1237.0498046875
MiniUNet,37,1241.049560546875,1231.81884765625
MiniUNet,38,1238.600830078125,1239.1904296875
MiniUNet,39,1230.965087890625,1224.51220703125
MiniUNet,40,1225.3826904296875,1242.429443359375
MiniUNet,41,1242.011474609375,1247.841552734375
MiniUNet,42,1233.6649169921875,1234.8775634765625
MiniUNet,43,1230.5477294921875,1229.53857421875
MiniUNet,44,1234.745849609375,1228.01171875
MiniUNet,45,1234.05859375,1224.27197265625
MiniUNet,46,1236.90185546875,1232.947265625
MiniUNet,47,1237.2452392578125,1233.018310546875
MiniUNet,48,1231.4798583984375,1227.6610107421875
MiniUNet,49,1227.2451171875,1238.84228515625
MiniUNet,50,1229.4935302734375,1234.38134765625
MiniUNet,51,1230.981689453125,1221.3480224609375
MiniUNet,52,1231.9058837890625,1223.360107421875
MiniUNet,53,1223.157470703125,1225.3800048828125
MiniUNet,54,1229.7069091796875,1232.3017578125
MiniUNet,55,1221.9923095703125,1229.5235595703125
MiniUNet,56,1222.2235107421875,1233.8780517578125
MiniUNet,57,1222.9315185546875,1233.7550048828125
MiniUNet,58,1225.447021484375,1222.9068603515625
MiniUNet,59,1235.507568359375,1217.057861328125
MiniUNet,60,1227.3360595703125,1224.2410888671875
MiniUNet,61,1221.898193359375,1226.4698486328125
MiniUNet,62,1219.552001953125,1224.649169921875
MiniUNet,63,1226.7950439453125,1225.19580078125
MiniUNet,64,1228.7725830078125,1219.34228515625
MiniUNet,65,1225.2548828125,1228.248779296875
MiniUNet,66,1224.049560546875,1219.762939453125
MiniUNet,67,1230.422607421875,1214.68359375
MiniUNet,68,1226.506591796875,1227.888671875
MiniUNet,69,1222.6502685546875,1225.040771484375
MiniUNet,70,1222.0670166015625,1220.413818359375
MiniUNet,71,1226.86328125,1219.245849609375
MiniUNet,72,1227.65283203125,1219.301025390625
MiniUNet,73,1228.867431640625,1218.9576416015625
MiniUNet,74,1229.1822509765625,1219.5972900390625
MiniUNet,75,1224.94384765625,1205.9705810546875
MiniUNet,76,1221.208251953125,1225.301025390625
MiniUNet,77,1223.1883544921875,1219.862060546875
MiniUNet,78,1227.85693359375,1211.885009765625
MiniUNet,79,1224.5228271484375,1217.3287353515625
MiniUNet,80,1229.775390625,1218.8865966796875
MiniUNet,81,1215.8922119140625,1216.2630615234375
MiniUNet,82,1209.2532958984375,1208.185546875
MiniUNet,83,1221.370361328125,1218.0107421875
MiniUNet,84,1213.553955078125,1220.4075927734375
MiniUNet,85,1209.921875,1219.3447265625
MiniUNet,86,1214.732421875,1215.7818603515625
MiniUNet,87,1228.9193115234375,1224.9013671875
MiniUNet,88,1223.2415771484375,1225.05029296875
MiniUNet,89,1222.11962890625,1213.3131103515625
MiniUNet,90,1215.4161376953125,1216.9267578125
MiniUNet,91,1212.6962890625,1210.71044921875
MiniUNet,92,1216.9906005859375,1212.083740234375
MiniUNet,93,1222.022705078125,1207.309814453125
MiniUNet,94,1221.9378662109375,1211.0677490234375
MiniUNet,95,1227.849609375,1222.4395751953125
MiniUNet,96,1206.09375,1211.7928466796875
MiniUNet,97,1211.3353271484375,1218.5523681640625
MiniUNet,98,1215.40478515625,1217.00830078125
MiniUNet,99,1211.4898681640625,1223.93603515625
MiniUNet,100,1221.677001953125,1218.0772705078125
MiniUNet,101,1223.74951171875,1206.9808349609375
MiniUNet,102,1212.68359375,1208.356201171875
MiniUNet,103,1221.456787109375,1221.6739501953125
MiniUNet,104,1218.474609375,1219.61669921875
MiniUNet,105,1205.759033203125,1221.0933837890625
MiniUNet,106,1217.5677490234375,1206.779052734375
MiniUNet,107,1199.487060546875,1213.4141845703125
MiniUNet,108,1213.060546875,1215.450439453125
MiniUNet,109,1208.0218505859375,1211.89111328125
MiniUNet,110,1219.47021484375,1218.06201171875
MiniUNet,111,1212.6326904296875,1212.8966064453125
MiniUNet,112,1211.1051025390625,1212.084716796875
MiniUNet,113,1207.4390869140625,1213.1063232421875
MiniUNet,114,1219.2086181640625,1215.9796142578125
MiniUNet,115,1218.444580078125,1218.8284912109375
MiniUNet,116,1213.1461181640625,1221.165283203125
MiniUNet,117,1208.5498046875,1216.76806640625
MiniUNet,118,1220.9847412109375,1209.86669921875
MiniUNet,119,1209.58056640625,1208.17919921875
MiniUNet,120,1211.7352294921875,1220.0025634765625
MiniUNet,121,1208.6788330078125,1208.0672607421875
MiniUNet,122,1204.474853515625,1211.519775390625
MiniUNet,123,1206.839599609375,1215.1553955078125
MiniUNet,124,1217.4599609375,1224.045166015625
MiniUNet,125,1207.4385986328125,1205.8753662109375
MiniUNet,126,1215.0184326171875,1205.0989990234375
MiniUNet,127,1211.1826171875,1211.0450439453125
MiniUNet,128,1208.1201171875,1213.4696044921875
MiniUNet,129,1201.53369140625,1205.76904296875
MiniUNet,130,1219.9727783203125,1214.557861328125
MiniUNet,131,1222.2037353515625,1216.851318359375
MiniUNet,132,1215.0028076171875,1213.8580322265625
MiniUNet,133,1207.287353515625,1205.5081787109375
MiniUNet,134,1202.881103515625,1212.5501708984375
MiniUNet,135,1208.038330078125,1220.0238037109375
MiniUNet,136,1219.443603515625,1218.4742431640625
MiniUNet,137,1225.203857421875,1207.9892578125
MiniUNet,138,1216.6119384765625,1206.4920654296875
MiniUNet,139,1212.762451171875,1195.6983642578125
MiniUNet,140,1206.8916015625,1219.348876953125
MiniUNet,141,1214.5501708984375,1217.862548828125
MiniUNet,142,1205.5850830078125,1221.3515625
MiniUNet,143,1213.147705078125,1201.5770263671875
MiniUNet,144,1207.905517578125,1210.131591796875
MiniUNet,145,1203.975830078125,1202.7845458984375
MiniUNet,146,1205.965576171875,1206.10205078125
MiniUNet,147,1210.2911376953125,1207.5311279296875
MiniUNet,148,1199.8885498046875,1218.642822265625
MiniUNet,149,1208.817626953125,1209.109130859375
MiniUNet,150,1206.718505859375,1215.6710205078125
MiniUNet,151,1209.0396728515625,1205.3485107421875
MiniUNet,152,1218.744873046875,1214.1395263671875
MiniUNet,153,1213.212158203125,1217.6363525390625
MiniUNet,154,1194.1632080078125,1208.787353515625
MiniUNet,155,1212.90234375,1206.7518310546875
MiniUNet,156,1222.3267822265625,1210.070068359375
MiniUNet,157,1212.548828125,1210.756103515625
MiniUNet,158,1209.3316650390625,1202.2979736328125
MiniUNet,159,1214.6192626953125,1205.7030029296875
MiniUNet,160,1209.8359375,1213.173828125
MiniUNet,161,1214.2392578125,1212.3577880859375
MiniUNet,162,1200.611083984375,1212.781005859375
MiniUNet,163,1196.1396484375,1209.4278564453125
MiniUNet,164,1201.3863525390625,1205.957275390625
MiniUNet,165,1213.74609375,1199.1170654296875
MiniUNet,166,1209.40966796875,1214.4815673828125
MiniUNet,167,1208.4708251953125,1207.1778564453125
MiniUNet,168,1198.0247802734375,1209.841552734375
MiniUNet,169,1203.7568359375,1204.86962890625
MiniUNet,170,1201.97607421875,1201.735107421875
MiniUNet,171,1210.3585205078125,1205.693603515625
MiniUNet,172,1205.29931640625,1202.4805908203125
MiniUNet,173,1212.3111572265625,1220.1234130859375
MiniUNet,174,1210.976318359375,1205.0115966796875
MiniUNet,175,1205.4425048828125,1201.09130859375
MiniUNet,176,1203.56982421875,1216.9671630859375
MiniUNet,177,1207.138916015625,1213.8043212890625
MiniUNet,178,1212.2578125,1209.3868408203125
MiniUNet,179,1203.6396484375,1206.612060546875
MiniUNet,180,1202.2926025390625,1207.8682861328125
MiniUNet,181,1207.26953125,1201.5791015625
MiniUNet,182,1204.09423828125,1221.1881103515625
MiniUNet,183,1210.185791015625,1210.83740234375
MiniUNet,184,1200.5186767578125,1197.8282470703125
MiniUNet,185,1211.2440185546875,1202.43701171875
MiniUNet,186,1203.3818359375,1204.6837158203125
MiniUNet,187,1205.468505859375,1205.96875
MiniUNet,188,1208.7125244140625,1202.94580078125
MiniUNet,189,1200.63427734375,1204.810302734375
MiniUNet,190,1195.0189208984375,1208.558837890625
MiniUNet,191,1196.7823486328125,1203.995361328125
MiniUNet,192,1200.2264404296875,1197.5091552734375
MiniUNet,193,1195.2540283203125,1202.65576171875
MiniUNet,194,1207.671875,1206.5772705078125
MiniUNet,195,1198.590087890625,1206.7958984375
MiniUNet,196,1204.5667724609375,1203.4837646484375
MiniUNet,197,1207.2108154296875,1209.1387939453125
MiniUNet,198,1216.070068359375,1200.96435546875
MiniUNet,199,1207.1116943359375,1205.8167724609375
MiniUNet,200,1204.0364990234375,1200.8837890625
MiniUNet,201,1198.7880859375,1209.438720703125
MiniUNet,202,1203.724853515625,1213.6822509765625
MiniUNet,203,1192.141357421875,1209.47216796875
MiniUNet,204,1197.22607421875,1202.9486083984375
MiniUNet,205,1190.3192138671875,1210.05078125
MiniUNet,206,1208.538818359375,1201.71630859375
MiniUNet,207,1201.0421142578125,1203.212646484375
MiniUNet,208,1202.141845703125,1206.489013671875
MiniUNet,209,1205.051513671875,1206.0489501953125
MiniUNet,210,1205.3858642578125,1202.4267578125
MiniUNet,211,1201.2310791015625,1202.0550537109375
MiniUNet,212,1203.39697265625,1200.78662109375
MiniUNet,213,1203.07177734375,1207.42626953125
MiniUNet,214,1201.5240478515625,1205.0057373046875
MiniUNet,215,1191.871826171875,1209.4208984375
MiniUNet,216,1206.9437255859375,1201.0128173828125
MiniUNet,217,1200.7982177734375,1208.059326171875
MiniUNet,218,1199.295654296875,1194.3975830078125
MiniUNet,219,1202.7076416015625,1211.479248046875
MiniUNet,220,1194.657958984375,1212.59619140625
MiniUNet,221,1202.708251953125,1200.9677734375
MiniUNet,222,1206.6748046875,1205.8001708984375
MiniUNet,223,1197.3895263671875,1198.7435302734375
MiniUNet,224,1209.9071044921875,1200.248291015625
MiniUNet,225,1200.643310546875,1201.176513671875
MiniUNet,226,1208.622314453125,1203.1407470703125
MiniUNet,227,1194.55908203125,1196.3963623046875
MiniUNet,228,1203.8868408203125,1208.1865234375
MiniUNet,229,1209.7142333984375,1203.0966796875
MiniUNet,230,1202.9273681640625,1205.4228515625
MiniUNet,231,1197.25830078125,1202.3341064453125
MiniUNet,232,1197.8829345703125,1210.2860107421875
MiniUNet,233,1208.1697998046875,1206.48828125
MiniUNet,234,1202.6820068359375,1202.8338623046875
MiniUNet,235,1195.869873046875,1204.4715576171875
MiniUNet,236,1201.6588134765625,1198.479248046875
MiniUNet,237,1204.48291015625,1197.4737548828125
MiniUNet,238,1197.256103515625,1195.63330078125
MiniUNet,239,1203.08056640625,1199.5146484375
MiniUNet,240,1210.49853515625,1189.4578857421875
MiniUNet,241,1209.9443359375,1198.2744140625
MiniUNet,242,1198.5087890625,1199.206298828125
MiniUNet,243,1191.3203125,1201.738037109375
MiniUNet,244,1206.66455078125,1204.26220703125
MiniUNet,245,1198.44580078125,1203.86181640625
MiniUNet,246,1208.1260986328125,1200.112548828125
MiniUNet,247,1203.14111328125,1205.6376953125
MiniUNet,248,1204.7645263671875,1206.681396484375
MiniUNet,249,1219.2650146484375,1204.4410400390625
MiniUNet,250,1205.508056640625,1193.912841796875
MiniUNet,251,1191.2838134765625,1202.519287109375
MiniUNet,252,1207.8380126953125,1207.6463623046875
MiniUNet,253,1205.28857421875,1200.5120849609375
MiniUNet,254,1209.7540283203125,1207.058837890625
MiniUNet,255,1193.7025146484375,1192.8936767578125
MiniUNet,256,1201.2041015625,1198.4326171875
MiniUNet,257,1198.0216064453125,1206.333740234375
MiniUNet,258,1200.09619140625,1197.8463134765625
MiniUNet,259,1201.788330078125,1204.9508056640625
MiniUNet,260,1200.2750244140625,1204.305908203125
MiniUNet,261,1197.228271484375,1204.9078369140625
MiniUNet,262,1212.68896484375,1197.2166748046875
MiniUNet,263,1197.84619140625,1200.024169921875
MiniUNet,264,1206.6566162109375,1190.0484619140625
MiniUNet,265,1200.1865234375,1194.5848388671875
MiniUNet,266,1194.249755859375,1193.9669189453125
MiniUNet,267,1206.7274169921875,1203.901611328125
MiniUNet,268,1206.380615234375,1202.52099609375
MiniUNet,269,1192.562255859375,1192.1011962890625
MiniUNet,270,1203.5032958984375,1196.603515625
MiniUNet,271,1204.529541015625,1201.3677978515625
MiniUNet,272,1188.601806640625,1198.7598876953125
MiniUNet,273,1203.6605224609375,1203.796875
MiniUNet,274,1204.14794921875,1198.4520263671875
MiniUNet,275,1192.0118408203125,1196.009521484375
MiniUNet,276,1201.8905029296875,1192.434326171875
MiniUNet,277,1200.3455810546875,1197.8331298828125
MiniUNet,278,1198.5447998046875,1200.684326171875
MiniUNet,279,1198.43505859375,1214.4775390625
MiniUNet,280,1202.0892333984375,1190.880859375
MiniUNet,281,1203.614501953125,1193.193359375
MiniUNet,282,1198.062255859375,1197.1107177734375
MiniUNet,283,1204.0218505859375,1197.1612548828125
MiniUNet,284,1190.5810546875,1194.4412841796875
MiniUNet,285,1193.1588134765625,1210.6510009765625
MiniUNet,286,1192.6390380859375,1195.1507568359375
MiniUNet,287,1205.3995361328125,1207.228271484375
MiniUNet,288,1194.91552734375,1208.6683349609375
MiniUNet,289,1199.428955078125,1202.51904296875
MiniUNet,290,1194.6544189453125,1195.403076171875
MiniUNet,291,1199.8741455078125,1208.723388671875
MiniUNet,292,1201.0240478515625,1196.954345703125
MiniUNet,293,1194.696044921875,1200.902587890625
MiniUNet,294,1202.9241943359375,1196.6607666015625
MiniUNet,295,1199.4581298828125,1197.04931640625
MiniUNet,296,1197.7655029296875,1191.2008056640625
MiniUNet,297,1197.58935546875,1200.91357421875
MiniUNet,298,1189.5892333984375,1198.9078369140625
MiniUNet,299,1201.58837890625,1195.352783203125
MiniUNet,300,1200.340576171875,1195.36376953125
MiniUNet,301,1185.2705078125,1195.343505859375
MiniUNet,302,1197.52392578125,1204.32080078125
MiniUNet,303,1197.7623291015625,1193.7508544921875
MiniUNet,304,1191.987548828125,1206.8101806640625
MiniUNet,305,1201.976318359375,1196.6607666015625
MiniUNet,306,1196.8056640625,1201.5430908203125
MiniUNet,307,1197.859130859375,1194.6683349609375
MiniUNet,308,1199.7115478515625,1206.583984375
MiniUNet,309,1190.1688232421875,1196.9285888671875
MiniUNet,310,1198.334716796875,1199.3831787109375
MiniUNet,311,1184.82080078125,1202.3497314453125
MiniUNet,312,1189.978759765625,1202.7547607421875
MiniUNet,313,1200.820068359375,1189.999755859375
MiniUNet,314,1199.445068359375,1186.85107421875
MiniUNet,315,1200.4752197265625,1194.5347900390625
MiniUNet,316,1186.55078125,1200.850341796875
MiniUNet,317,1189.75830078125,1193.376953125
MiniUNet,318,1200.09375,1191.931640625
MiniUNet,319,1199.528076171875,1188.131103515625
MiniUNet,320,1193.9674072265625,1187.1072998046875
MiniUNet,321,1207.080322265625,1187.2139892578125
MiniUNet,322,1194.3052978515625,1201.870849609375
MiniUNet,323,1190.3687744140625,1207.094970703125
MiniUNet,324,1191.8465576171875,1208.0185546875
MiniUNet,325,1190.2830810546875,1200.748779296875
MiniUNet,326,1196.228515625,1197.924072265625
MiniUNet,327,1200.214599609375,1199.8291015625
MiniUNet,328,1187.2119140625,1195.235107421875
MiniUNet,329,1197.96044921875,1199.5517578125
MiniUNet,330,1199.3828125,1198.87158203125
MiniUNet,331,1203.3592529296875,1196.736572265625
MiniUNet,332,1195.38525390625,1195.9217529296875
MiniUNet,333,1186.0472412109375,1195.9383544921875
MiniUNet,334,1194.7103271484375,1194.6837158203125
MiniUNet,335,1197.22705078125,1200.1602783203125
MiniUNet,336,1199.508544921875,1200.1475830078125
MiniUNet,337,1189.591064453125,1190.623779296875
MiniUNet,338,1195.3927001953125,1193.4873046875
MiniUNet,339,1184.8345947265625,1185.1142578125
MiniUNet,340,1197.984130859375,1193.70458984375
MiniUNet,341,1187.5618896484375,1197.9373779296875
MiniUNet,342,1189.4573974609375,1203.23583984375
MiniUNet,343,1187.9354248046875,1194.927978515625
MiniUNet,344,1182.8262939453125,1188.4052734375
MiniUNet,345,1199.612060546875,1189.650634765625
MiniUNet,346,1186.7313232421875,1202.43603515625
MiniUNet,347,1202.6156005859375,1189.923828125
MiniUNet,348,1181.993408203125,1196.4058837890625
MiniUNet,349,1192.885498046875,1197.106689453125
MiniUNet,350,1192.9705810546875,1193.671875
MiniUNet,351,1188.7174072265625,1191.7139892578125
MiniUNet,352,1194.7120361328125,1205.6995849609375
MiniUNet,353,1198.09375,1201.318603515625
MiniUNet,354,1197.28271484375,1198.8963623046875
MiniUNet,355,1201.735107421875,1195.0853271484375
MiniUNet,356,1202.8233642578125,1197.4261474609375
MiniUNet,357,1199.7431640625,1195.9918212890625
MiniUNet,358,1190.2650146484375,1187.264404296875
MiniUNet,359,1205.634765625,1199.2447509765625
MiniUNet,360,1190.2967529296875,1187.867919921875
MiniUNet,361,1183.6005859375,1191.578857421875
MiniUNet,362,1191.14208984375,1188.1363525390625
MiniUNet,363,1206.6376953125,1182.737548828125
MiniUNet,364,1189.442138671875,1182.5006103515625
MiniUNet,365,1200.1009521484375,1193.6400146484375
MiniUNet,366,1191.9744873046875,1185.156005859375
MiniUNet,367,1190.3958740234375,1184.871826171875
MiniUNet,368,1212.06884765625,1190.215576171875
MiniUNet,369,1198.1187744140625,1192.706298828125
MiniUNet,370,1194.949951171875,1198.50634765625
MiniUNet,371,1201.9515380859375,1196.3751220703125
MiniUNet,372,1190.6607666015625,1186.4716796875
MiniUNet,373,1194.895263671875,1206.0413818359375
MiniUNet,374,1186.507568359375,1192.4384765625
MiniUNet,375,1198.8050537109375,1200.1177978515625
MiniUNet,376,1195.2423095703125,1189.4217529296875
MiniUNet,377,1194.3973388671875,1192.1282958984375
MiniUNet,378,1181.5362548828125,1196.9356689453125
MiniUNet,379,1197.08251953125,1187.725341796875
MiniUNet,380,1186.0347900390625,1192.91015625
MiniUNet,381,1191.130859375,1184.9290771484375
MiniUNet,382,1192.5260009765625,1192.4539794921875
MiniUNet,383,1188.208251953125,1195.724853515625
MiniUNet,384,1192.1165771484375,1197.278564453125
MiniUNet,385,1194.9400634765625,1188.5050048828125
MiniUNet,386,1187.049560546875,1192.3175048828125
MiniUNet,387,1196.0615234375,1191.915771484375
MiniUNet,388,1188.4180908203125,1192.7098388671875
MiniUNet,389,1187.758544921875,1202.625
MiniUNet,390,1186.2154541015625,1193.1396484375
MiniUNet,391,1194.5167236328125,1192.277099609375
MiniUNet,392,1196.415771484375,1193.9935302734375
MiniUNet,393,1186.4915771484375,1199.5538330078125
MiniUNet,394,1192.7957763671875,1198.71826171875
MiniUNet,395,1187.12109375,1193.7191162109375
MiniUNet,396,1189.708251953125,1198.281982421875
MiniUNet,397,1190.017822265625,1187.5501708984375
MiniUNet,398,1189.2318115234375,1194.7469482421875
MiniUNet,399,1193.8419189453125,1191.16455078125
MiniUNet,400,1184.1722412109375,1189.7235107421875
MiniUNet,401,1198.8587646484375,1198.6776123046875
MiniUNet,402,1199.31005859375,1186.284912109375
MiniUNet,403,1189.9530029296875,1198.452880859375
MiniUNet,404,1192.99755859375,1189.76904296875
MiniUNet,405,1195.5599365234375,1194.477294921875
MiniUNet,406,1186.89306640625,1191.249267578125
MiniUNet,407,1193.489013671875,1194.39111328125
MiniUNet,408,1187.9527587890625,1186.3072509765625
MiniUNet,409,1187.5013427734375,1192.075927734375
MiniUNet,410,1198.5252685546875,1188.5035400390625
MiniUNet,411,1183.685302734375,1194.829833984375
MiniUNet,412,1199.694091796875,1192.9486083984375
MiniUNet,413,1199.39453125,1183.834228515625
MiniUNet,414,1192.144287109375,1187.7515869140625
MiniUNet,415,1183.682861328125,1187.54736328125
MiniUNet,416,1195.631591796875,1183.4033203125
MiniUNet,417,1186.9798583984375,1194.7864990234375
MiniUNet,418,1190.567626953125,1191.48095703125
MiniUNet,419,1189.597900390625,1195.6822509765625
MiniUNet,420,1190.424072265625,1200.0322265625
MiniUNet,421,1189.4351806640625,1185.034912109375
MiniUNet,422,1187.425537109375,1195.004638671875
MiniUNet,423,1194.4755859375,1192.3143310546875
MiniUNet,424,1196.394287109375,1188.1956787109375
MiniUNet,425,1192.8477783203125,1188.33154296875
MiniUNet,426,1191.0946044921875,1195.8970947265625
MiniUNet,427,1188.6778564453125,1198.3890380859375
MiniUNet,428,1196.509033203125,1197.7200927734375
MiniUNet,429,1184.8795166015625,1195.78759765625
MiniUNet,430,1188.3182373046875,1185.9248046875
MiniUNet,431,1199.9100341796875,1192.7587890625
MiniUNet,432,1195.8177490234375,1201.412353515625
MiniUNet,433,1181.4696044921875,1187.9095458984375
MiniUNet,434,1188.229248046875,1195.4422607421875
MiniUNet,435,1186.5521240234375,1196.144287109375
MiniUNet,436,1194.3011474609375,1189.617919921875
MiniUNet,437,1194.4248046875,1186.31640625
MiniUNet,438,1186.346923828125,1186.3262939453125
MiniUNet,439,1190.3509521484375,1194.4417724609375
MiniUNet,440,1186.2041015625,1194.29638671875
MiniUNet,441,1184.968017578125,1198.2818603515625
MiniUNet,442,1185.9583740234375,1192.2550048828125
MiniUNet,443,1177.9527587890625,1190.7178955078125
MiniUNet,444,1186.0643310546875,1199.646240234375
MiniUNet,445,1185.1107177734375,1198.524169921875
MiniUNet,446,1181.1597900390625,1192.67236328125
MiniUNet,447,1191.1456298828125,1189.696044921875
MiniUNet,448,1185.81103515625,1188.63330078125
MiniUNet,449,1191.8780517578125,1191.9842529296875
MiniUNet,450,1185.1502685546875,1192.6781005859375
MiniUNet,451,1199.204345703125,1201.2421875
MiniUNet,452,1190.96728515625,1189.620849609375
MiniUNet,453,1187.8201904296875,1188.0750732421875
MiniUNet,454,1186.933349609375,1193.6885986328125
MiniUNet,455,1185.7081298828125,1184.82763671875
MiniUNet,456,1190.41796875,1184.020751953125
MiniUNet,457,1188.643798828125,1192.4346923828125
MiniUNet,458,1183.29833984375,1190.519287109375
MiniUNet,459,1195.6180419921875,1187.443115234375
MiniUNet,460,1188.2349853515625,1189.2244873046875
MiniUNet,461,1196.111572265625,1181.267333984375
MiniUNet,462,1185.779052734375,1195.3275146484375
MiniUNet,463,1182.798828125,1185.3238525390625
MiniUNet,464,1187.4107666015625,1190.508056640625
MiniUNet,465,1192.486328125,1192.7528076171875
MiniUNet,466,1188.714111328125,1187.3155517578125
MiniUNet,467,1186.3790283203125,1187.071533203125
MiniUNet,468,1183.8204345703125,1188.039794921875
MiniUNet,469,1188.7957763671875,1190.02734375
MiniUNet,470,1187.6722412109375,1180.552001953125
MiniUNet,471,1192.8955078125,1186.0634765625
MiniUNet,472,1184.760498046875,1188.831298828125
MiniUNet,473,1189.3966064453125,1183.8577880859375
MiniUNet,474,1191.828857421875,1184.495849609375
MiniUNet,475,1185.8643798828125,1198.3963623046875
MiniUNet,476,1188.281982421875,1200.402587890625
MiniUNet,477,1194.19970703125,1192.510009765625
MiniUNet,478,1207.020751953125,1197.3551025390625
MiniUNet,479,1186.127685546875,1183.8631591796875
MiniUNet,480,1188.5181884765625,1190.7586669921875
MiniUNet,481,1183.1781005859375,1185.35986328125
MiniUNet,482,1182.5867919921875,1181.9166259765625
MiniUNet,483,1184.1153564453125,1179.7218017578125
MiniUNet,484,1189.58203125,1190.965087890625
MiniUNet,485,1192.4473876953125,1188.298583984375
MiniUNet,486,1190.7694091796875,1184.2044677734375
MiniUNet,487,1180.4637451171875,1196.60693359375
MiniUNet,488,1177.9610595703125,1174.5615234375
MiniUNet,489,1181.60009765625,1184.2640380859375
MiniUNet,490,1184.89501953125,1184.01025390625
MiniUNet,491,1185.0343017578125,1183.006591796875
MiniUNet,492,1184.613525390625,1193.2440185546875
MiniUNet,493,1184.2032470703125,1189.2703857421875
MiniUNet,494,1191.68603515625,1192.270263671875
MiniUNet,495,1177.27978515625,1193.768310546875
MiniUNet,496,1182.998046875,1186.3255615234375
MiniUNet,497,1190.5238037109375,1189.278076171875
MiniUNet,498,1190.2752685546875,1187.788330078125
MiniUNet,499,1179.519775390625,1185.79150390625
MiniUNet,500,1191.15966796875,1179.93359375
MiniUNet,501,1186.408935546875,1176.8916015625
MiniUNet,502,1184.2945556640625,1193.8917236328125
MiniUNet,503,1186.2255859375,1185.008056640625
MiniUNet,504,1187.2666015625,1182.5941162109375
MiniUNet,505,1182.7620849609375,1179.84228515625
MiniUNet,506,1189.4847412109375,1186.0657958984375
MiniUNet,507,1187.8173828125,1190.8043212890625
MiniUNet,508,1180.8360595703125,1188.06591796875
MiniUNet,509,1196.67578125,1182.20654296875
MiniUNet,510,1183.89111328125,1187.9630126953125
MiniUNet,511,1183.4041748046875,1195.9088134765625
MiniUNet,512,1188.04638671875,1179.9254150390625
MiniUNet,513,1187.8017578125,1191.18505859375
MiniUNet,514,1186.5626220703125,1185.65478515625
MiniUNet,515,1190.0045166015625,1186.1705322265625
MiniUNet,516,1187.5662841796875,1179.6815185546875
MiniUNet,517,1200.96435546875,1182.2049560546875
MiniUNet,518,1188.4710693359375,1190.936767578125
MiniUNet,519,1180.29150390625,1186.7232666015625
MiniUNet,520,1196.0843505859375,1192.8519287109375
MiniUNet,521,1184.65283203125,1183.1478271484375
MiniUNet,522,1182.668701171875,1191.0343017578125
MiniUNet,523,1184.6060791015625,1175.548828125
MiniUNet,524,1178.3690185546875,1189.965576171875
MiniUNet,525,1189.4632568359375,1185.6087646484375
MiniUNet,526,1182.7120361328125,1180.67578125
MiniUNet,527,1198.8499755859375,1190.7803955078125
MiniUNet,528,1185.7418212890625,1185.04052734375
MiniUNet,529,1183.1629638671875,1194.094970703125
MiniUNet,530,1180.4210205078125,1185.932861328125
MiniUNet,531,1188.09130859375,1182.0694580078125
MiniUNet,532,1185.766357421875,1181.91259765625
MiniUNet,533,1187.429443359375,1184.570556640625
MiniUNet,534,1182.28564453125,1178.0042724609375
MiniUNet,535,1181.070556640625,1184.810546875
MiniUNet,536,1179.7364501953125,1185.8004150390625
MiniUNet,537,1182.4609375,1172.3157958984375
MiniUNet,538,1184.9599609375,1178.1702880859375
MiniUNet,539,1184.987548828125,1185.4306640625
MiniUNet,540,1182.8460693359375,1191.9989013671875
MiniUNet,541,1185.206787109375,1191.843017578125
MiniUNet,542,1189.2119140625,1186.5870361328125
MiniUNet,543,1188.8758544921875,1182.4278564453125
MiniUNet,544,1189.0247802734375,1182.56298828125
MiniUNet,545,1179.636962890625,1184.079833984375
MiniUNet,546,1187.4111328125,1179.836669921875
MiniUNet,547,1183.902099609375,1175.1473388671875
MiniUNet,548,1188.5413818359375,1184.423095703125
MiniUNet,549,1192.9498291015625,1183.041259765625
MiniUNet,550,1190.7567138671875,1188.0350341796875
MiniUNet,551,1190.79931640625,1176.0650634765625
MiniUNet,552,1176.5509033203125,1181.9005126953125
MiniUNet,553,1177.956298828125,1184.7977294921875
MiniUNet,554,1189.066650390625,1177.7767333984375
MiniUNet,555,1185.0987548828125,1185.9825439453125
MiniUNet,556,1181.70556640625,1195.5780029296875
MiniUNet,557,1180.780029296875,1182.048583984375
MiniUNet,558,1189.22705078125,1182.7523193359375
MiniUNet,559,1174.3226318359375,1181.3203125
MiniUNet,560,1196.2938232421875,1184.149658203125
MiniUNet,561,1180.939453125,1178.4207763671875
MiniUNet,562,1175.15625,1189.78515625
MiniUNet,563,1175.1258544921875,1189.4033203125
MiniUNet,564,1181.0115966796875,1178.611328125
MiniUNet,565,1179.4031982421875,1185.4097900390625
MiniUNet,566,1201.2833251953125,1185.9525146484375
MiniUNet,567,1181.029296875,1179.799560546875
MiniUNet,568,1192.3973388671875,1189.3272705078125
MiniUNet,569,1181.0032958984375,1180.98974609375
MiniUNet,570,1181.016845703125,1175.1890869140625
MiniUNet,571,1190.7879638671875,1187.9364013671875
MiniUNet,572,1188.0355224609375,1187.2437744140625
MiniUNet,573,1179.6915283203125,1183.121337890625
MiniUNet,574,1186.55029296875,1182.993896484375
MiniUNet,575,1190.3677978515625,1187.1934814453125
MiniUNet,576,1182.4210205078125,1184.346435546875
MiniUNet,577,1176.4501953125,1180.3677978515625
MiniUNet,578,1185.6485595703125,1189.1903076171875
MiniUNet,579,1185.782470703125,1178.884033203125
MiniUNet,580,1190.6588134765625,1172.6531982421875
MiniUNet,581,1178.895751953125,1186.94482421875
MiniUNet,582,1177.548828125,1184.7261962890625
MiniUNet,583,1185.6953125,1183.103271484375
MiniUNet,584,1188.6253662109375,1180.1468505859375
MiniUNet,585,1185.7457275390625,1191.044677734375
MiniUNet,586,1182.4296875,1181.796630859375
MiniUNet,587,1193.1099853515625,1180.51611328125
MiniUNet,588,1181.280517578125,1176.9229736328125
MiniUNet,589,1184.3665771484375,1169.6551513671875
MiniUNet,590,1193.17041015625,1182.446044921875
MiniUNet,591,1184.039306640625,1178.6285400390625
MiniUNet,592,1182.947021484375,1178.2779541015625
MiniUNet,593,1184.405029296875,1192.620361328125
MiniUNet,594,1187.8670654296875,1177.6099853515625
MiniUNet,595,1192.7110595703125,1186.4171142578125
MiniUNet,596,1181.8245849609375,1177.3948974609375
MiniUNet,597,1187.2109375,1179.7933349609375
MiniUNet,598,1177.3538818359375,1173.2230224609375
MiniUNet,599,1172.0914306640625,1191.986572265625
MiniUNet,600,1182.31884765625,1184.46630859375
MiniUNet,601,1177.2208251953125,1185.8243408203125
MiniUNet,602,1179.135498046875,1188.754638671875
MiniUNet,603,1183.5340576171875,1184.2567138671875
MiniUNet,604,1174.7366943359375,1183.485595703125
MiniUNet,605,1182.6302490234375,1169.538818359375
MiniUNet,606,1190.382080078125,1179.4185791015625
MiniUNet,607,1185.98681640625,1180.2371826171875
MiniUNet,608,1188.0096435546875,1171.9393310546875
MiniUNet,609,1183.0157470703125,1178.7646484375
MiniUNet,610,1187.412109375,1194.681640625
MiniUNet,611,1178.372314453125,1182.259521484375
MiniUNet,612,1191.532470703125,1181.82958984375
MiniUNet,613,1182.600341796875,1169.23681640625
MiniUNet,614,1187.6070556640625,1180.184814453125
MiniUNet,615,1176.9925537109375,1186.3975830078125
MiniUNet,616,1179.916748046875,1179.42333984375
MiniUNet,617,1185.6156005859375,1181.300537109375
MiniUNet,618,1181.6824951171875,1172.99609375
MiniUNet,619,1181.9442138671875,1190.5006103515625
MiniUNet,620,1181.4876708984375,1173.9832763671875
MiniUNet,621,1180.077880859375,1179.2843017578125
MiniUNet,622,1184.830322265625,1180.8740234375
MiniUNet,623,1194.2354736328125,1179.5782470703125
MiniUNet,624,1186.2119140625,1185.8551025390625
MiniUNet,625,1187.5897216796875,1190.060546875
MiniUNet,626,1184.4024658203125,1187.220703125
MiniUNet,627,1179.5848388671875,1179.248779296875
MiniUNet,628,1182.67529296875,1185.0042724609375
MiniUNet,629,1184.6683349609375,1181.79052734375
MiniUNet,630,1187.308349609375,1187.6025390625
MiniUNet,631,1177.2362060546875,1185.57275390625
MiniUNet,632,1175.54150390625,1174.243408203125
MiniUNet,633,1177.5880126953125,1175.2174072265625
MiniUNet,634,1187.076904296875,1176.517578125
MiniUNet,635,1188.4102783203125,1185.169921875
MiniUNet,636,1191.1602783203125,1186.7755126953125
MiniUNet,637,1177.7034912109375,1179.971435546875
MiniUNet,638,1188.90087890625,1183.4715576171875
MiniUNet,639,1183.9100341796875,1169.9571533203125
MiniUNet,640,1189.8148193359375,1183.8533935546875
MiniUNet,641,1178.7041015625,1188.46435546875
MiniUNet,642,1177.7855224609375,1183.6268310546875
MiniUNet,643,1174.3968505859375,1173.3275146484375
MiniUNet,644,1182.2783203125,1183.2515869140625
MiniUNet,645,1185.3663330078125,1171.8692626953125
MiniUNet,646,1182.0489501953125,1191.254150390625
MiniUNet,647,1182.4842529296875,1178.0037841796875
MiniUNet,648,1180.6759033203125,1182.255859375
MiniUNet,649,1173.87060546875,1173.6217041015625
MiniUNet,650,1185.4676513671875,1176.196044921875
MiniUNet,651,1187.31884765625,1186.3148193359375
MiniUNet,652,1189.2064208984375,1176.5977783203125
MiniUNet,653,1183.145263671875,1181.9879150390625
MiniUNet,654,1191.5615234375,1183.1759033203125
MiniUNet,655,1179.7237548828125,1166.2052001953125
MiniUNet,656,1180.222412109375,1169.9705810546875
MiniUNet,657,1183.5640869140625,1176.4490966796875
MiniUNet,658,1175.93359375,1181.2509765625
MiniUNet,659,1183.440185546875,1187.8642578125
MiniUNet,660,1171.95849609375,1184.6807861328125
MiniUNet,661,1180.307861328125,1176.5400390625
MiniUNet,662,1167.53125,1178.951904296875
MiniUNet,663,1181.4100341796875,1176.34423828125
MiniUNet,664,1175.1365966796875,1172.3565673828125
MiniUNet,665,1180.4827880859375,1186.4942626953125
MiniUNet,666,1182.5657958984375,1176.8682861328125
MiniUNet,667,1176.9276123046875,1184.1685791015625
MiniUNet,668,1185.5389404296875,1172.697509765625
MiniUNet,669,1180.60791015625,1184.437255859375
MiniUNet,670,1173.569580078125,1182.373779296875
MiniUNet,671,1183.317138671875,1177.6197509765625
MiniUNet,672,1176.19384765625,1191.2154541015625
MiniUNet,673,1187.7523193359375,1177.0216064453125
MiniUNet,674,1182.4393310546875,1190.3797607421875
MiniUNet,675,1179.2318115234375,1188.77099609375
MiniUNet,676,1182.1011962890625,1185.3370361328125
MiniUNet,677,1185.5145263671875,1175.716552734375
MiniUNet,678,1177.510009765625,1175.1898193359375
MiniUNet,679,1172.0133056640625,1175.104248046875
MiniUNet,680,1176.18603515625,1186.073974609375
MiniUNet,681,1169.0177001953125,1182.18359375
MiniUNet,682,1186.4808349609375,1174.384521484375
MiniUNet,683,1177.2340087890625,1173.6470947265625
MiniUNet,684,1172.9183349609375,1178.2957763671875
MiniUNet,685,1179.7177734375,1170.82275390625
MiniUNet,686,1183.969482421875,1172.3209228515625
MiniUNet,687,1180.9613037109375,1180.094970703125
MiniUNet,688,1192.307861328125,1178.716064453125
MiniUNet,689,1184.9306640625,1186.0552978515625
MiniUNet,690,1180.7486572265625,1182.1378173828125
MiniUNet,691,1171.5748291015625,1170.8753662109375
MiniUNet,692,1171.7955322265625,1174.19873046875
MiniUNet,693,1177.9278564453125,1174.0162353515625
MiniUNet,694,1177.3126220703125,1173.704833984375
MiniUNet,695,1180.5123291015625,1168.2705078125
MiniUNet,696,1185.30810546875,1172.2606201171875
MiniUNet,697,1179.676025390625,1181.8463134765625
MiniUNet,698,1176.0369873046875,1177.622314453125
MiniUNet,699,1179.71728515625,1192.1671142578125
MiniUNet,700,1177.9443359375,1169.8089599609375
MiniUNet,701,1187.092529296875,1169.496826171875
MiniUNet,702,1173.2401123046875,1179.2672119140625
MiniUNet,703,1179.662353515625,1174.3509521484375
MiniUNet,704,1169.850341796875,1175.0599365234375
MiniUNet,705,1177.923583984375,1179.177490234375
MiniUNet,706,1180.3612060546875,1169.3447265625
MiniUNet,707,1181.3555908203125,1176.6290283203125
MiniUNet,708,1185.1009521484375,1173.1297607421875
MiniUNet,709,1183.0615234375,1176.6558837890625
MiniUNet,710,1179.8155517578125,1177.8560791015625
MiniUNet,711,1181.260009765625,1181.567138671875
MiniUNet,712,1167.6092529296875,1176.024169921875
MiniUNet,713,1166.8175048828125,1176.267578125
MiniUNet,714,1178.630126953125,1180.6962890625
MiniUNet,715,1182.83544921875,1170.447998046875
MiniUNet,716,1174.97509765625,1176.945556640625
MiniUNet,717,1183.5989990234375,1181.0478515625
MiniUNet,718,1177.82861328125,1176.0220947265625
MiniUNet,719,1180.8074951171875,1186.183349609375
MiniUNet,720,1178.0843505859375,1179.10986328125
MiniUNet,721,1170.3341064453125,1185.5364990234375
MiniUNet,722,1179.7025146484375,1188.175537109375
MiniUNet,723,1182.584716796875,1183.663818359375
MiniUNet,724,1177.6943359375,1173.102294921875
MiniUNet,725,1179.7384033203125,1176.7420654296875
MiniUNet,726,1182.7047119140625,1179.6666259765625
MiniUNet,727,1176.122314453125,1177.6282958984375
MiniUNet,728,1172.549072265625,1183.9505615234375
MiniUNet,729,1182.0953369140625,1169.03076171875
MiniUNet,730,1168.7591552734375,1184.3017578125
MiniUNet,731,1182.2908935546875,1176.2310791015625
MiniUNet,732,1172.0997314453125,1176.0653076171875
MiniUNet,733,1170.051513671875,1180.360595703125
MiniUNet,734,1180.538818359375,1175.451171875
MiniUNet,735,1178.4697265625,1180.173583984375
MiniUNet,736,1183.932373046875,1170.40283203125
MiniUNet,737,1173.569580078125,1175.38525390625
MiniUNet,738,1173.4610595703125,1175.1490478515625
MiniUNet,739,1188.9283447265625,1174.699462890625
MiniUNet,740,1183.6060791015625,1183.62451171875
MiniUNet,741,1171.675048828125,1172.749755859375
MiniUNet,742,1169.8695068359375,1183.455322265625
MiniUNet,743,1170.9910888671875,1183.39990234375
MiniUNet,744,1185.15869140625,1169.3555908203125
MiniUNet,745,1184.4945068359375,1173.9554443359375
MiniUNet,746,1176.132080078125,1171.2030029296875
MiniUNet,747,1165.2000732421875,1168.5283203125
MiniUNet,748,1177.383544921875,1174.8253173828125
MiniUNet,749,1176.87060546875,1167.798095703125
MiniUNet,750,1174.4700927734375,1186.5238037109375
MiniUNet,751,1174.3563232421875,1172.497314453125
MiniUNet,752,1176.916748046875,1175.2030029296875
MiniUNet,753,1179.38232421875,1177.8729248046875
MiniUNet,754,1173.661865234375,1162.020751953125
MiniUNet,755,1179.563232421875,1182.3876953125
MiniUNet,756,1180.9468994140625,1175.51025390625
MiniUNet,757,1180.0128173828125,1168.1318359375
MiniUNet,758,1183.25244140625,1180.8309326171875
MiniUNet,759,1182.520751953125,1174.537109375
MiniUNet,760,1180.2421875,1177.2447509765625
MiniUNet,761,1187.2030029296875,1178.111083984375
MiniUNet,762,1177.7764892578125,1171.579833984375
MiniUNet,763,1176.7076416015625,1167.8226318359375
MiniUNet,764,1175.02685546875,1180.3585205078125
MiniUNet,765,1172.5843505859375,1173.3428955078125
MiniUNet,766,1176.0457763671875,1166.5240478515625
MiniUNet,767,1178.3863525390625,1180.979248046875
MiniUNet,768,1167.825439453125,1172.741455078125
MiniUNet,769,1174.88671875,1174.7506103515625
MiniUNet,770,1163.2445068359375,1176.4490966796875
MiniUNet,771,1174.1705322265625,1179.362548828125
MiniUNet,772,1177.7913818359375,1176.1851806640625
MiniUNet,773,1162.4066162109375,1167.2738037109375
MiniUNet,774,1185.39990234375,1173.0257568359375
MiniUNet,775,1158.5958251953125,1182.2425537109375
MiniUNet,776,1190.3070068359375,1174.837646484375
MiniUNet,777,1178.3111572265625,1174.6383056640625
MiniUNet,778,1176.6636962890625,1178.3365478515625
MiniUNet,779,1171.3306884765625,1171.3790283203125
MiniUNet,780,1172.9818115234375,1180.9073486328125
MiniUNet,781,1174.9207763671875,1173.853271484375
MiniUNet,782,1173.94775390625,1178.3892822265625
MiniUNet,783,1176.9932861328125,1176.7877197265625
MiniUNet,784,1174.00830078125,1172.107177734375
MiniUNet,785,1170.225341796875,1171.6072998046875
MiniUNet,786,1175.4078369140625,1169.552001953125
MiniUNet,787,1175.36328125,1175.958740234375
MiniUNet,788,1169.8363037109375,1171.4388427734375
MiniUNet,789,1173.380615234375,1175.935791015625
MiniUNet,790,1171.526611328125,1175.8695068359375
MiniUNet,791,1167.722900390625,1183.182861328125
MiniUNet,792,1184.539306640625,1174.432373046875
MiniUNet,793,1185.4818115234375,1175.0228271484375
MiniUNet,794,1175.6263427734375,1164.4771728515625
MiniUNet,795,1174.4256591796875,1182.28955078125
MiniUNet,796,1178.193359375,1169.2120361328125
MiniUNet,797,1173.2857666015625,1180.5421142578125
MiniUNet,798,1184.3680419921875,1184.550537109375
MiniUNet,799,1179.900146484375,1164.72412109375
MiniUNet,800,1183.2813720703125,1182.744384765625
MiniUNet,801,1166.211669921875,1178.2598876953125
MiniUNet,802,1166.8475341796875,1168.3447265625
MiniUNet,803,1169.036865234375,1173.02734375
MiniUNet,804,1172.04052734375,1162.000732421875
MiniUNet,805,1170.736328125,1166.8800048828125
MiniUNet,806,1185.22802734375,1169.0611572265625
MiniUNet,807,1175.285888671875,1173.34228515625
MiniUNet,808,1183.6546630859375,1182.2901611328125
MiniUNet,809,1184.117431640625,1170.338623046875
MiniUNet,810,1176.890380859375,1169.3472900390625
MiniUNet,811,1174.6060791015625,1174.5911865234375
MiniUNet,812,1176.635009765625,1171.2708740234375
MiniUNet,813,1167.230224609375,1178.12255859375
MiniUNet,814,1181.902099609375,1169.194580078125
MiniUNet,815,1178.135986328125,1178.3553466796875
MiniUNet,816,1173.6103515625,1183.0390625
MiniUNet,817,1173.3138427734375,1167.1265869140625
MiniUNet,818,1182.9522705078125,1173.4525146484375
MiniUNet,819,1169.25927734375,1167.7535400390625
MiniUNet,820,1164.1448974609375,1174.5020751953125
MiniUNet,821,1175.7442626953125,1172.85107421875
MiniUNet,822,1173.280029296875,1169.0716552734375
MiniUNet,823,1176.558349609375,1171.9910888671875
MiniUNet,824,1168.069580078125,1176.1754150390625
MiniUNet,825,1168.23486328125,1170.5697021484375
MiniUNet,826,1177.3310546875,1170.6187744140625
MiniUNet,827,1181.99951171875,1179.6595458984375
MiniUNet,828,1175.382080078125,1174.125732421875
MiniUNet,829,1173.4405517578125,1176.8466796875
MiniUNet,830,1182.750732421875,1175.8878173828125
MiniUNet,831,1166.53369140625,1177.1160888671875
MiniUNet,832,1171.382568359375,1175.7037353515625
MiniUNet,833,1177.6751708984375,1174.417724609375
MiniUNet,834,1169.7080078125,1157.913818359375
MiniUNet,835,1166.2706298828125,1170.0628662109375
MiniUNet,836,1171.808837890625,1171.977294921875
MiniUNet,837,1169.216796875,1169.4688720703125
MiniUNet,838,1175.1197509765625,1167.7020263671875
MiniUNet,839,1181.7303466796875,1160.3363037109375
MiniUNet,840,1171.3184814453125,1173.1795654296875
MiniUNet,841,1167.4710693359375,1176.110107421875
MiniUNet,842,1163.12060546875,1169.776611328125
MiniUNet,843,1183.509765625,1178.8773193359375
MiniUNet,844,1170.477294921875,1176.2340087890625
MiniUNet,845,1157.708251953125,1163.4405517578125
MiniUNet,846,1174.4417724609375,1166.224853515625
MiniUNet,847,1171.99609375,1172.5673828125
MiniUNet,848,1172.257080078125,1170.1158447265625
MiniUNet,849,1170.529296875,1183.9378662109375
MiniUNet,850,1176.9727783203125,1174.462890625
MiniUNet,851,1177.1895751953125,1169.14697265625
MiniUNet,852,1164.6275634765625,1172.2178955078125
MiniUNet,853,1170.1395263671875,1182.9903564453125
MiniUNet,854,1167.2281494140625,1167.0987548828125
MiniUNet,855,1177.149658203125,1165.9112548828125
MiniUNet,856,1173.0450439453125,1171.550537109375
MiniUNet,857,1177.3121337890625,1173.97509765625
MiniUNet,858,1173.093505859375,1172.5865478515625
MiniUNet,859,1171.5968017578125,1177.193115234375
MiniUNet,860,1171.020751953125,1162.4603271484375
MiniUNet,861,1178.99609375,1177.246337890625
MiniUNet,862,1174.685546875,1181.415771484375
MiniUNet,863,1172.01025390625,1167.71923828125
MiniUNet,864,1163.6893310546875,1164.455810546875
MiniUNet,865,1179.7900390625,1165.0589599609375
MiniUNet,866,1166.447021484375,1174.8858642578125
MiniUNet,867,1170.2938232421875,1181.0543212890625
MiniUNet,868,1173.2921142578125,1169.657470703125
MiniUNet,869,1178.4417724609375,1165.0302734375
MiniUNet,870,1180.8438720703125,1164.27587890625
MiniUNet,871,1167.8065185546875,1171.8377685546875
MiniUNet,872,1172.2213134765625,1175.2020263671875
MiniUNet,873,1167.74267578125,1176.30078125
MiniUNet,874,1169.2261962890625,1178.240478515625
MiniUNet,875,1175.15576171875,1176.9659423828125
MiniUNet,876,1162.9256591796875,1170.695068359375
MiniUNet,877,1171.5130615234375,1172.0640869140625
MiniUNet,878,1167.9658203125,1171.7191162109375
MiniUNet,879,1172.460205078125,1169.1278076171875
MiniUNet,880,1179.6810302734375,1168.8675537109375
MiniUNet,881,1174.6646728515625,1170.497314453125
MiniUNet,882,1166.00341796875,1175.65478515625
MiniUNet,883,1177.348388671875,1168.62255859375
MiniUNet,884,1170.570556640625,1170.892578125
MiniUNet,885,1172.096435546875,1169.8267822265625
MiniUNet,886,1170.2701416015625,1168.6259765625
MiniUNet,887,1172.947509765625,1183.4825439453125
MiniUNet,888,1186.892822265625,1176.290771484375
MiniUNet,889,1174.6978759765625,1165.8902587890625
MiniUNet,890,1181.3985595703125,1178.5615234375
MiniUNet,891,1171.1488037109375,1175.661865234375
MiniUNet,892,1171.646240234375,1173.2498779296875
MiniUNet,893,1172.9713134765625,1168.7315673828125
MiniUNet,894,1178.10107421875,1175.25830078125
MiniUNet,895,1166.7381591796875,1170.1348876953125
MiniUNet,896,1175.0147705078125,1175.3463134765625
MiniUNet,897,1168.1351318359375,1181.7855224609375
MiniUNet,898,1171.6871337890625,1172.7073974609375
MiniUNet,899,1172.09326171875,1174.8486328125
MiniUNet,900,1175.361083984375,1179.4937744140625
MiniUNet,901,1175.8682861328125,1169.399169921875
MiniUNet,902,1171.3756103515625,1179.3548583984375
MiniUNet,903,1172.091552734375,1169.7958984375
MiniUNet,904,1168.8895263671875,1176.348876953125
MiniUNet,905,1173.061279296875,1165.7550048828125
MiniUNet,906,1169.063720703125,1164.5103759765625
MiniUNet,907,1169.7196044921875,1170.013916015625
MiniUNet,908,1166.1302490234375,1177.4517822265625
MiniUNet,909,1169.6046142578125,1178.1573486328125
MiniUNet,910,1170.0079345703125,1169.8892822265625
MiniUNet,911,1184.9180908203125,1179.1590576171875
MiniUNet,912,1173.791259765625,1163.138671875
MiniUNet,913,1165.5882568359375,1176.537841796875
MiniUNet,914,1172.6492919921875,1165.51025390625
MiniUNet,915,1172.841796875,1177.8155517578125
MiniUNet,916,1163.27099609375,1171.392822265625
MiniUNet,917,1178.643798828125,1168.4658203125
MiniUNet,918,1164.6715087890625,1172.140625
MiniUNet,919,1176.90576171875,1171.466796875
MiniUNet,920,1167.5152587890625,1170.3839111328125
MiniUNet,921,1173.516357421875,1170.7552490234375
MiniUNet,922,1173.00146484375,1180.177978515625
MiniUNet,923,1181.291015625,1175.2655029296875
MiniUNet,924,1166.979736328125,1168.7132568359375
MiniUNet,925,1167.9925537109375,1168.14013671875
MiniUNet,926,1167.120361328125,1170.160400390625
MiniUNet,927,1169.87353515625,1165.38427734375
MiniUNet,928,1173.61474609375,1172.0765380859375
MiniUNet,929,1172.9163818359375,1171.827392578125
MiniUNet,930,1172.1915283203125,1158.305908203125
MiniUNet,931,1167.943603515625,1162.0616455078125
MiniUNet,932,1175.8709716796875,1167.7686767578125
MiniUNet,933,1168.660888671875,1171.77734375
MiniUNet,934,1168.0772705078125,1175.2222900390625
MiniUNet,935,1158.818359375,1170.959716796875
MiniUNet,936,1166.7630615234375,1166.2425537109375
MiniUNet,937,1177.049560546875,1166.7572021484375
MiniUNet,938,1164.482421875,1177.0645751953125
MiniUNet,939,1171.94140625,1177.228515625
MiniUNet,940,1169.6162109375,1164.2755126953125
MiniUNet,941,1172.7987060546875,1169.062255859375
MiniUNet,942,1172.8040771484375,1167.3997802734375
MiniUNet,943,1171.8719482421875,1173.05859375
MiniUNet,944,1174.6435546875,1165.7445068359375
MiniUNet,945,1162.8050537109375,1166.736083984375
MiniUNet,946,1180.7052001953125,1162.8338623046875
MiniUNet,947,1171.349609375,1164.5185546875
MiniUNet,948,1163.5257568359375,1175.40576171875
MiniUNet,949,1172.4808349609375,1185.3455810546875
MiniUNet,950,1165.7364501953125,1161.900390625
MiniUNet,951,1163.5880126953125,1182.6328125
MiniUNet,952,1177.299560546875,1165.19140625
MiniUNet,953,1168.7091064453125,1172.1593017578125
MiniUNet,954,1168.5355224609375,1178.5877685546875
MiniUNet,955,1175.73291015625,1179.630859375
MiniUNet,956,1165.2744140625,1165.9788818359375
MiniUNet,957,1171.930908203125,1179.9271240234375
MiniUNet,958,1169.8953857421875,1174.726806640625
MiniUNet,959,1175.9462890625,1172.1153564453125
MiniUNet,960,1169.159423828125,1175.1009521484375
MiniUNet,961,1157.807861328125,1174.0672607421875
MiniUNet,962,1159.54931640625,1168.7911376953125
MiniUNet,963,1165.169921875,1170.9033203125
MiniUNet,964,1173.9530029296875,1162.9716796875
MiniUNet,965,1169.07861328125,1167.663330078125
MiniUNet,966,1158.2193603515625,1164.2342529296875
MiniUNet,967,1168.30615234375,1171.1888427734375
MiniUNet,968,1164.775146484375,1171.1976318359375
MiniUNet,969,1163.5352783203125,1162.120849609375
MiniUNet,970,1167.819091796875,1158.17529296875
MiniUNet,971,1170.1097412109375,1176.218505859375
MiniUNet,972,1166.5506591796875,1151.4605712890625
MiniUNet,973,1173.8973388671875,1173.73046875
MiniUNet,974,1176.966552734375,1164.346435546875
MiniUNet,975,1164.5068359375,1167.4820556640625
MiniUNet,976,1180.2945556640625,1174.3485107421875
MiniUNet,977,1160.5885009765625,1169.4708251953125
MiniUNet,978,1168.8043212890625,1168.084716796875
MiniUNet,979,1175.791259765625,1180.298583984375
MiniUNet,980,1183.599609375,1167.8935546875
MiniUNet,981,1169.9603271484375,1166.210693359375
MiniUNet,982,1162.2835693359375,1171.087890625
MiniUNet,983,1165.906005859375,1174.39111328125
MiniUNet,984,1167.852294921875,1173.018798828125
MiniUNet,985,1169.30078125,1167.658447265625
MiniUNet,986,1172.9600830078125,1176.028076171875
MiniUNet,987,1162.7120361328125,1160.9498291015625
MiniUNet,988,1167.7857666015625,1178.41357421875
MiniUNet,989,1164.5257568359375,1170.9312744140625
MiniUNet,990,1170.0302734375,1171.1693115234375
MiniUNet,991,1172.6185302734375,1171.7579345703125
MiniUNet,992,1158.324951171875,1154.8917236328125
MiniUNet,993,1166.6182861328125,1165.155029296875
MiniUNet,994,1171.0941162109375,1164.714111328125
MiniUNet,995,1164.179443359375,1164.4283447265625
MiniUNet,996,1166.3489990234375,1164.57275390625
MiniUNet,997,1168.543701171875,1175.1005859375
MiniUNet,998,1173.34326171875,1168.78662109375
MiniUNet,999,1168.1907958984375,1171.2750244140625
MiniUNet,1000,1165.4061279296875,1164.9503173828125
MiniUNet,1001,1165.398681640625,1163.4305419921875
MiniUNet,1002,1166.8055419921875,1161.01611328125
MiniUNet,1003,1167.298583984375,1165.2431640625
MiniUNet,1004,1171.255615234375,1158.5452880859375
MiniUNet,1005,1177.548583984375,1168.163818359375
MiniUNet,1006,1172.8717041015625,1169.2850341796875
MiniUNet,1007,1155.6810302734375,1159.989501953125
MiniUNet,1008,1183.7623291015625,1164.663330078125
MiniUNet,1009,1169.39111328125,1168.7535400390625
MiniUNet,1010,1167.260009765625,1165.5875244140625
MiniUNet,1011,1159.6915283203125,1173.8695068359375
MiniUNet,1012,1165.5799560546875,1171.0830078125
MiniUNet,1013,1168.9205322265625,1176.860595703125
MiniUNet,1014,1164.661865234375,1171.3900146484375
MiniUNet,1015,1167.6300048828125,1165.287841796875
MiniUNet,1016,1171.51953125,1173.80029296875
MiniUNet,1017,1169.5264892578125,1171.2613525390625
MiniUNet,1018,1170.520751953125,1168.66455078125
MiniUNet,1019,1173.4261474609375,1172.135986328125
MiniUNet,1020,1175.0819091796875,1170.20751953125
MiniUNet,1021,1167.722900390625,1167.247802734375
MiniUNet,1022,1169.8470458984375,1169.6329345703125
MiniUNet,1023,1168.4517822265625,1165.92333984375
MiniUNet,1024,1176.7373046875,1171.3397216796875
MiniUNet,1025,1175.9610595703125,1169.4541015625
MiniUNet,1026,1165.4532470703125,1173.7840576171875
MiniUNet,1027,1182.6881103515625,1165.0574951171875
MiniUNet,1028,1174.709716796875,1159.4906005859375
MiniUNet,1029,1168.8868408203125,1165.639404296875
MiniUNet,1030,1167.51611328125,1155.8095703125
MiniUNet,1031,1171.3760986328125,1157.2574462890625
MiniUNet,1032,1174.1953125,1164.2681884765625
MiniUNet,1033,1159.287353515625,1173.0616455078125
MiniUNet,1034,1153.6383056640625,1173.5472412109375
MiniUNet,1035,1169.1552734375,1163.099365234375
MiniUNet,1036,1168.3333740234375,1170.882080078125
MiniUNet,1037,1165.9224853515625,1161.72705078125
MiniUNet,1038,1171.4649658203125,1163.864013671875
MiniUNet,1039,1161.798583984375,1176.42041015625
MiniUNet,1040,1158.0538330078125,1169.553955078125
MiniUNet,1041,1178.476318359375,1172.64453125
MiniUNet,1042,1165.653564453125,1171.843505859375
MiniUNet,1043,1160.331787109375,1162.2755126953125
MiniUNet,1044,1172.982421875,1166.25634765625
MiniUNet,1045,1172.134765625,1170.7030029296875
MiniUNet,1046,1164.8668212890625,1161.290283203125
MiniUNet,1047,1177.870849609375,1168.5858154296875
MiniUNet,1048,1160.8074951171875,1176.1788330078125
MiniUNet,1049,1176.554931640625,1164.49755859375
MiniUNet,1050,1169.738525390625,1174.40771484375
MiniUNet,1051,1174.043212890625,1168.6258544921875
MiniUNet,1052,1170.96533203125,1160.3807373046875
MiniUNet,1053,1160.1092529296875,1163.7525634765625
MiniUNet,1054,1163.043701171875,1165.0205078125
MiniUNet,1055,1162.726318359375,1175.1820068359375
MiniUNet,1056,1160.390625,1165.209716796875
MiniUNet,1057,1165.4371337890625,1155.065185546875
MiniUNet,1058,1170.560302734375,1162.2099609375
MiniUNet,1059,1165.110595703125,1171.9405517578125
MiniUNet,1060,1160.3760986328125,1160.3577880859375
MiniUNet,1061,1169.8408203125,1165.498046875
MiniUNet,1062,1163.0496826171875,1167.1822509765625
MiniUNet,1063,1173.2423095703125,1163.513916015625
MiniUNet,1064,1164.450927734375,1165.7020263671875
MiniUNet,1065,1161.43115234375,1173.79541015625
MiniUNet,1066,1167.5018310546875,1174.8580322265625
MiniUNet,1067,1165.7738037109375,1160.5068359375
MiniUNet,1068,1180.10498046875,1161.8564453125
MiniUNet,1069,1160.9920654296875,1166.976318359375
MiniUNet,1070,1165.5391845703125,1166.6824951171875
MiniUNet,1071,1166.50048828125,1164.623046875
MiniUNet,1072,1169.21728515625,1164.3846435546875
MiniUNet,1073,1170.7921142578125,1165.74072265625
MiniUNet,1074,1166.134521484375,1165.7420654296875
MiniUNet,1075,1163.048095703125,1175.81884765625
MiniUNet,1076,1162.7017822265625,1159.955810546875
MiniUNet,1077,1168.0426025390625,1158.8323974609375
MiniUNet,1078,1169.3558349609375,1165.2818603515625
MiniUNet,1079,1163.46337890625,1165.5391845703125
MiniUNet,1080,1171.6494140625,1169.3338623046875
MiniUNet,1081,1164.9884033203125,1169.771728515625
MiniUNet,1082,1165.123046875,1165.3349609375
MiniUNet,1083,1168.7525634765625,1178.2967529296875
MiniUNet,1084,1158.7767333984375,1167.843017578125
MiniUNet,1085,1176.0567626953125,1174.56201171875
MiniUNet,1086,1164.9000244140625,1161.046630859375
MiniUNet,1087,1160.658447265625,1164.8355712890625
MiniUNet,1088,1158.0347900390625,1167.8616943359375
MiniUNet,1089,1165.398681640625,1161.7828369140625
MiniUNet,1090,1163.0242919921875,1167.5013427734375
MiniUNet,1091,1159.70458984375,1163.154541015625
MiniUNet,1092,1163.7923583984375,1165.2789306640625
MiniUNet,1093,1165.025146484375,1157.5516357421875
MiniUNet,1094,1168.0343017578125,1169.5528564453125
MiniUNet,1095,1165.5333251953125,1170.76025390625
MiniUNet,1096,1160.488525390625,1164.185546875
MiniUNet,1097,1159.8505859375,1160.4588623046875
MiniUNet,1098,1160.5303955078125,1153.2042236328125
MiniUNet,1099,1162.16015625,1157.526611328125
MiniUNet,1100,1155.4288330078125,1171.6717529296875
MiniUNet,1101,1170.4970703125,1155.256591796875
MiniUNet,1102,1161.6302490234375,1163.751708984375
MiniUNet,1103,1171.673828125,1165.1229248046875
MiniUNet,1104,1163.685791015625,1161.61865234375
MiniUNet,1105,1162.8291015625,1159.654541015625
MiniUNet,1106,1165.263427734375,1162.423828125
MiniUNet,1107,1169.8487548828125,1159.62841796875
MiniUNet,1108,1174.7547607421875,1159.0164794921875
MiniUNet,1109,1162.7830810546875,1168.787353515625
MiniUNet,1110,1167.318115234375,1164.913818359375
MiniUNet,1111,1166.9892578125,1165.5548095703125
MiniUNet,1112,1169.132568359375,1164.6282958984375
MiniUNet,1113,1161.7110595703125,1166.23876953125
MiniUNet,1114,1161.5184326171875,1164.4503173828125
MiniUNet,1115,1162.3311767578125,1164.8358154296875
MiniUNet,1116,1172.2005615234375,1161.2015380859375
MiniUNet,1117,1159.7957763671875,1169.3385009765625
MiniUNet,1118,1166.320556640625,1168.9598388671875
MiniUNet,1119,1163.558837890625,1164.724365234375
MiniUNet,1120,1164.49951171875,1168.738525390625
MiniUNet,1121,1158.120849609375,1154.3359375
MiniUNet,1122,1160.623291015625,1163.7828369140625
MiniUNet,1123,1173.709716796875,1167.8453369140625
MiniUNet,1124,1168.047607421875,1161.4510498046875
MiniUNet,1125,1162.50830078125,1162.362060546875
MiniUNet,1126,1167.8406982421875,1157.3582763671875
MiniUNet,1127,1163.8612060546875,1162.460693359375
MiniUNet,1128,1157.844970703125,1169.5333251953125
MiniUNet,1129,1161.5042724609375,1164.253173828125
MiniUNet,1130,1162.3145751953125,1158.8345947265625
MiniUNet,1131,1166.468017578125,1153.6392822265625
MiniUNet,1132,1164.55517578125,1169.308837890625
MiniUNet,1133,1163.318115234375,1158.025146484375
MiniUNet,1134,1163.8543701171875,1162.44677734375
MiniUNet,1135,1179.987060546875,1154.8133544921875
MiniUNet,1136,1161.34716796875,1165.0042724609375
MiniUNet,1137,1163.676025390625,1175.4075927734375
MiniUNet,1138,1154.7314453125,1166.0709228515625
MiniUNet,1139,1171.044677734375,1155.388427734375
MiniUNet,1140,1160.1085205078125,1165.1016845703125
MiniUNet,1141,1162.0018310546875,1169.4913330078125
MiniUNet,1142,1157.16455078125,1160.90673828125
MiniUNet,1143,1173.9039306640625,1158.9307861328125
MiniUNet,1144,1161.466552734375,1163.8348388671875
MiniUNet,1145,1171.465576171875,1155.9776611328125
MiniUNet,1146,1165.476806640625,1165.20947265625
MiniUNet,1147,1159.1182861328125,1162.830810546875
MiniUNet,1148,1160.181396484375,1162.9012451171875
MiniUNet,1149,1162.4344482421875,1164.1463623046875
MiniUNet,1150,1154.4862060546875,1167.9908447265625
MiniUNet,1151,1166.050537109375,1153.1998291015625
MiniUNet,1152,1161.0927734375,1163.3487548828125
MiniUNet,1153,1165.9576416015625,1169.005615234375
MiniUNet,1154,1162.716552734375,1163.0185546875
MiniUNet,1155,1164.392822265625,1172.075927734375
MiniUNet,1156,1171.4971923828125,1168.00732421875
MiniUNet,1157,1164.3890380859375,1164.93212890625
MiniUNet,1158,1165.70849609375,1172.0028076171875
MiniUNet,1159,1162.241943359375,1167.620849609375
MiniUNet,1160,1164.5830078125,1173.802978515625
MiniUNet,1161,1167.9093017578125,1162.4246826171875
MiniUNet,1162,1164.40478515625,1161.309326171875
MiniUNet,1163,1156.8541259765625,1162.1778564453125
MiniUNet,1164,1160.53759765625,1158.935546875
MiniUNet,1165,1168.64306640625,1158.519775390625
MiniUNet,1166,1170.8763427734375,1163.426025390625
MiniUNet,1167,1160.55078125,1169.523193359375
MiniUNet,1168,1163.905517578125,1167.7945556640625
MiniUNet,1169,1156.5213623046875,1155.4241943359375
MiniUNet,1170,1159.4329833984375,1162.2413330078125
MiniUNet,1171,1170.18603515625,1148.5482177734375
MiniUNet,1172,1160.2470703125,1159.29296875
MiniUNet,1173,1159.3466796875,1169.5699462890625
MiniUNet,1174,1172.9044189453125,1159.0748291015625
MiniUNet,1175,1169.7066650390625,1167.116455078125
MiniUNet,1176,1166.0423583984375,1174.2244873046875
MiniUNet,1177,1174.33642578125,1161.527587890625
MiniUNet,1178,1164.818115234375,1161.6907958984375
MiniUNet,1179,1159.9501953125,1166.54443359375
MiniUNet,1180,1162.7454833984375,1160.1405029296875
MiniUNet,1181,1163.0574951171875,1169.6910400390625
MiniUNet,1182,1164.54052734375,1160.671630859375
MiniUNet,1183,1172.6090087890625,1153.0111083984375
MiniUNet,1184,1165.10107421875,1161.675537109375
MiniUNet,1185,1159.2578125,1171.6878662109375
MiniUNet,1186,1155.9202880859375,1154.468994140625
MiniUNet,1187,1159.3475341796875,1166.464599609375
MiniUNet,1188,1165.9378662109375,1161.1510009765625
MiniUNet,1189,1166.33935546875,1167.65283203125
MiniUNet,1190,1169.028564453125,1161.6268310546875
MiniUNet,1191,1154.529541015625,1165.2210693359375
MiniUNet,1192,1164.5631103515625,1156.123779296875
MiniUNet,1193,1166.695068359375,1165.707763671875
MiniUNet,1194,1164.4840087890625,1171.9931640625
MiniUNet,1195,1173.7757568359375,1158.57470703125
MiniUNet,1196,1155.9439697265625,1163.36279296875
MiniUNet,1197,1174.1495361328125,1159.8988037109375
MiniUNet,1198,1163.5860595703125,1163.0711669921875
MiniUNet,1199,1163.04052734375,1153.364501953125
MiniUNet,1200,1166.071044921875,1166.22216796875
MiniUNet,1201,1176.5067138671875,1160.8035888671875
MiniUNet,1202,1166.76318359375,1163.6673583984375
MiniUNet,1203,1157.920166015625,1162.1329345703125
MiniUNet,1204,1168.131103515625,1153.6976318359375
MiniUNet,1205,1154.6202392578125,1154.7176513671875
MiniUNet,1206,1157.272216796875,1163.66357421875
MiniUNet,1207,1172.1978759765625,1164.245361328125
MiniUNet,1208,1164.1263427734375,1158.3294677734375
MiniUNet,1209,1157.1151123046875,1164.38427734375
MiniUNet,1210,1167.5078125,1163.0791015625
MiniUNet,1211,1166.7237548828125,1156.6895751953125
MiniUNet,1212,1168.3822021484375,1159.26806640625
MiniUNet,1213,1165.320068359375,1165.0135498046875
MiniUNet,1214,1159.3167724609375,1165.87841796875
MiniUNet,1215,1170.3382568359375,1158.5321044921875
MiniUNet,1216,1159.474609375,1154.100830078125
MiniUNet,1217,1156.205810546875,1163.304931640625
MiniUNet,1218,1163.580810546875,1160.987548828125
MiniUNet,1219,1162.522216796875,1164.1153564453125
MiniUNet,1220,1161.4315185546875,1157.9306640625
MiniUNet,1221,1158.435791015625,1164.4700927734375
MiniUNet,1222,1164.1845703125,1158.4100341796875
MiniUNet,1223,1164.7508544921875,1172.029541015625
MiniUNet,1224,1169.0330810546875,1166.30712890625
MiniUNet,1225,1161.375,1171.9716796875
MiniUNet,1226,1158.92529296875,1160.4716796875
MiniUNet,1227,1157.6705322265625,1169.9981689453125
MiniUNet,1228,1158.652587890625,1163.196044921875
MiniUNet,1229,1164.8070068359375,1167.8299560546875
MiniUNet,1230,1162.3050537109375,1160.8360595703125
MiniUNet,1231,1162.5908203125,1157.7210693359375
MiniUNet,1232,1161.537841796875,1168.43408203125
MiniUNet,1233,1163.64306640625,1169.7327880859375
MiniUNet,1234,1160.164306640625,1156.3515625
MiniUNet,1235,1156.566650390625,1159.797607421875
MiniUNet,1236,1164.8592529296875,1156.213623046875
MiniUNet,1237,1165.4312744140625,1165.5565185546875
MiniUNet,1238,1161.4775390625,1163.248046875
MiniUNet,1239,1157.4632568359375,1155.044921875
MiniUNet,1240,1159.5167236328125,1169.0238037109375
MiniUNet,1241,1160.6788330078125,1149.6365966796875
MiniUNet,1242,1157.80810546875,1153.693603515625
MiniUNet,1243,1154.5611572265625,1166.0863037109375
MiniUNet,1244,1164.8291015625,1159.839599609375
MiniUNet,1245,1169.8525390625,1161.2591552734375
MiniUNet,1246,1150.6265869140625,1150.9808349609375
MiniUNet,1247,1155.5626220703125,1157.5345458984375
MiniUNet,1248,1164.604248046875,1161.1981201171875
MiniUNet,1249,1158.1644287109375,1157.51123046875
MiniUNet,1250,1156.9573974609375,1151.458984375
MiniUNet,1251,1161.7933349609375,1156.8697509765625
MiniUNet,1252,1150.4718017578125,1167.3916015625
MiniUNet,1253,1168.70654296875,1165.8529052734375
MiniUNet,1254,1161.763427734375,1149.8228759765625
MiniUNet,1255,1161.6827392578125,1156.1937255859375
MiniUNet,1256,1160.1405029296875,1155.589111328125
MiniUNet,1257,1161.53515625,1159.53515625
MiniUNet,1258,1167.5943603515625,1149.62158203125
MiniUNet,1259,1160.21484375,1165.3427734375
MiniUNet,1260,1153.2852783203125,1162.3140869140625
MiniUNet,1261,1170.7901611328125,1159.9053955078125
MiniUNet,1262,1158.580322265625,1169.361572265625
MiniUNet,1263,1163.74365234375,1161.6173095703125
MiniUNet,1264,1153.64208984375,1152.330810546875
MiniUNet,1265,1167.3714599609375,1165.569091796875
MiniUNet,1266,1156.1236572265625,1162.3040771484375
MiniUNet,1267,1163.106201171875,1161.349853515625
MiniUNet,1268,1163.3150634765625,1167.4617919921875
MiniUNet,1269,1165.794921875,1170.08837890625
MiniUNet,1270,1144.8377685546875,1157.7679443359375
MiniUNet,1271,1150.9072265625,1161.068603515625
MiniUNet,1272,1158.0703125,1165.1734619140625
MiniUNet,1273,1160.7957763671875,1162.1214599609375
MiniUNet,1274,1160.1671142578125,1177.259033203125
MiniUNet,1275,1161.7369384765625,1151.9078369140625
MiniUNet,1276,1165.1092529296875,1166.6708984375
MiniUNet,1277,1160.041748046875,1169.126220703125
MiniUNet,1278,1164.99072265625,1170.125
MiniUNet,1279,1169.4100341796875,1159.9830322265625
MiniUNet,1280,1154.50146484375,1161.1234130859375
MiniUNet,1281,1153.6170654296875,1155.768310546875
MiniUNet,1282,1168.21923828125,1168.2998046875
MiniUNet,1283,1166.186279296875,1164.0457763671875
MiniUNet,1284,1154.54833984375,1165.1539306640625
MiniUNet,1285,1156.617919921875,1161.072265625
MiniUNet,1286,1160.8057861328125,1166.0574951171875
MiniUNet,1287,1158.1832275390625,1150.5865478515625
MiniUNet,1288,1157.309326171875,1153.2706298828125
MiniUNet,1289,1158.0821533203125,1167.30859375
MiniUNet,1290,1155.9891357421875,1167.1907958984375
MiniUNet,1291,1157.953857421875,1158.0653076171875
MiniUNet,1292,1163.870361328125,1171.883056640625
MiniUNet,1293,1156.145751953125,1166.846923828125
MiniUNet,1294,1158.2552490234375,1157.4764404296875
MiniUNet,1295,1175.13134765625,1168.1185302734375
MiniUNet,1296,1174.7225341796875,1158.0675048828125
MiniUNet,1297,1165.5782470703125,1168.1573486328125
MiniUNet,1298,1158.8994140625,1164.8658447265625
MiniUNet,1299,1160.1473388671875,1161.4052734375
MiniUNet,1300,1169.0615234375,1168.395751953125
MiniUNet,1301,1165.720947265625,1160.038330078125
MiniUNet,1302,1158.7030029296875,1158.4422607421875
MiniUNet,1303,1155.4088134765625,1162.734375
MiniUNet,1304,1163.63427734375,1165.5535888671875
MiniUNet,1305,1165.382568359375,1156.7698974609375
MiniUNet,1306,1160.9232177734375,1157.0687255859375
MiniUNet,1307,1176.84326171875,1163.43505859375
MiniUNet,1308,1158.509521484375,1158.750244140625
MiniUNet,1309,1156.3343505859375,1157.9281005859375
MiniUNet,1310,1162.0712890625,1157.89306640625
MiniUNet,1311,1166.90625,1164.06005859375
MiniUNet,1312,1156.8265380859375,1152.879150390625
MiniUNet,1313,1163.4027099609375,1164.099853515625
MiniUNet,1314,1159.9398193359375,1158.478271484375
MiniUNet,1315,1160.5018310546875,1152.020263671875
MiniUNet,1316,1163.6495361328125,1170.7723388671875
MiniUNet,1317,1151.88916015625,1155.3070068359375
MiniUNet,1318,1159.4737548828125,1171.09228515625
MiniUNet,1319,1159.1529541015625,1161.3675537109375
MiniUNet,1320,1148.9154052734375,1159.0872802734375
MiniUNet,1321,1162.9112548828125,1152.511962890625
MiniUNet,1322,1152.6732177734375,1154.2205810546875
MiniUNet,1323,1153.224609375,1166.56103515625
MiniUNet,1324,1150.2308349609375,1159.90576171875
MiniUNet,1325,1166.486328125,1160.0242919921875
MiniUNet,1326,1164.4725341796875,1159.805419921875
MiniUNet,1327,1160.6676025390625,1154.6337890625
MiniUNet,1328,1155.709716796875,1157.9205322265625
MiniUNet,1329,1161.9564208984375,1165.6163330078125
MiniUNet,1330,1158.4365234375,1164.919189453125
MiniUNet,1331,1164.280517578125,1155.8736572265625
MiniUNet,1332,1158.635498046875,1159.3834228515625
MiniUNet,1333,1151.4298095703125,1168.0958251953125
MiniUNet,1334,1164.738037109375,1153.7999267578125
MiniUNet,1335,1163.0003662109375,1146.4327392578125
MiniUNet,1336,1163.8470458984375,1157.538818359375
MiniUNet,1337,1157.68701171875,1140.940673828125
MiniUNet,1338,1162.6177978515625,1159.4002685546875
MiniUNet,1339,1157.487548828125,1152.7542724609375
MiniUNet,1340,1159.259765625,1151.6231689453125
MiniUNet,1341,1163.20556640625,1167.70361328125
MiniUNet,1342,1161.90087890625,1157.3978271484375
MiniUNet,1343,1158.7864990234375,1167.5413818359375
MiniUNet,1344,1163.1866455078125,1160.580078125
MiniUNet,1345,1157.539306640625,1158.8779296875
MiniUNet,1346,1154.5694580078125,1174.6737060546875
MiniUNet,1347,1158.1065673828125,1157.5098876953125
MiniUNet,1348,1168.36376953125,1155.987548828125
MiniUNet,1349,1163.2012939453125,1155.6607666015625
MiniUNet,1350,1162.8265380859375,1168.1795654296875
MiniUNet,1351,1154.9815673828125,1163.34033203125
MiniUNet,1352,1163.7227783203125,1154.3656005859375
MiniUNet,1353,1161.120361328125,1153.1058349609375
MiniUNet,1354,1157.709716796875,1152.7528076171875
MiniUNet,1355,1156.01953125,1156.4921875
MiniUNet,1356,1156.4461669921875,1162.0369873046875
MiniUNet,1357,1156.0712890625,1158.5196533203125
MiniUNet,1358,1158.001953125,1158.6058349609375
MiniUNet,1359,1163.8360595703125,1146.665283203125
MiniUNet,1360,1161.3883056640625,1155.2685546875
MiniUNet,1361,1151.0228271484375,1155.0462646484375
MiniUNet,1362,1154.017578125,1157.04931640625
MiniUNet,1363,1155.8330078125,1155.36328125
MiniUNet,1364,1157.2484130859375,1152.7342529296875
MiniUNet,1365,1170.985107421875,1159.21533203125
MiniUNet,1366,1150.853271484375,1161.3074951171875
MiniUNet,1367,1162.985107421875,1152.9136962890625
MiniUNet,1368,1172.080322265625,1155.5885009765625
MiniUNet,1369,1167.1278076171875,1162.0338134765625
MiniUNet,1370,1167.87158203125,1162.4422607421875
MiniUNet,1371,1167.4739990234375,1154.40478515625
MiniUNet,1372,1156.0142822265625,1153.5123291015625
MiniUNet,1373,1165.1793212890625,1162.1005859375
MiniUNet,1374,1158.0394287109375,1164.7647705078125
MiniUNet,1375,1161.131103515625,1158.2120361328125
MiniUNet,1376,1156.7481689453125,1163.300537109375
MiniUNet,1377,1156.8902587890625,1154.0225830078125
MiniUNet,1378,1168.1466064453125,1162.38623046875
MiniUNet,1379,1162.705810546875,1155.0357666015625
MiniUNet,1380,1146.0223388671875,1163.32470703125
MiniUNet,1381,1153.5018310546875,1156.1710205078125
MiniUNet,1382,1143.142578125,1156.256103515625
MiniUNet,1383,1161.8795166015625,1159.3995361328125
MiniUNet,1384,1159.931640625,1147.8587646484375
MiniUNet,1385,1158.5235595703125,1159.7218017578125
MiniUNet,1386,1157.1207275390625,1151.8509521484375
MiniUNet,1387,1155.0908203125,1161.7791748046875
MiniUNet,1388,1157.3302001953125,1157.4488525390625
MiniUNet,1389,1153.10107421875,1150.3623046875
MiniUNet,1390,1155.16162109375,1159.98095703125
MiniUNet,1391,1154.138916015625,1153.333251953125
MiniUNet,1392,1158.686767578125,1154.998291015625
MiniUNet,1393,1155.0927734375,1161.5811767578125
MiniUNet,1394,1166.227783203125,1163.3538818359375
MiniUNet,1395,1165.7203369140625,1147.810546875
MiniUNet,1396,1159.4591064453125,1152.44384765625
MiniUNet,1397,1161.885498046875,1149.7032470703125
MiniUNet,1398,1170.1844482421875,1156.638671875
MiniUNet,1399,1165.8978271484375,1161.98876953125
MiniUNet,1400,1157.0657958984375,1153.716796875
MiniUNet,1401,1144.5777587890625,1158.963134765625
MiniUNet,1402,1151.03662109375,1165.98681640625
MiniUNet,1403,1158.0960693359375,1154.603515625
MiniUNet,1404,1159.086181640625,1161.6390380859375
MiniUNet,1405,1158.1248779296875,1161.9625244140625
MiniUNet,1406,1166.7525634765625,1152.74755859375
MiniUNet,1407,1152.1478271484375,1161.7880859375
MiniUNet,1408,1170.1221923828125,1162.0797119140625
MiniUNet,1409,1172.13818359375,1155.5469970703125
MiniUNet,1410,1164.2508544921875,1155.8968505859375
MiniUNet,1411,1142.7135009765625,1156.2923583984375
MiniUNet,1412,1163.89208984375,1152.6446533203125
MiniUNet,1413,1157.4920654296875,1151.93701171875
MiniUNet,1414,1163.9976806640625,1163.200439453125
MiniUNet,1415,1150.4835205078125,1161.0030517578125
MiniUNet,1416,1158.1627197265625,1149.346923828125
MiniUNet,1417,1159.8760986328125,1153.5040283203125
MiniUNet,1418,1166.6197509765625,1164.370849609375
MiniUNet,1419,1156.78125,1154.83544921875
MiniUNet,1420,1157.339111328125,1163.2813720703125
MiniUNet,1421,1163.4305419921875,1166.925048828125
MiniUNet,1422,1155.6859130859375,1162.8353271484375
MiniUNet,1423,1160.8846435546875,1163.7569580078125
MiniUNet,1424,1150.5235595703125,1153.8258056640625
MiniUNet,1425,1156.9310302734375,1159.3878173828125
MiniUNet,1426,1160.176025390625,1157.527587890625
MiniUNet,1427,1155.4949951171875,1161.911865234375
MiniUNet,1428,1151.4676513671875,1154.142578125
MiniUNet,1429,1157.4215087890625,1159.1419677734375
MiniUNet,1430,1156.904296875,1166.298095703125
MiniUNet,1431,1159.6912841796875,1153.592041015625
MiniUNet,1432,1155.1607666015625,1158.712646484375
MiniUNet,1433,1160.5753173828125,1156.2130126953125
MiniUNet,1434,1159.1883544921875,1155.0323486328125
MiniUNet,1435,1160.602783203125,1157.881591796875
MiniUNet,1436,1157.9033203125,1159.9593505859375
MiniUNet,1437,1151.9810791015625,1151.7408447265625
MiniUNet,1438,1155.342041015625,1157.873046875
MiniUNet,1439,1154.954833984375,1155.2508544921875
MiniUNet,1440,1151.214599609375,1159.6793212890625
MiniUNet,1441,1161.005859375,1164.4376220703125
MiniUNet,1442,1160.3487548828125,1145.953857421875
MiniUNet,1443,1156.2926025390625,1166.487548828125
MiniUNet,1444,1167.0125732421875,1162.1015625
MiniUNet,1445,1158.4180908203125,1159.3079833984375
MiniUNet,1446,1158.3885498046875,1158.9833984375
MiniUNet,1447,1151.61328125,1158.458740234375
MiniUNet,1448,1154.7403564453125,1156.6405029296875
MiniUNet,1449,1161.0435791015625,1156.7738037109375
MiniUNet,1450,1163.5914306640625,1161.59814453125
MiniUNet,1451,1157.5205078125,1159.08251953125
MiniUNet,1452,1157.0975341796875,1159.978759765625
MiniUNet,1453,1158.8260498046875,1154.679443359375
MiniUNet,1454,1155.4234619140625,1156.7694091796875
MiniUNet,1455,1165.190673828125,1144.5936279296875
MiniUNet,1456,1157.965576171875,1151.0308837890625
MiniUNet,1457,1160.009765625,1154.1942138671875
MiniUNet,1458,1158.6480712890625,1157.2330322265625
MiniUNet,1459,1158.9876708984375,1157.5804443359375
MiniUNet,1460,1157.50634765625,1163.185791015625
MiniUNet,1461,1159.1396484375,1157.37548828125
MiniUNet,1462,1159.3577880859375,1156.318359375
MiniUNet,1463,1153.653076171875,1155.5059814453125
MiniUNet,1464,1153.339111328125,1153.7926025390625
MiniUNet,1465,1159.278564453125,1166.872802734375
MiniUNet,1466,1151.0673828125,1154.6663818359375
MiniUNet,1467,1162.1566162109375,1157.3240966796875
MiniUNet,1468,1154.7376708984375,1156.9940185546875
MiniUNet,1469,1159.5706787109375,1158.072265625
MiniUNet,1470,1157.3304443359375,1147.5487060546875
MiniUNet,1471,1155.33642578125,1151.112548828125
MiniUNet,1472,1165.0814208984375,1159.6365966796875
MiniUNet,1473,1160.5123291015625,1154.914794921875
MiniUNet,1474,1151.8516845703125,1155.27880859375
MiniUNet,1475,1148.01416015625,1159.2542724609375
MiniUNet,1476,1158.4075927734375,1147.2257080078125
MiniUNet,1477,1151.9771728515625,1153.8172607421875
MiniUNet,1478,1159.787109375,1148.7318115234375
MiniUNet,1479,1158.94873046875,1153.7994384765625
MiniUNet,1480,1151.581298828125,1165.5150146484375
MiniUNet,1481,1160.6900634765625,1159.89111328125
MiniUNet,1482,1147.877197265625,1157.6544189453125
MiniUNet,1483,1159.9798583984375,1159.5723876953125
MiniUNet,1484,1154.7962646484375,1161.9244384765625
MiniUNet,1485,1151.935302734375,1164.861572265625
MiniUNet,1486,1155.9490966796875,1161.9696044921875
MiniUNet,1487,1160.3682861328125,1151.3165283203125
MiniUNet,1488,1155.6910400390625,1145.453369140625
MiniUNet,1489,1147.3309326171875,1161.074462890625
MiniUNet,1490,1154.080322265625,1157.7542724609375
MiniUNet,1491,1153.1502685546875,1154.7950439453125
MiniUNet,1492,1156.296630859375,1149.9815673828125
MiniUNet,1493,1161.614990234375,1157.6405029296875
MiniUNet,1494,1154.4737548828125,1146.2947998046875
MiniUNet,1495,1150.664794921875,1156.029541015625
MiniUNet,1496,1156.17529296875,1158.53076171875
MiniUNet,1497,1162.3160400390625,1154.5689697265625
MiniUNet,1498,1151.281005859375,1149.310546875
MiniUNet,1499,1148.4285888671875,1153.4063720703125
MiniUNet,1500,1155.2884521484375,1154.978271484375
MiniUNet,1501,1163.365234375,1161.33984375
MiniUNet,1502,1162.476806640625,1157.667724609375
MiniUNet,1503,1148.67138671875,1160.9820556640625
MiniUNet,1504,1155.93359375,1150.2215576171875
MiniUNet,1505,1155.6746826171875,1160.042724609375
MiniUNet,1506,1152.5213623046875,1157.6214599609375
MiniUNet,1507,1155.9315185546875,1153.2783203125
MiniUNet,1508,1145.196044921875,1153.6744384765625
MiniUNet,1509,1152.5447998046875,1160.393310546875
MiniUNet,1510,1152.8348388671875,1152.3570556640625
MiniUNet,1511,1160.8887939453125,1157.207275390625
MiniUNet,1512,1148.1256103515625,1148.118408203125
MiniUNet,1513,1160.7486572265625,1157.5325927734375
MiniUNet,1514,1165.5833740234375,1159.4818115234375
MiniUNet,1515,1151.4886474609375,1147.48486328125
MiniUNet,1516,1149.665283203125,1155.072509765625
MiniUNet,1517,1147.6802978515625,1157.9644775390625
MiniUNet,1518,1158.4696044921875,1149.1070556640625
MiniUNet,1519,1159.7396240234375,1154.8629150390625
MiniUNet,1520,1163.23876953125,1148.3447265625
MiniUNet,1521,1155.9033203125,1158.4351806640625
MiniUNet,1522,1155.2236328125,1154.447509765625
MiniUNet,1523,1147.416015625,1153.58935546875
MiniUNet,1524,1164.3463134765625,1151.0872802734375
MiniUNet,1525,1155.6541748046875,1155.21630859375
MiniUNet,1526,1153.9515380859375,1155.6136474609375
MiniUNet,1527,1166.642333984375,1148.07470703125
MiniUNet,1528,1146.489501953125,1162.2545166015625
MiniUNet,1529,1155.76904296875,1152.137451171875
MiniUNet,1530,1137.134765625,1156.15576171875
MiniUNet,1531,1158.743408203125,1154.781005859375
MiniUNet,1532,1144.871826171875,1157.6822509765625
MiniUNet,1533,1160.7000732421875,1158.7957763671875
MiniUNet,1534,1162.341064453125,1159.1888427734375
MiniUNet,1535,1157.1712646484375,1143.5882568359375
MiniUNet,1536,1151.635498046875,1153.3720703125
MiniUNet,1537,1145.900390625,1153.450927734375
MiniUNet,1538,1147.0865478515625,1151.1090087890625
MiniUNet,1539,1154.046875,1156.4144287109375
MiniUNet,1540,1147.7578125,1160.7515869140625
MiniUNet,1541,1152.0330810546875,1151.0947265625
MiniUNet,1542,1156.1439208984375,1159.967529296875
MiniUNet,1543,1155.830078125,1156.7303466796875
MiniUNet,1544,1158.883544921875,1148.4813232421875
MiniUNet,1545,1158.4012451171875,1156.6849365234375
MiniUNet,1546,1133.0274658203125,1153.71875
MiniUNet,1547,1154.3551025390625,1158.731201171875
MiniUNet,1548,1155.1383056640625,1155.380615234375
MiniUNet,1549,1148.697265625,1162.73828125
MiniUNet,1550,1151.225830078125,1157.686767578125
MiniUNet,1551,1165.02880859375,1153.0390625
MiniUNet,1552,1154.560302734375,1153.4471435546875
MiniUNet,1553,1162.0235595703125,1156.2491455078125
MiniUNet,1554,1154.7666015625,1154.1690673828125
MiniUNet,1555,1154.7987060546875,1154.447265625
MiniUNet,1556,1147.007568359375,1143.052490234375
MiniUNet,1557,1156.59912109375,1150.8526611328125
MiniUNet,1558,1145.931396484375,1159.198486328125
MiniUNet,1559,1150.4627685546875,1158.5919189453125
MiniUNet,1560,1152.66357421875,1152.3262939453125
MiniUNet,1561,1155.21337890625,1147.8883056640625
MiniUNet,1562,1146.2486572265625,1160.2110595703125
MiniUNet,1563,1156.983154296875,1157.281982421875
MiniUNet,1564,1153.5048828125,1143.272216796875
MiniUNet,1565,1166.853271484375,1153.9276123046875
MiniUNet,1566,1149.562255859375,1156.7440185546875
MiniUNet,1567,1148.272705078125,1143.4661865234375
MiniUNet,1568,1151.569091796875,1158.8564453125
MiniUNet,1569,1162.17041015625,1155.0855712890625
MiniUNet,1570,1150.1632080078125,1154.620849609375
MiniUNet,1571,1153.30517578125,1153.43603515625
MiniUNet,1572,1151.3568115234375,1144.5457763671875
MiniUNet,1573,1155.20751953125,1147.995361328125
MiniUNet,1574,1147.88232421875,1164.529296875
MiniUNet,1575,1147.6676025390625,1154.01025390625
MiniUNet,1576,1147.7335205078125,1151.5240478515625
MiniUNet,1577,1157.07177734375,1153.8138427734375
MiniUNet,1578,1157.447265625,1163.75732421875
MiniUNet,1579,1151.13916015625,1172.0693359375
MiniUNet,1580,1158.9810791015625,1160.0068359375
MiniUNet,1581,1156.8714599609375,1157.759033203125
MiniUNet,1582,1155.6068115234375,1152.9417724609375
MiniUNet,1583,1155.837158203125,1151.1944580078125
MiniUNet,1584,1143.152587890625,1159.7298583984375
MiniUNet,1585,1154.3870849609375,1159.6397705078125
MiniUNet,1586,1160.21337890625,1153.83544921875
MiniUNet,1587,1149.2734375,1155.767822265625
MiniUNet,1588,1147.2027587890625,1153.9405517578125
MiniUNet,1589,1155.79833984375,1143.9805908203125
MiniUNet,1590,1154.423828125,1153.892333984375
MiniUNet,1591,1148.849853515625,1159.55908203125
MiniUNet,1592,1148.394775390625,1156.620849609375
MiniUNet,1593,1151.2938232421875,1156.2401123046875
MiniUNet,1594,1152.9012451171875,1157.7374267578125
MiniUNet,1595,1141.9451904296875,1149.3740234375
MiniUNet,1596,1156.7535400390625,1155.072998046875
MiniUNet,1597,1149.766357421875,1155.68505859375
MiniUNet,1598,1161.41259765625,1163.6497802734375
MiniUNet,1599,1146.7735595703125,1156.6234130859375
MiniUNet,1600,1158.2344970703125,1157.762451171875
MiniUNet,1601,1153.3662109375,1153.27001953125
MiniUNet,1602,1165.4808349609375,1157.4315185546875
MiniUNet,1603,1153.269287109375,1172.71630859375
MiniUNet,1604,1154.77978515625,1142.333740234375
MiniUNet,1605,1149.6536865234375,1143.5667724609375
MiniUNet,1606,1155.7110595703125,1150.4371337890625
MiniUNet,1607,1150.02880859375,1155.724365234375
MiniUNet,1608,1152.12109375,1147.6337890625
MiniUNet,1609,1158.0244140625,1154.2745361328125
MiniUNet,1610,1146.741455078125,1148.0755615234375
MiniUNet,1611,1157.111328125,1152.814208984375
MiniUNet,1612,1153.4010009765625,1148.561279296875
MiniUNet,1613,1154.2432861328125,1150.0272216796875
MiniUNet,1614,1155.612548828125,1160.030029296875
MiniUNet,1615,1163.1248779296875,1146.718017578125
MiniUNet,1616,1148.684326171875,1146.3028564453125
MiniUNet,1617,1146.5262451171875,1151.1380615234375
MiniUNet,1618,1152.36083984375,1158.74951171875
MiniUNet,1619,1156.3009033203125,1146.589599609375
MiniUNet,1620,1159.0302734375,1147.0057373046875
MiniUNet,1621,1144.319091796875,1154.7686767578125
MiniUNet,1622,1156.9947509765625,1165.622314453125
MiniUNet,1623,1151.298828125,1156.0872802734375
MiniUNet,1624,1144.8729248046875,1153.6990966796875
MiniUNet,1625,1153.5428466796875,1152.2122802734375
MiniUNet,1626,1148.018310546875,1157.679931640625
MiniUNet,1627,1146.4730224609375,1144.6488037109375
MiniUNet,1628,1153.7957763671875,1164.1029052734375
MiniUNet,1629,1148.3856201171875,1160.485107421875
MiniUNet,1630,1153.23486328125,1158.23681640625
MiniUNet,1631,1153.5635986328125,1170.25244140625
MiniUNet,1632,1158.429931640625,1158.4444580078125
MiniUNet,1633,1159.71240234375,1156.87255859375
MiniUNet,1634,1158.2542724609375,1157.3568115234375
MiniUNet,1635,1159.102294921875,1149.329345703125
MiniUNet,1636,1150.6866455078125,1146.997314453125
MiniUNet,1637,1148.2481689453125,1158.0352783203125
MiniUNet,1638,1155.1861572265625,1158.8660888671875
MiniUNet,1639,1159.6575927734375,1156.3619384765625
MiniUNet,1640,1145.4193115234375,1149.6239013671875
MiniUNet,1641,1149.791748046875,1147.4185791015625
MiniUNet,1642,1145.7420654296875,1159.216064453125
MiniUNet,1643,1155.735595703125,1148.736083984375
MiniUNet,1644,1150.875,1152.4755859375
MiniUNet,1645,1160.6473388671875,1151.9720458984375
MiniUNet,1646,1161.638671875,1152.3155517578125
MiniUNet,1647,1159.8719482421875,1159.6192626953125
MiniUNet,1648,1152.0218505859375,1147.9989013671875
MiniUNet,1649,1150.7586669921875,1150.5677490234375
MiniUNet,1650,1157.9346923828125,1152.4705810546875
MiniUNet,1651,1150.2156982421875,1142.6798095703125
MiniUNet,1652,1160.3145751953125,1153.625
MiniUNet,1653,1155.529541015625,1151.8863525390625
MiniUNet,1654,1162.0556640625,1152.44189453125
MiniUNet,1655,1167.0445556640625,1155.3314208984375
MiniUNet,1656,1158.297119140625,1151.549072265625
MiniUNet,1657,1145.25732421875,1147.95947265625
MiniUNet,1658,1158.116455078125,1162.260009765625
MiniUNet,1659,1159.5308837890625,1160.2110595703125
MiniUNet,1660,1148.4991455078125,1146.73193359375
MiniUNet,1661,1149.802001953125,1148.6392822265625
MiniUNet,1662,1150.945068359375,1148.880126953125
MiniUNet,1663,1157.3673095703125,1154.0135498046875
MiniUNet,1664,1144.6962890625,1150.7730712890625
MiniUNet,1665,1163.6473388671875,1157.6240234375
MiniUNet,1666,1149.8675537109375,1152.5714111328125
MiniUNet,1667,1144.7652587890625,1166.25537109375
MiniUNet,1668,1143.1890869140625,1156.875244140625
MiniUNet,1669,1152.01904296875,1144.05712890625
MiniUNet,1670,1153.976318359375,1153.8629150390625
MiniUNet,1671,1141.3958740234375,1161.3720703125
MiniUNet,1672,1147.128173828125,1148.194091796875
MiniUNet,1673,1159.9185791015625,1144.103271484375
MiniUNet,1674,1145.9803466796875,1149.5870361328125
MiniUNet,1675,1156.3375244140625,1152.017578125
MiniUNet,1676,1163.2601318359375,1159.3955078125
MiniUNet,1677,1147.43359375,1142.20654296875
MiniUNet,1678,1147.2340087890625,1152.6263427734375
MiniUNet,1679,1157.65283203125,1147.8323974609375
MiniUNet,1680,1159.254638671875,1144.3414306640625
MiniUNet,1681,1148.1322021484375,1161.2945556640625
MiniUNet,1682,1152.8558349609375,1150.3067626953125
MiniUNet,1683,1140.0443115234375,1152.7430419921875
MiniUNet,1684,1154.12109375,1155.3892822265625
MiniUNet,1685,1151.8299560546875,1164.249755859375
MiniUNet,1686,1155.5430908203125,1152.4764404296875
MiniUNet,1687,1155.0780029296875,1150.9542236328125
MiniUNet,1688,1151.82666015625,1152.486328125
MiniUNet,1689,1139.228515625,1152.681884765625
MiniUNet,1690,1143.21044921875,1139.4910888671875
MiniUNet,1691,1158.068115234375,1152.268798828125
MiniUNet,1692,1165.9051513671875,1148.7967529296875
MiniUNet,1693,1152.129638671875,1155.0108642578125
MiniUNet,1694,1155.298583984375,1143.0970458984375
MiniUNet,1695,1162.4613037109375,1150.1380615234375
MiniUNet,1696,1152.999267578125,1140.635986328125
MiniUNet,1697,1145.445068359375,1155.7894287109375
MiniUNet,1698,1145.3709716796875,1150.6934814453125
MiniUNet,1699,1155.056396484375,1153.536376953125
MiniUNet,1700,1147.5909423828125,1154.6265869140625
MiniUNet,1701,1151.6607666015625,1141.422119140625
MiniUNet,1702,1162.528564453125,1141.6650390625
MiniUNet,1703,1154.0172119140625,1153.424560546875
MiniUNet,1704,1161.7603759765625,1146.49560546875
MiniUNet,1705,1152.1263427734375,1142.7783203125
MiniUNet,1706,1147.89501953125,1158.3055419921875
MiniUNet,1707,1161.048583984375,1148.1092529296875
MiniUNet,1708,1148.12060546875,1153.4268798828125
MiniUNet,1709,1155.302001953125,1142.5887451171875
MiniUNet,1710,1155.1778564453125,1155.1424560546875
MiniUNet,1711,1153.3946533203125,1147.1416015625
MiniUNet,1712,1153.697509765625,1155.9443359375
MiniUNet,1713,1150.1273193359375,1148.12255859375
MiniUNet,1714,1154.3463134765625,1149.6610107421875
MiniUNet,1715,1145.987060546875,1163.705078125
MiniUNet,1716,1150.2349853515625,1143.138916015625
MiniUNet,1717,1152.9425048828125,1152.6246337890625
MiniUNet,1718,1156.1988525390625,1148.3740234375
MiniUNet,1719,1153.337890625,1151.53857421875
MiniUNet,1720,1155.1943359375,1146.9542236328125
MiniUNet,1721,1159.6903076171875,1158.8883056640625
MiniUNet,1722,1149.7767333984375,1156.268798828125
MiniUNet,1723,1162.5521240234375,1160.69384765625
MiniUNet,1724,1151.568359375,1160.0128173828125
MiniUNet,1725,1151.2689208984375,1147.458984375
MiniUNet,1726,1144.8724365234375,1150.85693359375
MiniUNet,1727,1149.259765625,1155.436279296875
MiniUNet,1728,1160.96337890625,1157.7515869140625
MiniUNet,1729,1156.6270751953125,1160.901611328125
MiniUNet,1730,1156.6519775390625,1145.5111083984375
MiniUNet,1731,1159.7420654296875,1151.7978515625
MiniUNet,1732,1142.8668212890625,1151.5989990234375
MiniUNet,1733,1149.724365234375,1152.780029296875
MiniUNet,1734,1140.411376953125,1148.48974609375
MiniUNet,1735,1156.1212158203125,1156.8392333984375
MiniUNet,1736,1154.7227783203125,1145.7557373046875
MiniUNet,1737,1151.328857421875,1152.0867919921875
MiniUNet,1738,1142.4486083984375,1153.344970703125
MiniUNet,1739,1157.779541015625,1145.09521484375
MiniUNet,1740,1151.974365234375,1151.0762939453125
MiniUNet,1741,1154.562255859375,1142.43603515625
MiniUNet,1742,1139.47802734375,1156.339111328125
MiniUNet,1743,1154.4862060546875,1151.579833984375
MiniUNet,1744,1144.9642333984375,1152.4798583984375
MiniUNet,1745,1154.953857421875,1151.576904296875
MiniUNet,1746,1157.905029296875,1142.9830322265625
MiniUNet,1747,1143.59228515625,1151.4427490234375
MiniUNet,1748,1152.160400390625,1155.3797607421875
MiniUNet,1749,1160.0970458984375,1153.236328125
MiniUNet,1750,1158.2005615234375,1151.3985595703125
MiniUNet,1751,1150.1151123046875,1144.343017578125
MiniUNet,1752,1149.190185546875,1163.8040771484375
MiniUNet,1753,1160.01025390625,1133.1805419921875
MiniUNet,1754,1151.0670166015625,1147.9268798828125
MiniUNet,1755,1149.583251953125,1137.6051025390625
MiniUNet,1756,1148.38330078125,1148.6605224609375
MiniUNet,1757,1156.05029296875,1152.74169921875
MiniUNet,1758,1152.234619140625,1154.6949462890625
MiniUNet,1759,1155.758056640625,1148.4952392578125
MiniUNet,1760,1152.3380126953125,1142.742431640625
MiniUNet,1761,1151.38525390625,1149.6724853515625
MiniUNet,1762,1143.9019775390625,1151.4000244140625
MiniUNet,1763,1155.9263916015625,1153.5745849609375
MiniUNet,1764,1143.511474609375,1148.7713623046875
MiniUNet,1765,1155.2080078125,1141.2174072265625
MiniUNet,1766,1157.39697265625,1151.9942626953125
MiniUNet,1767,1146.496337890625,1146.5457763671875
MiniUNet,1768,1152.468505859375,1155.502197265625
MiniUNet,1769,1152.2315673828125,1154.353759765625
MiniUNet,1770,1141.8341064453125,1151.812255859375
MiniUNet,1771,1153.780517578125,1148.34814453125
MiniUNet,1772,1146.7308349609375,1144.4805908203125
MiniUNet,1773,1150.9942626953125,1151.33935546875
MiniUNet,1774,1148.5596923828125,1159.37060546875
MiniUNet,1775,1155.9630126953125,1150.3525390625
MiniUNet,1776,1150.0408935546875,1140.0008544921875
MiniUNet,1777,1149.242919921875,1142.467041015625
MiniUNet,1778,1149.19482421875,1147.712646484375
MiniUNet,1779,1148.4039306640625,1151.6226806640625
MiniUNet,1780,1153.2274169921875,1143.9853515625
MiniUNet,1781,1148.883056640625,1145.5499267578125
MiniUNet,1782,1148.07763671875,1153.7340087890625
MiniUNet,1783,1153.5770263671875,1148.1505126953125
MiniUNet,1784,1155.2001953125,1153.7940673828125
MiniUNet,1785,1146.0042724609375,1142.5068359375
MiniUNet,1786,1148.429931640625,1151.8529052734375
MiniUNet,1787,1153.4390869140625,1152.92041015625
MiniUNet,1788,1150.437744140625,1143.9915771484375
MiniUNet,1789,1140.716796875,1146.64111328125
MiniUNet,1790,1150.234375,1153.88525390625
MiniUNet,1791,1157.956787109375,1155.97900390625
MiniUNet,1792,1149.9940185546875,1145.30859375
MiniUNet,1793,1154.5767822265625,1139.457763671875
MiniUNet,1794,1153.30517578125,1150.6630859375
MiniUNet,1795,1147.8985595703125,1147.9718017578125
MiniUNet,1796,1147.37744140625,1149.1533203125
MiniUNet,1797,1140.660888671875,1154.682861328125
MiniUNet,1798,1140.1915283203125,1153.1353759765625
MiniUNet,1799,1143.5831298828125,1149.636962890625
MiniUNet,1800,1154.6455078125,1149.0980224609375
MiniUNet,1801,1153.6986083984375,1149.6048583984375
MiniUNet,1802,1148.05419921875,1154.332275390625
MiniUNet,1803,1152.652587890625,1146.178955078125
MiniUNet,1804,1158.104248046875,1151.5872802734375
MiniUNet,1805,1143.1712646484375,1148.517333984375
MiniUNet,1806,1153.9639892578125,1149.5230712890625
MiniUNet,1807,1143.51611328125,1139.088134765625
MiniUNet,1808,1154.5697021484375,1162.0916748046875
MiniUNet,1809,1155.4344482421875,1152.7767333984375
MiniUNet,1810,1160.9842529296875,1154.212158203125
MiniUNet,1811,1155.5867919921875,1145.329345703125
MiniUNet,1812,1159.849853515625,1161.7490234375
MiniUNet,1813,1155.7303466796875,1153.1820068359375
MiniUNet,1814,1139.8599853515625,1151.8126220703125
MiniUNet,1815,1140.4696044921875,1143.0875244140625
MiniUNet,1816,1162.882080078125,1153.4293212890625
MiniUNet,1817,1147.944091796875,1162.5142822265625
MiniUNet,1818,1145.037841796875,1142.212158203125
MiniUNet,1819,1150.5364990234375,1153.019287109375
MiniUNet,1820,1146.9517822265625,1145.0592041015625
MiniUNet,1821,1149.752197265625,1164.6856689453125
MiniUNet,1822,1148.4698486328125,1149.3133544921875
MiniUNet,1823,1150.0487060546875,1144.179443359375
MiniUNet,1824,1152.8792724609375,1144.9635009765625
MiniUNet,1825,1154.008056640625,1145.5665283203125
MiniUNet,1826,1146.287841796875,1153.50390625
MiniUNet,1827,1140.674560546875,1145.0560302734375
MiniUNet,1828,1152.6397705078125,1149.9915771484375
MiniUNet,1829,1146.1419677734375,1162.157470703125
MiniUNet,1830,1152.71044921875,1149.451171875
MiniUNet,1831,1143.9703369140625,1150.841064453125
MiniUNet,1832,1144.96826171875,1158.0972900390625
MiniUNet,1833,1153.172607421875,1153.433837890625
MiniUNet,1834,1142.77197265625,1138.2181396484375
MiniUNet,1835,1145.257080078125,1152.33837890625
MiniUNet,1836,1152.8916015625,1160.07373046875
MiniUNet,1837,1145.1492919921875,1146.2232666015625
MiniUNet,1838,1144.235107421875,1143.6463623046875
MiniUNet,1839,1142.41455078125,1151.1630859375
MiniUNet,1840,1143.2508544921875,1153.154296875
MiniUNet,1841,1154.3115234375,1159.9228515625
MiniUNet,1842,1150.7933349609375,1144.874755859375
MiniUNet,1843,1148.4033203125,1148.212646484375
MiniUNet,1844,1153.6285400390625,1146.0023193359375
MiniUNet,1845,1150.1739501953125,1140.572021484375
MiniUNet,1846,1143.006591796875,1154.598388671875
MiniUNet,1847,1150.000732421875,1152.5145263671875
MiniUNet,1848,1150.3094482421875,1144.881103515625
MiniUNet,1849,1151.853271484375,1149.600341796875
MiniUNet,1850,1147.9954833984375,1148.3115234375
MiniUNet,1851,1145.4637451171875,1154.8167724609375
MiniUNet,1852,1151.9990234375,1148.0733642578125
MiniUNet,1853,1155.9390869140625,1147.3846435546875
MiniUNet,1854,1149.544677734375,1151.2255859375
MiniUNet,1855,1145.71484375,1151.378173828125
MiniUNet,1856,1153.78564453125,1154.098388671875
MiniUNet,1857,1156.9630126953125,1156.9044189453125
MiniUNet,1858,1162.9610595703125,1159.6728515625
MiniUNet,1859,1147.675537109375,1151.478515625
MiniUNet,1860,1156.870361328125,1147.779296875
MiniUNet,1861,1147.9173583984375,1150.9591064453125
MiniUNet,1862,1150.543212890625,1145.6136474609375
MiniUNet,1863,1148.4171142578125,1142.7430419921875
MiniUNet,1864,1161.869873046875,1139.7572021484375
MiniUNet,1865,1139.015380859375,1147.7886962890625
MiniUNet,1866,1143.85693359375,1143.1270751953125
MiniUNet,1867,1151.2218017578125,1144.039306640625
MiniUNet,1868,1147.5052490234375,1143.26806640625
MiniUNet,1869,1148.5185546875,1142.8031005859375
MiniUNet,1870,1155.89697265625,1148.67626953125
MiniUNet,1871,1152.7705078125,1144.083251953125
MiniUNet,1872,1151.050537109375,1147.3677978515625
MiniUNet,1873,1144.697265625,1149.1182861328125
MiniUNet,1874,1160.6422119140625,1139.9193115234375
MiniUNet,1875,1155.823974609375,1148.924072265625
MiniUNet,1876,1147.7735595703125,1136.7012939453125
MiniUNet,1877,1140.3009033203125,1140.07861328125
MiniUNet,1878,1157.2572021484375,1149.391357421875
MiniUNet,1879,1146.5255126953125,1152.66064453125
MiniUNet,1880,1140.46435546875,1153.696533203125
MiniUNet,1881,1142.906005859375,1154.5927734375
MiniUNet,1882,1148.0333251953125,1145.4835205078125
MiniUNet,1883,1157.098388671875,1159.385498046875
MiniUNet,1884,1159.574951171875,1142.204345703125
MiniUNet,1885,1149.1705322265625,1142.95458984375
MiniUNet,1886,1143.1185302734375,1157.5008544921875
MiniUNet,1887,1141.552001953125,1153.4903564453125
MiniUNet,1888,1145.8759765625,1150.3460693359375
MiniUNet,1889,1146.8046875,1148.940185546875
MiniUNet,1890,1147.9217529296875,1148.9486083984375
MiniUNet,1891,1141.9310302734375,1143.185302734375
MiniUNet,1892,1138.9901123046875,1134.383544921875
MiniUNet,1893,1154.006591796875,1154.4365234375
MiniUNet,1894,1150.76611328125,1152.3040771484375
MiniUNet,1895,1148.5245361328125,1153.953857421875
MiniUNet,1896,1150.5645751953125,1153.1007080078125
MiniUNet,1897,1138.7685546875,1144.3214111328125
MiniUNet,1898,1146.1177978515625,1148.0936279296875
MiniUNet,1899,1145.0218505859375,1143.1185302734375
MiniUNet,1900,1149.404052734375,1143.5753173828125
MiniUNet,1901,1150.9132080078125,1150.3558349609375
MiniUNet,1902,1152.1767578125,1147.8065185546875
MiniUNet,1903,1150.4765625,1140.758056640625
MiniUNet,1904,1152.2718505859375,1149.227783203125
MiniUNet,1905,1146.604736328125,1145.521484375
MiniUNet,1906,1154.636474609375,1150.946533203125
MiniUNet,1907,1147.8582763671875,1153.03955078125
MiniUNet,1908,1146.1356201171875,1146.0460205078125
MiniUNet,1909,1155.07861328125,1158.5340576171875
MiniUNet,1910,1141.837158203125,1165.0877685546875
MiniUNet,1911,1155.8046875,1145.8067626953125
MiniUNet,1912,1150.019775390625,1146.506103515625
MiniUNet,1913,1148.0145263671875,1156.6611328125
MiniUNet,1914,1154.310791015625,1139.3602294921875
MiniUNet,1915,1136.9599609375,1143.0736083984375
MiniUNet,1916,1151.0841064453125,1150.5738525390625
MiniUNet,1917,1145.6875,1156.5313720703125
MiniUNet,1918,1141.1082763671875,1142.68310546875
MiniUNet,1919,1148.2005615234375,1143.4720458984375
MiniUNet,1920,1155.4251708984375,1148.597412109375
MiniUNet,1921,1142.4622802734375,1148.8067626953125
MiniUNet,1922,1154.3800048828125,1146.0985107421875
MiniUNet,1923,1145.11328125,1147.8419189453125
MiniUNet,1924,1145.0853271484375,1145.785888671875
MiniUNet,1925,1144.102294921875,1157.0804443359375
MiniUNet,1926,1156.23876953125,1154.378662109375
MiniUNet,1927,1151.033935546875,1145.0771484375
MiniUNet,1928,1143.6759033203125,1135.0745849609375
MiniUNet,1929,1144.463623046875,1147.0430908203125
MiniUNet,1930,1145.89306640625,1140.955078125
MiniUNet,1931,1142.3795166015625,1143.3636474609375
MiniUNet,1932,1151.2423095703125,1155.3709716796875
MiniUNet,1933,1149.7928466796875,1153.015625
MiniUNet,1934,1147.7608642578125,1146.6802978515625
MiniUNet,1935,1153.031982421875,1144.8106689453125
MiniUNet,1936,1147.725341796875,1153.41552734375
MiniUNet,1937,1161.5242919921875,1140.54248046875
MiniUNet,1938,1151.8017578125,1138.8326416015625
MiniUNet,1939,1149.8240966796875,1149.48388671875
MiniUNet,1940,1155.5123291015625,1145.769775390625
MiniUNet,1941,1146.6151123046875,1142.0648193359375
MiniUNet,1942,1145.1763916015625,1142.7587890625
MiniUNet,1943,1149.984130859375,1148.2169189453125
MiniUNet,1944,1141.3402099609375,1144.4146728515625
MiniUNet,1945,1138.4866943359375,1143.8365478515625
MiniUNet,1946,1154.2115478515625,1150.5697021484375
MiniUNet,1947,1138.5201416015625,1147.98681640625
MiniUNet,1948,1152.6507568359375,1143.901611328125
MiniUNet,1949,1145.5577392578125,1136.61474609375
MiniUNet,1950,1150.917236328125,1141.6805419921875
MiniUNet,1951,1140.0272216796875,1142.6715087890625
MiniUNet,1952,1147.9434814453125,1150.375244140625
MiniUNet,1953,1147.513671875,1153.55078125
MiniUNet,1954,1150.078857421875,1148.331787109375
MiniUNet,1955,1142.85205078125,1132.2540283203125
MiniUNet,1956,1146.0374755859375,1148.3902587890625
MiniUNet,1957,1152.6717529296875,1142.93994140625
MiniUNet,1958,1149.0838623046875,1142.07275390625
MiniUNet,1959,1148.153076171875,1137.134033203125
MiniUNet,1960,1147.79150390625,1150.839599609375
MiniUNet,1961,1147.81640625,1138.59033203125
MiniUNet,1962,1138.956787109375,1148.5028076171875
MiniUNet,1963,1152.9404296875,1152.4332275390625
MiniUNet,1964,1146.510986328125,1145.9371337890625
MiniUNet,1965,1138.249755859375,1145.5111083984375
MiniUNet,1966,1141.84765625,1142.29736328125
MiniUNet,1967,1152.3131103515625,1152.031005859375
MiniUNet,1968,1153.5384521484375,1139.6563720703125
MiniUNet,1969,1148.4737548828125,1148.9051513671875
MiniUNet,1970,1138.2628173828125,1140.2618408203125
MiniUNet,1971,1140.968994140625,1151.0074462890625
MiniUNet,1972,1147.419677734375,1137.6541748046875
MiniUNet,1973,1152.1495361328125,1142.3143310546875
MiniUNet,1974,1153.3883056640625,1141.89697265625
MiniUNet,1975,1147.9442138671875,1138.9952392578125
MiniUNet,1976,1153.248779296875,1150.5721435546875
MiniUNet,1977,1140.66650390625,1143.9840087890625
MiniUNet,1978,1147.6907958984375,1155.4625244140625
MiniUNet,1979,1143.87646484375,1145.78857421875
MiniUNet,1980,1147.87451171875,1151.80029296875
MiniUNet,1981,1142.29296875,1144.1322021484375
MiniUNet,1982,1148.543212890625,1149.5262451171875
MiniUNet,1983,1154.5458984375,1148.2421875
MiniUNet,1984,1147.0797119140625,1154.0638427734375
MiniUNet,1985,1150.8878173828125,1151.884765625
MiniUNet,1986,1151.3668212890625,1138.788818359375
MiniUNet,1987,1136.1087646484375,1140.7928466796875
MiniUNet,1988,1151.4228515625,1151.672607421875
MiniUNet,1989,1153.9327392578125,1146.8006591796875
MiniUNet,1990,1145.4891357421875,1150.044189453125
MiniUNet,1991,1140.68359375,1158.0040283203125
MiniUNet,1992,1151.2911376953125,1144.0411376953125
MiniUNet,1993,1144.3651123046875,1140.2598876953125
MiniUNet,1994,1155.2540283203125,1154.20068359375
MiniUNet,1995,1142.4600830078125,1150.6103515625
MiniUNet,1996,1143.9012451171875,1143.0570068359375
MiniUNet,1997,1144.310302734375,1145.8770751953125
MiniUNet,1998,1143.18603515625,1155.71484375
MiniUNet,1999,1153.966796875,1141.0899658203125
MiniUNet,2000,1146.57080078125,1143.2646484375
MiniUNet,2001,1143.720703125,1138.6480712890625
MiniUNet,2002,1143.977783203125,1145.6004638671875
MiniUNet,2003,1150.3482666015625,1157.657958984375
MiniUNet,2004,1146.6104736328125,1146.3360595703125
MiniUNet,2005,1150.5809326171875,1144.9210205078125
MiniUNet,2006,1157.860595703125,1148.4100341796875
MiniUNet,2007,1150.9580078125,1142.156005859375
MiniUNet,2008,1144.7255859375,1148.05810546875
MiniUNet,2009,1142.0491943359375,1149.1845703125
MiniUNet,2010,1144.925048828125,1155.6341552734375
MiniUNet,2011,1154.6976318359375,1141.1961669921875
MiniUNet,2012,1143.663818359375,1149.5140380859375
MiniUNet,2013,1145.558349609375,1149.9490966796875
MiniUNet,2014,1158.1529541015625,1145.099853515625
MiniUNet,2015,1132.552001953125,1143.0499267578125
MiniUNet,2016,1149.62841796875,1154.6146240234375
MiniUNet,2017,1143.195556640625,1166.17724609375
MiniUNet,2018,1150.697265625,1142.5667724609375
MiniUNet,2019,1148.14111328125,1145.5384521484375
MiniUNet,2020,1144.4761962890625,1143.038818359375
MiniUNet,2021,1143.19482421875,1148.10302734375
MiniUNet,2022,1149.5794677734375,1147.0821533203125
MiniUNet,2023,1139.2723388671875,1142.62744140625
MiniUNet,2024,1141.9677734375,1144.7906494140625
MiniUNet,2025,1146.446533203125,1154.3035888671875
MiniUNet,2026,1138.152099609375,1143.6090087890625
MiniUNet,2027,1151.174560546875,1148.973876953125
MiniUNet,2028,1147.3260498046875,1137.484130859375
MiniUNet,2029,1149.5015869140625,1150.8382568359375
MiniUNet,2030,1147.5240478515625,1144.521240234375
MiniUNet,2031,1149.906494140625,1148.6322021484375
MiniUNet,2032,1145.3558349609375,1141.804931640625
MiniUNet,2033,1138.3804931640625,1142.2830810546875
MiniUNet,2034,1137.5279541015625,1141.631103515625
MiniUNet,2035,1149.3131103515625,1142.5736083984375
MiniUNet,2036,1147.38818359375,1149.1058349609375
MiniUNet,2037,1142.4239501953125,1146.0252685546875
MiniUNet,2038,1155.620361328125,1139.6298828125
MiniUNet,2039,1148.5184326171875,1143.122314453125
MiniUNet,2040,1149.4400634765625,1146.3577880859375
MiniUNet,2041,1137.73681640625,1149.48193359375
MiniUNet,2042,1135.3758544921875,1152.0943603515625
MiniUNet,2043,1146.593505859375,1140.5240478515625
MiniUNet,2044,1156.770751953125,1142.3878173828125
MiniUNet,2045,1151.821533203125,1152.3197021484375
MiniUNet,2046,1138.631591796875,1152.7615966796875
MiniUNet,2047,1143.2010498046875,1134.1302490234375
MiniUNet,2048,1144.9822998046875,1153.341064453125
MiniUNet,2049,1151.0416259765625,1149.0321044921875
MiniUNet,2050,1142.2393798828125,1152.3797607421875
MiniUNet,2051,1147.3603515625,1145.0570068359375
MiniUNet,2052,1144.1395263671875,1152.0963134765625
MiniUNet,2053,1157.470458984375,1140.5157470703125
MiniUNet,2054,1148.2928466796875,1144.214111328125
MiniUNet,2055,1147.4945068359375,1144.737548828125
MiniUNet,2056,1146.70751953125,1138.922119140625
MiniUNet,2057,1143.3375244140625,1146.7828369140625
MiniUNet,2058,1143.4619140625,1149.4310302734375
MiniUNet,2059,1145.2891845703125,1142.9696044921875
MiniUNet,2060,1148.1640625,1148.800048828125
MiniUNet,2061,1153.263671875,1141.2330322265625
MiniUNet,2062,1146.1173095703125,1144.6748046875
MiniUNet,2063,1145.40087890625,1144.7890625
MiniUNet,2064,1149.327880859375,1144.4400634765625
MiniUNet,2065,1152.2960205078125,1144.841796875
MiniUNet,2066,1148.320556640625,1155.3291015625
MiniUNet,2067,1153.8841552734375,1141.9932861328125
MiniUNet,2068,1138.5201416015625,1152.001220703125
MiniUNet,2069,1140.96533203125,1146.764892578125
MiniUNet,2070,1147.912841796875,1139.0877685546875
MiniUNet,2071,1145.144287109375,1143.0963134765625
MiniUNet,2072,1144.622802734375,1148.1998291015625
MiniUNet,2073,1153.8201904296875,1143.0958251953125
MiniUNet,2074,1148.3150634765625,1147.40185546875
MiniUNet,2075,1138.8211669921875,1146.64306640625
MiniUNet,2076,1153.3487548828125,1151.036865234375
MiniUNet,2077,1153.162353515625,1139.9132080078125
MiniUNet,2078,1139.972900390625,1138.965576171875
MiniUNet,2079,1139.995849609375,1148.2015380859375
MiniUNet,2080,1138.765625,1150.7430419921875
MiniUNet,2081,1147.898193359375,1136.320556640625
MiniUNet,2082,1158.186767578125,1140.8555908203125
MiniUNet,2083,1140.384033203125,1154.518798828125
MiniUNet,2084,1135.6358642578125,1151.471435546875
MiniUNet,2085,1154.90380859375,1140.24853515625
MiniUNet,2086,1141.6224365234375,1147.624755859375
MiniUNet,2087,1147.0115966796875,1145.458984375
MiniUNet,2088,1144.2449951171875,1142.2703857421875
MiniUNet,2089,1145.025634765625,1148.059814453125
MiniUNet,2090,1144.700439453125,1142.276123046875
MiniUNet,2091,1148.654296875,1152.5672607421875
MiniUNet,2092,1142.2310791015625,1141.2220458984375
MiniUNet,2093,1143.6119384765625,1151.9635009765625
MiniUNet,2094,1149.67138671875,1143.009521484375
MiniUNet,2095,1133.6529541015625,1151.474365234375
MiniUNet,2096,1143.2615966796875,1150.57861328125
MiniUNet,2097,1141.986572265625,1147.6612548828125
MiniUNet,2098,1144.0364990234375,1136.607177734375
MiniUNet,2099,1145.102783203125,1141.2392578125
MiniUNet,2100,1152.0018310546875,1145.6185302734375
MiniUNet,2101,1138.8985595703125,1143.19287109375
MiniUNet,2102,1139.526123046875,1142.312255859375
MiniUNet,2103,1136.2117919921875,1134.202880859375
MiniUNet,2104,1145.5125732421875,1143.3062744140625
MiniUNet,2105,1149.4783935546875,1135.09228515625
MiniUNet,2106,1143.98974609375,1144.17724609375
MiniUNet,2107,1138.6500244140625,1151.3197021484375
MiniUNet,2108,1145.603515625,1133.77734375
MiniUNet,2109,1146.9796142578125,1141.283935546875
MiniUNet,2110,1141.4632568359375,1149.253662109375
MiniUNet,2111,1136.0218505859375,1141.2484130859375
MiniUNet,2112,1145.6895751953125,1136.28955078125
MiniUNet,2113,1145.94677734375,1135.0318603515625
MiniUNet,2114,1151.540771484375,1153.248291015625
MiniUNet,2115,1149.851806640625,1145.2357177734375
MiniUNet,2116,1145.6875,1151.5516357421875
MiniUNet,2117,1150.558349609375,1153.818115234375
MiniUNet,2118,1143.120361328125,1149.9547119140625
MiniUNet,2119,1135.095947265625,1140.945556640625
MiniUNet,2120,1148.4368896484375,1137.375
MiniUNet,2121,1151.884765625,1142.808349609375
MiniUNet,2122,1142.686767578125,1145.75927734375
MiniUNet,2123,1145.2852783203125,1142.1146240234375
MiniUNet,2124,1135.190185546875,1150.7501220703125
MiniUNet,2125,1135.72607421875,1140.3966064453125
MiniUNet,2126,1139.18408203125,1144.9495849609375
MiniUNet,2127,1150.092529296875,1137.8846435546875
MiniUNet,2128,1146.76318359375,1145.2154541015625
MiniUNet,2129,1138.68017578125,1148.89013671875
MiniUNet,2130,1146.40869140625,1139.0977783203125
MiniUNet,2131,1142.7928466796875,1148.192138671875
MiniUNet,2132,1139.2222900390625,1142.2010498046875
MiniUNet,2133,1133.4932861328125,1156.4276123046875
MiniUNet,2134,1142.68359375,1149.000732421875
MiniUNet,2135,1140.154052734375,1136.26611328125
MiniUNet,2136,1156.22412109375,1148.1590576171875
MiniUNet,2137,1148.56005859375,1151.7437744140625
MiniUNet,2138,1150.1490478515625,1139.7579345703125
MiniUNet,2139,1153.0203857421875,1138.967041015625
MiniUNet,2140,1143.75732421875,1152.881103515625
MiniUNet,2141,1150.0953369140625,1150.331787109375
MiniUNet,2142,1149.2127685546875,1136.3624267578125
MiniUNet,2143,1146.018798828125,1136.739501953125
MiniUNet,2144,1144.030029296875,1146.521728515625
MiniUNet,2145,1140.6466064453125,1141.7642822265625
MiniUNet,2146,1155.1033935546875,1148.7890625
MiniUNet,2147,1138.9615478515625,1133.9693603515625
MiniUNet,2148,1145.79638671875,1136.01904296875
MiniUNet,2149,1138.4703369140625,1140.1380615234375
MiniUNet,2150,1141.5164794921875,1135.373291015625
MiniUNet,2151,1155.5250244140625,1152.4400634765625
MiniUNet,2152,1141.7490234375,1140.39453125
MiniUNet,2153,1135.0135498046875,1143.98291015625
MiniUNet,2154,1133.495849609375,1145.3280029296875
MiniUNet,2155,1151.872802734375,1143.135009765625
MiniUNet,2156,1143.80859375,1145.1593017578125
MiniUNet,2157,1138.798583984375,1154.498291015625
MiniUNet,2158,1145.940185546875,1145.04931640625
MiniUNet,2159,1135.1146240234375,1132.6705322265625
MiniUNet,2160,1148.2879638671875,1135.94775390625
MiniUNet,2161,1153.0252685546875,1150.0196533203125
MiniUNet,2162,1143.7950439453125,1142.039794921875
MiniUNet,2163,1147.684814453125,1150.2403564453125
MiniUNet,2164,1134.3680419921875,1145.2357177734375
MiniUNet,2165,1141.84765625,1139.18603515625
MiniUNet,2166,1140.101318359375,1142.3668212890625
MiniUNet,2167,1137.431396484375,1158.26708984375
MiniUNet,2168,1156.9298095703125,1141.7926025390625
MiniUNet,2169,1141.8157958984375,1138.7742919921875
MiniUNet,2170,1139.83984375,1134.4390869140625
MiniUNet,2171,1147.3148193359375,1135.5531005859375
MiniUNet,2172,1144.078125,1138.1297607421875
MiniUNet,2173,1138.0137939453125,1131.904541015625
MiniUNet,2174,1144.685546875,1144.5845947265625
MiniUNet,2175,1147.2374267578125,1156.182861328125
MiniUNet,2176,1141.9774169921875,1141.3427734375
MiniUNet,2177,1141.41552734375,1139.74658203125
MiniUNet,2178,1143.6005859375,1140.9500732421875
MiniUNet,2179,1143.4478759765625,1146.7852783203125
MiniUNet,2180,1154.473388671875,1138.1380615234375
MiniUNet,2181,1138.50732421875,1140.9041748046875
MiniUNet,2182,1146.4989013671875,1141.031005859375
MiniUNet,2183,1152.5528564453125,1145.4215087890625
MiniUNet,2184,1141.60205078125,1156.9329833984375
MiniUNet,2185,1146.846435546875,1144.1455078125
MiniUNet,2186,1142.2752685546875,1149.02685546875
MiniUNet,2187,1148.054443359375,1139.802734375
MiniUNet,2188,1133.5296630859375,1141.6790771484375
MiniUNet,2189,1135.94482421875,1143.3560791015625
MiniUNet,2190,1134.6087646484375,1141.6373291015625
MiniUNet,2191,1142.582275390625,1134.716796875
MiniUNet,2192,1147.3131103515625,1142.9661865234375
MiniUNet,2193,1150.6552734375,1140.491943359375
MiniUNet,2194,1140.651123046875,1143.9150390625
MiniUNet,2195,1147.802001953125,1141.5147705078125
MiniUNet,2196,1151.99658203125,1139.0126953125
MiniUNet,2197,1141.5775146484375,1134.14697265625
MiniUNet,2198,1146.570556640625,1141.02685546875
MiniUNet,2199,1144.289306640625,1135.381103515625
MiniUNet,2200,1137.727783203125,1142.28076171875
MiniUNet,2201,1155.87109375,1149.4205322265625
MiniUNet,2202,1143.7222900390625,1142.1917724609375
MiniUNet,2203,1127.5205078125,1131.7840576171875
MiniUNet,2204,1140.34423828125,1138.8470458984375
MiniUNet,2205,1138.6607666015625,1146.2265625
MiniUNet,2206,1130.6075439453125,1140.176513671875
MiniUNet,2207,1148.1748046875,1134.4024658203125
MiniUNet,2208,1140.3880615234375,1150.6290283203125
MiniUNet,2209,1137.6402587890625,1139.6715087890625
MiniUNet,2210,1137.5758056640625,1143.7628173828125
MiniUNet,2211,1141.2850341796875,1142.603759765625
MiniUNet,2212,1142.63232421875,1138.7159423828125
MiniUNet,2213,1139.8463134765625,1145.988037109375
MiniUNet,2214,1144.4700927734375,1145.572021484375
MiniUNet,2215,1141.8577880859375,1143.5885009765625
MiniUNet,2216,1136.63623046875,1140.3265380859375
MiniUNet,2217,1139.2406005859375,1138.5479736328125
MiniUNet,2218,1141.0111083984375,1147.6719970703125
MiniUNet,2219,1147.94140625,1147.7672119140625
MiniUNet,2220,1137.9346923828125,1137.7471923828125
MiniUNet,2221,1137.8016357421875,1147.37060546875
MiniUNet,2222,1150.1688232421875,1140.2525634765625
MiniUNet,2223,1137.4925537109375,1148.3944091796875
MiniUNet,2224,1139.0572509765625,1149.6229248046875
MiniUNet,2225,1144.933837890625,1141.900146484375
MiniUNet,2226,1144.205078125,1130.084228515625
MiniUNet,2227,1137.1153564453125,1142.4873046875
MiniUNet,2228,1138.81103515625,1138.64892578125
MiniUNet,2229,1134.7913818359375,1154.6588134765625
MiniUNet,2230,1138.4381103515625,1143.4361572265625
MiniUNet,2231,1143.8489990234375,1145.9339599609375
MiniUNet,2232,1143.109130859375,1142.7987060546875
MiniUNet,2233,1150.3575439453125,1141.3380126953125
MiniUNet,2234,1147.0718994140625,1143.736572265625
MiniUNet,2235,1143.74951171875,1141.7027587890625
MiniUNet,2236,1140.1815185546875,1138.3060302734375
MiniUNet,2237,1148.4635009765625,1136.29833984375
MiniUNet,2238,1144.24365234375,1142.0042724609375
MiniUNet,2239,1137.9820556640625,1141.2900390625
MiniUNet,2240,1143.0008544921875,1143.24267578125
MiniUNet,2241,1153.0985107421875,1149.91650390625
MiniUNet,2242,1136.647705078125,1143.42919921875
MiniUNet,2243,1143.818359375,1137.789306640625
MiniUNet,2244,1144.1728515625,1137.3218994140625
MiniUNet,2245,1144.2677001953125,1141.13232421875
MiniUNet,2246,1140.846923828125,1149.27099609375
MiniUNet,2247,1144.428466796875,1148.9281005859375
MiniUNet,2248,1152.697265625,1137.2835693359375
MiniUNet,2249,1140.811279296875,1142.4310302734375
MiniUNet,2250,1149.2720947265625,1155.3203125
MiniUNet,2251,1143.968017578125,1144.685791015625
MiniUNet,2252,1136.707763671875,1140.469970703125
MiniUNet,2253,1142.388916015625,1141.29833984375
MiniUNet,2254,1135.0943603515625,1142.27685546875
MiniUNet,2255,1141.4068603515625,1136.7706298828125
MiniUNet,2256,1152.1497802734375,1145.8026123046875
MiniUNet,2257,1142.1199951171875,1150.58154296875
MiniUNet,2258,1129.800537109375,1137.3677978515625
MiniUNet,2259,1152.2255859375,1139.4422607421875
MiniUNet,2260,1145.8955078125,1138.0621337890625
MiniUNet,2261,1136.7373046875,1135.042724609375
MiniUNet,2262,1139.6173095703125,1143.0677490234375
MiniUNet,2263,1144.155029296875,1140.0361328125
MiniUNet,2264,1140.791748046875,1148.329345703125
MiniUNet,2265,1151.327392578125,1149.2991943359375
MiniUNet,2266,1134.6285400390625,1143.6168212890625
MiniUNet,2267,1137.88330078125,1140.0780029296875
MiniUNet,2268,1134.4532470703125,1152.478759765625
MiniUNet,2269,1140.6011962890625,1139.06103515625
MiniUNet,2270,1144.2655029296875,1142.591552734375
MiniUNet,2271,1145.3038330078125,1146.6783447265625
MiniUNet,2272,1141.6365966796875,1142.175537109375
MiniUNet,2273,1151.8670654296875,1146.23779296875
MiniUNet,2274,1140.89404296875,1157.9107666015625
MiniUNet,2275,1135.9029541015625,1135.9290771484375
MiniUNet,2276,1147.4862060546875,1154.0677490234375
MiniUNet,2277,1149.55126953125,1143.3992919921875
MiniUNet,2278,1149.33544921875,1147.419921875
MiniUNet,2279,1144.224853515625,1134.0548095703125
MiniUNet,2280,1137.7733154296875,1144.4805908203125
MiniUNet,2281,1145.4503173828125,1157.24169921875
MiniUNet,2282,1151.473388671875,1136.701171875
MiniUNet,2283,1138.350830078125,1145.08056640625
MiniUNet,2284,1137.40625,1141.02685546875
MiniUNet,2285,1136.58349609375,1146.8114013671875
MiniUNet,2286,1142.8695068359375,1148.2860107421875
MiniUNet,2287,1146.653076171875,1138.61376953125
MiniUNet,2288,1142.1607666015625,1150.9288330078125
MiniUNet,2289,1157.48388671875,1140.1158447265625
MiniUNet,2290,1140.7618408203125,1137.9307861328125
MiniUNet,2291,1146.964599609375,1145.9493408203125
MiniUNet,2292,1142.9981689453125,1142.4683837890625
MiniUNet,2293,1139.1988525390625,1139.762451171875
MiniUNet,2294,1143.3045654296875,1136.5186767578125
MiniUNet,2295,1148.501708984375,1136.4471435546875
MiniUNet,2296,1150.1417236328125,1137.83740234375
MiniUNet,2297,1147.0360107421875,1148.552734375
MiniUNet,2298,1142.0584716796875,1139.2911376953125
MiniUNet,2299,1129.2088623046875,1148.913818359375
MiniUNet,2300,1137.316650390625,1147.5653076171875
MiniUNet,2301,1133.40380859375,1154.5245361328125
MiniUNet,2302,1153.33984375,1133.3404541015625
MiniUNet,2303,1146.142333984375,1143.3795166015625
MiniUNet,2304,1146.7752685546875,1140.2593994140625
MiniUNet,2305,1132.857177734375,1138.0855712890625
MiniUNet,2306,1143.0648193359375,1135.1295166015625
MiniUNet,2307,1136.8404541015625,1130.874755859375
MiniUNet,2308,1137.436767578125,1138.6903076171875
MiniUNet,2309,1135.860107421875,1144.6988525390625
MiniUNet,2310,1147.9527587890625,1145.027099609375
MiniUNet,2311,1137.89404296875,1141.39501953125
MiniUNet,2312,1136.46875,1143.2535400390625
MiniUNet,2313,1144.27880859375,1137.4537353515625
MiniUNet,2314,1134.7437744140625,1144.416015625
MiniUNet,2315,1142.296875,1153.924072265625
MiniUNet,2316,1141.989501953125,1138.504638671875
MiniUNet,2317,1135.62109375,1148.2137451171875
MiniUNet,2318,1149.07421875,1131.6102294921875
MiniUNet,2319,1140.5753173828125,1138.3651123046875
MiniUNet,2320,1139.692626953125,1145.154541015625
MiniUNet,2321,1139.3585205078125,1141.112548828125
MiniUNet,2322,1139.8800048828125,1147.2510986328125
MiniUNet,2323,1148.8935546875,1157.7801513671875
MiniUNet,2324,1144.2640380859375,1146.3134765625
MiniUNet,2325,1137.5968017578125,1147.7203369140625
MiniUNet,2326,1138.8795166015625,1143.147705078125
MiniUNet,2327,1143.029296875,1140.8319091796875
MiniUNet,2328,1141.1588134765625,1149.1629638671875
MiniUNet,2329,1146.0462646484375,1144.8660888671875
MiniUNet,2330,1143.014892578125,1137.1005859375
MiniUNet,2331,1137.4434814453125,1143.361083984375
MiniUNet,2332,1140.69287109375,1147.7056884765625
MiniUNet,2333,1148.0948486328125,1137.17529296875
MiniUNet,2334,1142.294677734375,1138.0030517578125
MiniUNet,2335,1143.3397216796875,1135.348388671875
MiniUNet,2336,1140.76953125,1137.5562744140625
MiniUNet,2337,1137.878173828125,1144.6383056640625
MiniUNet,2338,1141.2994384765625,1147.6048583984375
MiniUNet,2339,1137.237548828125,1143.164794921875
MiniUNet,2340,1140.071044921875,1139.80224609375
MiniUNet,2341,1132.0814208984375,1146.73388671875
MiniUNet,2342,1145.3509521484375,1141.86328125
MiniUNet,2343,1144.4766845703125,1138.247802734375
MiniUNet,2344,1148.883056640625,1150.05908203125
MiniUNet,2345,1138.2481689453125,1142.1807861328125
MiniUNet,2346,1143.99365234375,1143.8680419921875
MiniUNet,2347,1151.4708251953125,1140.8692626953125
MiniUNet,2348,1132.7313232421875,1146.721923828125
MiniUNet,2349,1144.0233154296875,1132.8927001953125
MiniUNet,2350,1138.5885009765625,1152.858154296875
MiniUNet,2351,1148.4403076171875,1143.891357421875
MiniUNet,2352,1145.892822265625,1150.4996337890625
MiniUNet,2353,1142.069580078125,1139.1221923828125
MiniUNet,2354,1136.1378173828125,1141.323974609375
MiniUNet,2355,1143.0302734375,1143.2740478515625
MiniUNet,2356,1141.006103515625,1141.9561767578125
MiniUNet,2357,1142.103759765625,1145.091552734375
MiniUNet,2358,1144.86474609375,1131.985595703125
MiniUNet,2359,1143.5543212890625,1134.7489013671875
MiniUNet,2360,1133.8603515625,1137.0467529296875
MiniUNet,2361,1145.6290283203125,1139.085205078125
MiniUNet,2362,1151.6451416015625,1145.5380859375
MiniUNet,2363,1139.416015625,1139.248046875
MiniUNet,2364,1147.4136962890625,1136.6221923828125
MiniUNet,2365,1136.0279541015625,1137.7747802734375
MiniUNet,2366,1133.3953857421875,1138.55810546875
MiniUNet,2367,1146.3316650390625,1141.8345947265625
MiniUNet,2368,1138.3590087890625,1138.9405517578125
MiniUNet,2369,1150.207763671875,1145.7880859375
MiniUNet,2370,1138.9937744140625,1151.18017578125
MiniUNet,2371,1138.190673828125,1151.1365966796875
MiniUNet,2372,1143.114013671875,1145.0885009765625
MiniUNet,2373,1140.644287109375,1141.904296875
MiniUNet,2374,1131.8253173828125,1149.4622802734375
MiniUNet,2375,1134.8868408203125,1139.566650390625
MiniUNet,2376,1144.2403564453125,1140.7540283203125
MiniUNet,2377,1132.8468017578125,1138.0601806640625
MiniUNet,2378,1141.247314453125,1143.34716796875
MiniUNet,2379,1146.508544921875,1131.799560546875
MiniUNet,2380,1143.1199951171875,1148.7476806640625
MiniUNet,2381,1149.0867919921875,1136.2735595703125
MiniUNet,2382,1147.3695068359375,1133.3555908203125
MiniUNet,2383,1137.966552734375,1142.2393798828125
MiniUNet,2384,1139.1427001953125,1141.792724609375
MiniUNet,2385,1145.2314453125,1142.23974609375
MiniUNet,2386,1138.6080322265625,1134.054443359375
MiniUNet,2387,1129.0255126953125,1136.8802490234375
MiniUNet,2388,1136.1688232421875,1139.908935546875
MiniUNet,2389,1136.10302734375,1133.8692626953125
MiniUNet,2390,1149.2117919921875,1130.33154296875
MiniUNet,2391,1136.636474609375,1142.005615234375
MiniUNet,2392,1134.15625,1139.7335205078125
MiniUNet,2393,1132.8740234375,1142.4530029296875
MiniUNet,2394,1141.3306884765625,1143.444091796875
MiniUNet,2395,1143.19970703125,1142.041748046875
MiniUNet,2396,1146.1588134765625,1144.526611328125
MiniUNet,2397,1134.923583984375,1144.778076171875
MiniUNet,2398,1144.6170654296875,1144.6796875
MiniUNet,2399,1142.3800048828125,1137.0050048828125
MiniUNet,2400,1144.644775390625,1141.5172119140625
MiniUNet,2401,1138.4503173828125,1133.21533203125
MiniUNet,2402,1141.528076171875,1132.631591796875
MiniUNet,2403,1139.05908203125,1145.009765625
MiniUNet,2404,1142.1444091796875,1139.905029296875
MiniUNet,2405,1137.1859130859375,1142.5980224609375
MiniUNet,2406,1139.8057861328125,1142.3692626953125
MiniUNet,2407,1146.008056640625,1136.8197021484375
MiniUNet,2408,1140.53515625,1145.8245849609375
MiniUNet,2409,1147.45556640625,1139.0062255859375
MiniUNet,2410,1149.66796875,1147.23828125
MiniUNet,2411,1150.4632568359375,1147.84326171875
MiniUNet,2412,1139.986083984375,1137.4127197265625
MiniUNet,2413,1138.19482421875,1141.2618408203125
MiniUNet,2414,1142.599365234375,1135.1400146484375
MiniUNet,2415,1141.8975830078125,1145.5321044921875
MiniUNet,2416,1138.40966796875,1142.8944091796875
MiniUNet,2417,1145.5234375,1159.8172607421875
MiniUNet,2418,1135.745849609375,1142.0765380859375
MiniUNet,2419,1136.8028564453125,1151.71435546875
MiniUNet,2420,1141.0087890625,1139.634765625
MiniUNet,2421,1131.4505615234375,1140.819091796875
MiniUNet,2422,1146.732421875,1134.9580078125
MiniUNet,2423,1156.3153076171875,1141.011474609375
MiniUNet,2424,1140.0609130859375,1140.7015380859375
MiniUNet,2425,1138.4437255859375,1135.4530029296875
MiniUNet,2426,1142.07080078125,1136.16357421875
MiniUNet,2427,1145.1849365234375,1142.0267333984375
MiniUNet,2428,1135.2080078125,1136.2838134765625
MiniUNet,2429,1143.8299560546875,1139.3253173828125
MiniUNet,2430,1144.6077880859375,1138.7855224609375
MiniUNet,2431,1157.5008544921875,1131.9937744140625
MiniUNet,2432,1132.718017578125,1132.795654296875
MiniUNet,2433,1143.3450927734375,1142.9228515625
MiniUNet,2434,1147.763916015625,1142.80078125
MiniUNet,2435,1142.58154296875,1144.352783203125
MiniUNet,2436,1142.616455078125,1132.89404296875
MiniUNet,2437,1149.5511474609375,1149.1339111328125
MiniUNet,2438,1133.497802734375,1135.4765625
MiniUNet,2439,1140.79052734375,1143.08056640625
MiniUNet,2440,1138.184814453125,1138.93505859375
MiniUNet,2441,1151.2020263671875,1140.7408447265625
MiniUNet,2442,1140.47314453125,1146.7666015625
MiniUNet,2443,1138.046875,1141.874755859375
MiniUNet,2444,1141.11181640625,1142.0450439453125
MiniUNet,2445,1137.4976806640625,1127.80419921875
MiniUNet,2446,1135.7646484375,1141.2137451171875
MiniUNet,2447,1143.6776123046875,1141.9818115234375
MiniUNet,2448,1142.5552978515625,1133.820556640625
MiniUNet,2449,1130.423828125,1154.831787109375
MiniUNet,2450,1138.2462158203125,1138.5338134765625
MiniUNet,2451,1135.5328369140625,1140.996826171875
MiniUNet,2452,1142.5650634765625,1134.4573974609375
MiniUNet,2453,1138.080322265625,1145.5550537109375
MiniUNet,2454,1143.4210205078125,1136.9801025390625
MiniUNet,2455,1136.1278076171875,1137.7978515625
MiniUNet,2456,1131.7716064453125,1144.36767578125
MiniUNet,2457,1135.9693603515625,1128.5465087890625
MiniUNet,2458,1141.1263427734375,1133.9232177734375
MiniUNet,2459,1142.2850341796875,1139.3272705078125
MiniUNet,2460,1138.6182861328125,1141.84130859375
MiniUNet,2461,1143.6822509765625,1127.231689453125
MiniUNet,2462,1142.96923828125,1143.2359619140625
MiniUNet,2463,1138.0640869140625,1147.9219970703125
MiniUNet,2464,1140.101806640625,1134.1671142578125
MiniUNet,2465,1141.967529296875,1140.21044921875
MiniUNet,2466,1142.5250244140625,1127.945556640625
MiniUNet,2467,1143.1708984375,1135.4443359375
MiniUNet,2468,1134.6866455078125,1128.7091064453125
MiniUNet,2469,1137.48779296875,1143.9588623046875
MiniUNet,2470,1141.3406982421875,1138.1226806640625
MiniUNet,2471,1150.2056884765625,1134.9573974609375
MiniUNet,2472,1141.5152587890625,1134.9610595703125
MiniUNet,2473,1140.3330078125,1142.5328369140625
MiniUNet,2474,1128.57080078125,1139.3916015625
MiniUNet,2475,1144.0272216796875,1149.911376953125
MiniUNet,2476,1137.883544921875,1139.62451171875
MiniUNet,2477,1139.9151611328125,1133.5831298828125
MiniUNet,2478,1141.6917724609375,1137.479736328125
MiniUNet,2479,1139.6217041015625,1137.1939697265625
MiniUNet,2480,1132.677978515625,1139.08349609375
MiniUNet,2481,1140.2332763671875,1144.9886474609375
MiniUNet,2482,1126.1776123046875,1138.137939453125
MiniUNet,2483,1137.173095703125,1140.8671875
MiniUNet,2484,1142.9573974609375,1141.510986328125
MiniUNet,2485,1138.83154296875,1123.5992431640625
MiniUNet,2486,1133.4107666015625,1135.4110107421875
MiniUNet,2487,1138.6866455078125,1134.0640869140625
MiniUNet,2488,1142.5631103515625,1137.2904052734375
MiniUNet,2489,1129.8201904296875,1142.2215576171875
MiniUNet,2490,1130.982666015625,1137.0771484375
MiniUNet,2491,1141.8787841796875,1131.2418212890625
MiniUNet,2492,1135.912841796875,1144.8211669921875
MiniUNet,2493,1139.6085205078125,1141.1395263671875
MiniUNet,2494,1143.9659423828125,1141.8511962890625
MiniUNet,2495,1132.435791015625,1142.470703125
MiniUNet,2496,1152.947265625,1142.226318359375
MiniUNet,2497,1146.9798583984375,1139.82275390625
MiniUNet,2498,1139.017578125,1139.17626953125
MiniUNet,2499,1134.2440185546875,1146.673095703125
