Model,Epoch,TrainLoss,ValLoss
MLP,0,5217.9453125,1265.167236328125
MLP,1,1252.6673583984375,1261.441162109375
MLP,2,1270.0216064453125,1281.9674072265625
MLP,3,1284.6905517578125,1296.792724609375
MLP,4,1294.3038330078125,1310.557373046875
MLP,5,1307.234619140625,1320.944091796875
MLP,6,1321.237548828125,1327.59716796875
MLP,7,1326.3336181640625,1326.544921875
MLP,8,1325.3055419921875,1326.5108642578125
MLP,9,1325.038330078125,1322.149169921875
MLP,10,1349.6585693359375,1317.4227294921875
MLP,11,1327.7974853515625,1306.02978515625
MLP,12,1317.173095703125,1318.5963134765625
MLP,13,1313.27880859375,1311.98779296875
MLP,14,1309.3819580078125,1296.75341796875
MLP,15,1298.452880859375,1289.4130859375
MLP,16,1286.8499755859375,1279.029052734375
MLP,17,1282.9217529296875,1281.68359375
MLP,18,1283.2669677734375,1271.57763671875
MLP,19,1274.4178466796875,1258.8680419921875
MLP,20,1279.2861328125,1273.91455078125
MLP,21,1264.880859375,1265.00244140625
MLP,22,1274.4061279296875,1269.9588623046875
MLP,23,1282.26611328125,1269.916259765625
MLP,24,1262.36083984375,1263.5189208984375
MLP,25,1273.290771484375,1268.578857421875
MLP,26,1272.34423828125,1272.9403076171875
MLP,27,1281.093505859375,1268.3470458984375
MLP,28,1278.5772705078125,1250.9796142578125
MLP,29,1260.6370849609375,1261.408203125
MLP,30,1253.4239501953125,1260.5701904296875
MLP,31,1244.97802734375,1263.3485107421875
MLP,32,1254.6270751953125,1255.2913818359375
MLP,33,1254.3818359375,1250.752197265625
MLP,34,1246.3203125,1261.49853515625
MLP,35,1253.4610595703125,1259.302001953125
MLP,36,1251.6829833984375,1252.948486328125
MLP,37,1255.026611328125,1257.1822509765625
MLP,38,1251.0770263671875,1254.557861328125
MLP,39,1244.189697265625,1257.3255615234375
MLP,40,1256.8193359375,1247.3739013671875
MLP,41,1253.7825927734375,1253.060791015625
MLP,42,1254.867431640625,1253.048095703125
MLP,43,1251.4495849609375,1254.140380859375
MLP,44,1251.152099609375,1237.322998046875
MLP,45,1255.8233642578125,1235.35693359375
MLP,46,1250.09130859375,1247.233642578125
MLP,47,1248.72900390625,1235.912109375
MLP,48,1237.2010498046875,1238.9737548828125
MLP,49,1250.984619140625,1248.97900390625
MLP,50,1249.6510009765625,1252.6112060546875
MLP,51,1252.060302734375,1251.7335205078125
MLP,52,1248.7738037109375,1240.8492431640625
MLP,53,1239.2723388671875,1229.8466796875
MLP,54,1249.9910888671875,1243.4801025390625
MLP,55,1235.5260009765625,1244.84130859375
MLP,56,1246.806396484375,1239.8233642578125
MLP,57,1231.3470458984375,1245.974365234375
MLP,58,1246.0323486328125,1236.1268310546875
MLP,59,1241.9427490234375,1245.0701904296875
MLP,60,1243.0970458984375,1240.690673828125
MLP,61,1239.979736328125,1237.3914794921875
MLP,62,1232.0465087890625,1241.756103515625
MLP,63,1244.2061767578125,1242.447021484375
MLP,64,1236.3330078125,1252.45068359375
MLP,65,1232.030517578125,1239.74853515625
MLP,66,1247.6475830078125,1245.8338623046875
MLP,67,1243.2235107421875,1234.8131103515625
MLP,68,1237.6710205078125,1244.5118408203125
MLP,69,1233.4136962890625,1241.8050537109375
MLP,70,1237.409912109375,1240.658935546875
MLP,71,1239.182861328125,1244.34228515625
MLP,72,1237.0531005859375,1237.26806640625
MLP,73,1234.153564453125,1237.5733642578125
MLP,74,1240.7620849609375,1221.09130859375
MLP,75,1248.3192138671875,1240.67431640625
MLP,76,1235.863525390625,1241.212646484375
MLP,77,1233.2191162109375,1226.9434814453125
MLP,78,1242.5179443359375,1231.5950927734375
MLP,79,1240.4202880859375,1241.7860107421875
MLP,80,1238.1895751953125,1233.7486572265625
MLP,81,1232.2320556640625,1242.123046875
MLP,82,1229.3084716796875,1236.3753662109375
MLP,83,1230.13427734375,1227.84228515625
MLP,84,1229.8968505859375,1236.6273193359375
MLP,85,1231.2103271484375,1236.44189453125
MLP,86,1232.2757568359375,1235.9322509765625
MLP,87,1233.061767578125,1227.57958984375
MLP,88,1231.289794921875,1242.5635986328125
MLP,89,1235.90576171875,1238.5347900390625
MLP,90,1240.1871337890625,1234.423583984375
MLP,91,1238.747314453125,1232.882080078125
MLP,92,1234.2255859375,1236.447021484375
MLP,93,1221.882080078125,1234.0064697265625
MLP,94,1235.4375,1227.2667236328125
MLP,95,1229.6319580078125,1233.5169677734375
MLP,96,1229.68798828125,1230.562744140625
MLP,97,1226.780517578125,1244.4178466796875
MLP,98,1234.619384765625,1231.919921875
MLP,99,1234.0318603515625,1236.931396484375
MLP,100,1229.5147705078125,1219.582763671875
MLP,101,1235.1190185546875,1225.4853515625
MLP,102,1218.5054931640625,1223.5244140625
MLP,103,1226.9442138671875,1231.3153076171875
MLP,104,1227.8499755859375,1238.208251953125
MLP,105,1233.61083984375,1227.0924072265625
MLP,106,1226.4290771484375,1229.8685302734375
MLP,107,1226.20556640625,1228.05029296875
MLP,108,1221.349609375,1219.1820068359375
MLP,109,1222.23291015625,1227.68896484375
MLP,110,1237.7698974609375,1238.3289794921875
MLP,111,1229.915283203125,1220.3486328125
MLP,112,1222.9888916015625,1227.642822265625
MLP,113,1229.6793212890625,1235.0721435546875
MLP,114,1236.164306640625,1226.477294921875
MLP,115,1218.3017578125,1241.9857177734375
MLP,116,1225.439453125,1225.1090087890625
MLP,117,1232.7125244140625,1234.0042724609375
MLP,118,1230.8502197265625,1218.486572265625
MLP,119,1231.3743896484375,1230.103759765625
MLP,120,1237.857421875,1229.465576171875
MLP,121,1229.762939453125,1225.18408203125
MLP,122,1231.69384765625,1222.40478515625
MLP,123,1219.3857421875,1224.2943115234375
MLP,124,1231.4097900390625,1222.81201171875
MLP,125,1228.1700439453125,1229.5018310546875
MLP,126,1220.32177734375,1225.1953125
MLP,127,1227.257080078125,1225.109375
MLP,128,1228.541015625,1220.8585205078125
MLP,129,1229.769287109375,1241.9857177734375
MLP,130,1231.3232421875,1227.4735107421875
MLP,131,1225.4183349609375,1230.4947509765625
MLP,132,1227.5360107421875,1226.6805419921875
MLP,133,1230.5638427734375,1227.4066162109375
MLP,134,1221.9627685546875,1220.77197265625
MLP,135,1227.84375,1222.1270751953125
MLP,136,1214.341064453125,1221.8997802734375
MLP,137,1234.17236328125,1229.8070068359375
MLP,138,1221.717529296875,1220.947265625
MLP,139,1229.5645751953125,1238.227783203125
MLP,140,1218.904052734375,1223.9635009765625
MLP,141,1225.8331298828125,1221.933349609375
MLP,142,1224.6759033203125,1221.7738037109375
MLP,143,1231.2608642578125,1225.71630859375
MLP,144,1219.6650390625,1223.3150634765625
MLP,145,1217.632080078125,1226.0028076171875
MLP,146,1215.38232421875,1240.320068359375
MLP,147,1228.6485595703125,1224.35009765625
MLP,148,1223.76708984375,1226.027587890625
MLP,149,1212.894775390625,1226.279296875
MLP,150,1216.6483154296875,1234.7535400390625
MLP,151,1222.1925048828125,1225.930419921875
MLP,152,1219.155517578125,1231.470458984375
MLP,153,1214.80419921875,1228.769287109375
MLP,154,1225.9732666015625,1219.6400146484375
MLP,155,1225.9906005859375,1218.2081298828125
MLP,156,1239.5223388671875,1225.8128662109375
MLP,157,1226.3363037109375,1220.6602783203125
MLP,158,1224.674560546875,1223.4427490234375
MLP,159,1226.6578369140625,1221.4234619140625
MLP,160,1223.7747802734375,1226.342529296875
MLP,161,1217.3765869140625,1228.9007568359375
MLP,162,1232.820068359375,1225.3304443359375
MLP,163,1221.5125732421875,1231.265625
MLP,164,1222.9598388671875,1219.3175048828125
MLP,165,1214.142578125,1229.66357421875
MLP,166,1213.8594970703125,1218.1229248046875
MLP,167,1224.3240966796875,1224.836181640625
MLP,168,1226.610107421875,1222.943359375
MLP,169,1213.07275390625,1212.1336669921875
MLP,170,1215.90283203125,1224.48828125
MLP,171,1220.0679931640625,1228.6436767578125
MLP,172,1228.5350341796875,1222.9425048828125
MLP,173,1229.2841796875,1208.23681640625
MLP,174,1218.6436767578125,1225.3258056640625
MLP,175,1228.35400390625,1217.7330322265625
MLP,176,1223.7926025390625,1221.4844970703125
MLP,177,1226.0565185546875,1228.705810546875
MLP,178,1218.8167724609375,1221.766357421875
MLP,179,1225.1485595703125,1216.4400634765625
MLP,180,1229.654052734375,1230.5963134765625
MLP,181,1216.978515625,1219.445556640625
MLP,182,1229.5753173828125,1223.372314453125
MLP,183,1218.8375244140625,1223.4222412109375
MLP,184,1212.4334716796875,1223.724609375
MLP,185,1225.1611328125,1223.3602294921875
MLP,186,1221.5838623046875,1226.4635009765625
MLP,187,1229.0206298828125,1221.787841796875
MLP,188,1219.0570068359375,1220.771484375
MLP,189,1220.832763671875,1220.6533203125
MLP,190,1217.634521484375,1220.1375732421875
MLP,191,1218.89306640625,1217.71533203125
MLP,192,1217.6129150390625,1220.9029541015625
MLP,193,1218.6380615234375,1220.346923828125
MLP,194,1219.4208984375,1210.0341796875
MLP,195,1223.2271728515625,1228.1033935546875
MLP,196,1218.2225341796875,1207.69970703125
MLP,197,1216.7510986328125,1209.1160888671875
MLP,198,1218.86376953125,1211.143798828125
MLP,199,1216.1375732421875,1215.136474609375
MLP,200,1212.5013427734375,1218.5455322265625
MLP,201,1215.63525390625,1219.536865234375
MLP,202,1222.17236328125,1223.124755859375
MLP,203,1219.16357421875,1211.8565673828125
MLP,204,1217.706787109375,1221.0748291015625
MLP,205,1219.3905029296875,1217.630859375
MLP,206,1216.6201171875,1225.1549072265625
MLP,207,1218.2513427734375,1224.6390380859375
MLP,208,1221.7205810546875,1219.184814453125
MLP,209,1216.3377685546875,1216.2816162109375
MLP,210,1218.5660400390625,1217.0845947265625
MLP,211,1223.8919677734375,1219.7364501953125
MLP,212,1227.0140380859375,1229.724609375
MLP,213,1212.8878173828125,1218.443359375
MLP,214,1216.9305419921875,1217.279296875
MLP,215,1217.6727294921875,1212.864013671875
MLP,216,1219.000732421875,1217.6416015625
MLP,217,1216.884765625,1223.54638671875
MLP,218,1221.6307373046875,1229.4814453125
MLP,219,1208.3951416015625,1214.954833984375
MLP,220,1211.3978271484375,1220.1170654296875
MLP,221,1222.3135986328125,1218.6407470703125
MLP,222,1219.6585693359375,1221.7125244140625
MLP,223,1217.2470703125,1224.1378173828125
MLP,224,1221.4110107421875,1215.69921875
MLP,225,1213.803955078125,1211.2724609375
MLP,226,1209.1610107421875,1208.276611328125
MLP,227,1215.5738525390625,1220.092041015625
MLP,228,1219.9267578125,1217.9608154296875
MLP,229,1228.477783203125,1220.847412109375
MLP,230,1220.3243408203125,1215.6295166015625
MLP,231,1213.974609375,1224.8765869140625
MLP,232,1227.7120361328125,1216.342041015625
MLP,233,1208.5400390625,1224.3935546875
MLP,234,1218.5177001953125,1216.779052734375
MLP,235,1211.6820068359375,1221.728271484375
MLP,236,1219.6768798828125,1213.496337890625
MLP,237,1219.302001953125,1218.423095703125
MLP,238,1219.64501953125,1209.52392578125
MLP,239,1217.7366943359375,1217.4036865234375
MLP,240,1218.5972900390625,1211.788818359375
MLP,241,1220.572509765625,1215.49609375
MLP,242,1218.0423583984375,1214.35302734375
MLP,243,1212.039306640625,1226.2847900390625
MLP,244,1214.4193115234375,1206.550048828125
MLP,245,1224.156005859375,1210.832763671875
MLP,246,1216.884765625,1217.6522216796875
MLP,247,1218.027099609375,1215.4495849609375
MLP,248,1218.1287841796875,1211.4410400390625
MLP,249,1213.1915283203125,1209.7779541015625
MLP,250,1219.652587890625,1211.5440673828125
MLP,251,1210.354248046875,1211.3485107421875
MLP,252,1228.111572265625,1204.3482666015625
MLP,253,1218.0615234375,1218.33544921875
MLP,254,1213.623046875,1215.695068359375
MLP,255,1211.4449462890625,1215.7198486328125
MLP,256,1214.4400634765625,1218.426025390625
MLP,257,1215.8594970703125,1213.2503662109375
MLP,258,1217.2327880859375,1201.880859375
MLP,259,1214.81884765625,1210.7855224609375
MLP,260,1221.0020751953125,1213.1219482421875
MLP,261,1220.9281005859375,1221.8382568359375
MLP,262,1214.799560546875,1207.881103515625
MLP,263,1213.052001953125,1217.1116943359375
MLP,264,1215.8570556640625,1220.262451171875
MLP,265,1211.73486328125,1206.0050048828125
MLP,266,1228.2196044921875,1208.875
MLP,267,1213.6048583984375,1208.0721435546875
MLP,268,1205.7381591796875,1214.5447998046875
MLP,269,1204.82568359375,1205.3592529296875
MLP,270,1217.1922607421875,1211.821533203125
MLP,271,1226.45703125,1216.582275390625
MLP,272,1213.837158203125,1214.71826171875
MLP,273,1209.0760498046875,1224.8624267578125
MLP,274,1217.374267578125,1213.3355712890625
MLP,275,1210.67578125,1216.630859375
MLP,276,1219.9488525390625,1210.6767578125
MLP,277,1214.694091796875,1211.121337890625
MLP,278,1209.9622802734375,1217.4281005859375
MLP,279,1218.2880859375,1209.049072265625
MLP,280,1218.373046875,1210.11328125
MLP,281,1216.793701171875,1217.1175537109375
MLP,282,1222.1297607421875,1215.520751953125
MLP,283,1223.1820068359375,1206.271240234375
MLP,284,1223.18408203125,1210.48681640625
MLP,285,1218.0042724609375,1212.778564453125
MLP,286,1204.7711181640625,1210.0694580078125
MLP,287,1209.8935546875,1208.1583251953125
MLP,288,1211.778076171875,1213.7490234375
MLP,289,1220.5135498046875,1218.4241943359375
MLP,290,1216.3941650390625,1206.58984375
MLP,291,1219.5223388671875,1210.7955322265625
MLP,292,1214.1951904296875,1219.4205322265625
MLP,293,1213.873779296875,1206.912109375
MLP,294,1218.93603515625,1203.9013671875
MLP,295,1215.7215576171875,1211.672607421875
MLP,296,1216.4534912109375,1214.36083984375
MLP,297,1208.04345703125,1206.326904296875
MLP,298,1206.2757568359375,1214.730224609375
MLP,299,1199.8515625,1213.2923583984375
MLP,300,1209.52978515625,1220.5850830078125
MLP,301,1219.025146484375,1210.955810546875
MLP,302,1212.1529541015625,1224.1287841796875
MLP,303,1210.562255859375,1210.3597412109375
MLP,304,1211.77880859375,1209.8035888671875
MLP,305,1209.84130859375,1219.5426025390625
MLP,306,1218.83935546875,1210.955810546875
MLP,307,1209.7615966796875,1207.7674560546875
MLP,308,1215.0380859375,1213.7454833984375
MLP,309,1209.596923828125,1204.6710205078125
MLP,310,1215.9600830078125,1212.25146484375
MLP,311,1221.2091064453125,1211.736083984375
MLP,312,1217.3460693359375,1210.505126953125
MLP,313,1211.740966796875,1220.0948486328125
MLP,314,1213.259765625,1210.3404541015625
MLP,315,1220.126708984375,1208.077392578125
MLP,316,1216.4652099609375,1209.3656005859375
MLP,317,1206.7738037109375,1209.4456787109375
MLP,318,1213.8818359375,1209.1434326171875
MLP,319,1212.987548828125,1206.238037109375
MLP,320,1211.1297607421875,1215.4405517578125
MLP,321,1206.7620849609375,1219.542236328125
MLP,322,1215.361572265625,1208.675537109375
MLP,323,1211.629638671875,1214.028564453125
MLP,324,1207.3341064453125,1216.2537841796875
MLP,325,1211.1156005859375,1210.1171875
MLP,326,1212.017333984375,1208.0421142578125
MLP,327,1210.7928466796875,1211.04150390625
MLP,328,1203.0035400390625,1208.8909912109375
MLP,329,1203.2669677734375,1206.9326171875
MLP,330,1209.745361328125,1201.6710205078125
MLP,331,1215.54150390625,1206.0101318359375
MLP,332,1212.3367919921875,1201.414794921875
MLP,333,1208.6197509765625,1202.6849365234375
MLP,334,1211.0872802734375,1222.6942138671875
MLP,335,1214.903076171875,1210.96533203125
MLP,336,1208.6767578125,1200.385009765625
MLP,337,1199.6260986328125,1217.8448486328125
MLP,338,1209.083251953125,1199.8057861328125
MLP,339,1210.5953369140625,1208.66650390625
MLP,340,1210.195068359375,1199.721923828125
MLP,341,1211.3692626953125,1212.0845947265625
MLP,342,1204.3883056640625,1204.32666015625
MLP,343,1212.6871337890625,1206.051513671875
MLP,344,1212.5535888671875,1214.0538330078125
MLP,345,1210.29248046875,1209.314697265625
MLP,346,1202.1170654296875,1203.8148193359375
MLP,347,1210.3072509765625,1210.0052490234375
MLP,348,1210.464599609375,1212.664306640625
MLP,349,1208.8460693359375,1214.110595703125
MLP,350,1204.06201171875,1206.755126953125
MLP,351,1213.3873291015625,1216.3763427734375
MLP,352,1206.631591796875,1208.57861328125
MLP,353,1212.46826171875,1210.5557861328125
MLP,354,1208.51171875,1206.8238525390625
MLP,355,1215.0059814453125,1208.4658203125
MLP,356,1209.3289794921875,1203.15576171875
MLP,357,1196.70703125,1206.3671875
MLP,358,1208.5595703125,1211.417724609375
MLP,359,1206.7652587890625,1208.986328125
MLP,360,1216.1361083984375,1198.990234375
MLP,361,1204.6673583984375,1201.437255859375
MLP,362,1206.0037841796875,1214.299072265625
MLP,363,1214.1651611328125,1201.8900146484375
MLP,364,1206.6300048828125,1207.94873046875
MLP,365,1205.602783203125,1201.6671142578125
MLP,366,1204.9322509765625,1208.7313232421875
MLP,367,1202.0355224609375,1203.187255859375
MLP,368,1203.069580078125,1204.79052734375
MLP,369,1211.0498046875,1205.113525390625
MLP,370,1207.48583984375,1209.42236328125
MLP,371,1202.221435546875,1217.5343017578125
MLP,372,1202.2156982421875,1202.50634765625
MLP,373,1197.6165771484375,1205.96728515625
MLP,374,1203.8043212890625,1199.46875
MLP,375,1198.4400634765625,1210.228515625
MLP,376,1197.8641357421875,1202.5667724609375
MLP,377,1213.30322265625,1215.59423828125
MLP,378,1210.0396728515625,1207.7432861328125
MLP,379,1206.2520751953125,1217.6456298828125
MLP,380,1202.9593505859375,1204.2728271484375
MLP,381,1204.5189208984375,1199.0423583984375
MLP,382,1204.599365234375,1198.607177734375
MLP,383,1219.551513671875,1202.590087890625
MLP,384,1203.1083984375,1202.7767333984375
MLP,385,1204.19677734375,1206.655517578125
MLP,386,1201.934814453125,1204.827880859375
MLP,387,1205.3924560546875,1199.24755859375
MLP,388,1206.0872802734375,1201.201416015625
MLP,389,1199.1800537109375,1208.458251953125
MLP,390,1201.0120849609375,1212.2587890625
MLP,391,1205.841796875,1203.049072265625
MLP,392,1206.86376953125,1202.94873046875
MLP,393,1212.8033447265625,1206.69873046875
MLP,394,1199.48974609375,1197.9620361328125
MLP,395,1212.1082763671875,1205.4429931640625
MLP,396,1212.9290771484375,1206.428955078125
MLP,397,1208.202392578125,1200.7957763671875
MLP,398,1196.326904296875,1202.060791015625
MLP,399,1213.114501953125,1208.954833984375
MLP,400,1208.6773681640625,1201.42041015625
MLP,401,1201.242431640625,1209.9234619140625
MLP,402,1211.6534423828125,1202.42333984375
MLP,403,1213.7540283203125,1214.3128662109375
MLP,404,1193.68310546875,1195.509033203125
MLP,405,1201.0458984375,1212.7454833984375
MLP,406,1207.0972900390625,1206.2716064453125
MLP,407,1212.263916015625,1205.558349609375
MLP,408,1200.7244873046875,1203.4107666015625
MLP,409,1201.3427734375,1210.622802734375
MLP,410,1209.3131103515625,1218.5860595703125
MLP,411,1209.81201171875,1201.834228515625
MLP,412,1205.6064453125,1210.6783447265625
MLP,413,1204.8055419921875,1212.9718017578125
MLP,414,1211.423828125,1203.9102783203125
MLP,415,1191.700439453125,1213.4228515625
MLP,416,1199.7513427734375,1205.788818359375
MLP,417,1201.5318603515625,1201.5455322265625
MLP,418,1213.49951171875,1211.434814453125
MLP,419,1193.5643310546875,1206.40234375
MLP,420,1202.5328369140625,1215.1068115234375
MLP,421,1207.2362060546875,1203.2703857421875
MLP,422,1204.8958740234375,1201.9298095703125
MLP,423,1208.5355224609375,1205.9498291015625
MLP,424,1205.987548828125,1200.99072265625
MLP,425,1200.45556640625,1205.5848388671875
MLP,426,1201.7392578125,1197.092041015625
MLP,427,1197.9737548828125,1201.165771484375
MLP,428,1197.6295166015625,1203.5714111328125
MLP,429,1197.7955322265625,1211.5743408203125
MLP,430,1205.0516357421875,1201.8916015625
MLP,431,1211.170166015625,1196.2335205078125
MLP,432,1195.95458984375,1206.3203125
MLP,433,1196.197021484375,1206.2733154296875
MLP,434,1207.940673828125,1197.685791015625
MLP,435,1215.6473388671875,1211.238525390625
MLP,436,1208.9088134765625,1186.4813232421875
MLP,437,1202.4002685546875,1204.193603515625
MLP,438,1206.33544921875,1206.155029296875
MLP,439,1201.19775390625,1205.65283203125
MLP,440,1204.9310302734375,1208.4530029296875
MLP,441,1193.14453125,1204.663330078125
MLP,442,1202.2928466796875,1203.0562744140625
MLP,443,1197.8990478515625,1207.7847900390625
MLP,444,1197.8494873046875,1199.94384765625
MLP,445,1202.5736083984375,1200.3746337890625
MLP,446,1192.2728271484375,1188.623779296875
MLP,447,1209.2843017578125,1198.064697265625
MLP,448,1201.2418212890625,1204.9427490234375
MLP,449,1195.4110107421875,1199.0008544921875
MLP,450,1206.8206787109375,1208.3988037109375
MLP,451,1200.4200439453125,1199.289306640625
MLP,452,1205.5460205078125,1210.6883544921875
MLP,453,1196.251953125,1200.6328125
MLP,454,1207.60400390625,1199.6060791015625
MLP,455,1215.3892822265625,1195.707275390625
MLP,456,1203.838623046875,1202.3372802734375
MLP,457,1199.1968994140625,1197.3431396484375
MLP,458,1200.254150390625,1194.513671875
MLP,459,1202.8216552734375,1206.8697509765625
MLP,460,1207.1055908203125,1197.59423828125
MLP,461,1203.638427734375,1209.599853515625
MLP,462,1201.88916015625,1214.6177978515625
MLP,463,1204.686279296875,1202.122314453125
MLP,464,1206.9649658203125,1204.29931640625
MLP,465,1202.022216796875,1193.8948974609375
MLP,466,1203.497314453125,1212.584228515625
MLP,467,1203.0828857421875,1201.2645263671875
MLP,468,1203.8978271484375,1208.27685546875
MLP,469,1201.6171875,1206.995849609375
MLP,470,1197.7572021484375,1208.3250732421875
MLP,471,1199.222412109375,1196.7861328125
MLP,472,1195.210205078125,1193.767333984375
MLP,473,1204.8895263671875,1203.9395751953125
MLP,474,1204.49365234375,1201.42236328125
MLP,475,1211.1236572265625,1205.7410888671875
MLP,476,1207.5625,1209.2305908203125
MLP,477,1195.135498046875,1195.46533203125
MLP,478,1201.5980224609375,1200.082763671875
MLP,479,1208.8128662109375,1220.94384765625
MLP,480,1202.0142822265625,1201.7802734375
MLP,481,1204.8970947265625,1195.0316162109375
MLP,482,1205.0780029296875,1203.27734375
MLP,483,1206.528076171875,1202.7623291015625
MLP,484,1205.249755859375,1202.3760986328125
MLP,485,1201.82666015625,1196.0875244140625
MLP,486,1203.897705078125,1195.718505859375
MLP,487,1202.5042724609375,1200.43701171875
MLP,488,1205.4951171875,1200.215087890625
MLP,489,1200.5614013671875,1192.123046875
MLP,490,1204.075439453125,1206.5518798828125
MLP,491,1208.805419921875,1198.8282470703125
MLP,492,1197.615966796875,1201.09423828125
MLP,493,1196.9451904296875,1193.194091796875
MLP,494,1200.4183349609375,1195.2520751953125
MLP,495,1204.7108154296875,1198.877197265625
MLP,496,1197.7103271484375,1204.0469970703125
MLP,497,1212.07861328125,1196.98681640625
MLP,498,1189.0697021484375,1202.6033935546875
MLP,499,1201.7779541015625,1197.3580322265625
MLP,500,1204.39453125,1196.0205078125
MLP,501,1210.925048828125,1205.1195068359375
MLP,502,1202.5400390625,1205.8773193359375
MLP,503,1204.6103515625,1199.3345947265625
MLP,504,1203.3480224609375,1196.2353515625
MLP,505,1204.93701171875,1205.738525390625
MLP,506,1200.319580078125,1196.6640625
MLP,507,1200.4229736328125,1197.3740234375
MLP,508,1198.0628662109375,1199.3109130859375
MLP,509,1203.2860107421875,1203.2135009765625
MLP,510,1198.665771484375,1194.685791015625
MLP,511,1194.3338623046875,1199.3587646484375
MLP,512,1203.509765625,1200.499267578125
MLP,513,1198.55810546875,1197.2587890625
MLP,514,1204.081787109375,1197.6690673828125
MLP,515,1208.2305908203125,1201.5447998046875
MLP,516,1203.1937255859375,1197.497802734375
MLP,517,1201.7335205078125,1203.104248046875
MLP,518,1197.3907470703125,1206.5908203125
MLP,519,1191.3687744140625,1198.8748779296875
MLP,520,1195.1204833984375,1197.3546142578125
MLP,521,1201.454345703125,1202.2545166015625
MLP,522,1188.9913330078125,1199.392822265625
MLP,523,1200.339111328125,1205.6893310546875
MLP,524,1201.2862548828125,1207.326171875
MLP,525,1206.3250732421875,1209.7679443359375
MLP,526,1198.16455078125,1193.061767578125
MLP,527,1198.1219482421875,1208.068603515625
MLP,528,1197.6922607421875,1197.2518310546875
MLP,529,1212.61376953125,1200.7369384765625
MLP,530,1193.9027099609375,1199.552978515625
MLP,531,1196.1510009765625,1208.1572265625
MLP,532,1203.8243408203125,1208.641357421875
MLP,533,1207.016845703125,1209.1605224609375
MLP,534,1206.99169921875,1204.7569580078125
MLP,535,1192.910400390625,1193.5428466796875
MLP,536,1205.2340087890625,1194.7677001953125
MLP,537,1194.7279052734375,1198.303466796875
MLP,538,1204.1690673828125,1200.607177734375
MLP,539,1199.613037109375,1201.7216796875
MLP,540,1192.872802734375,1193.770751953125
MLP,541,1194.6815185546875,1198.13525390625
MLP,542,1212.5050048828125,1206.8272705078125
MLP,543,1198.8817138671875,1193.8623046875
MLP,544,1204.595458984375,1202.2008056640625
MLP,545,1196.064208984375,1199.776611328125
MLP,546,1203.77880859375,1199.7818603515625
MLP,547,1197.4066162109375,1203.919677734375
MLP,548,1198.4827880859375,1200.9737548828125
MLP,549,1188.6722412109375,1197.8975830078125
MLP,550,1202.227783203125,1202.974609375
MLP,551,1203.9267578125,1199.5391845703125
MLP,552,1210.3785400390625,1204.560302734375
MLP,553,1190.29931640625,1201.81591796875
MLP,554,1201.9521484375,1200.8863525390625
MLP,555,1193.5089111328125,1205.7354736328125
MLP,556,1208.9786376953125,1206.68994140625
MLP,557,1203.347412109375,1203.1033935546875
MLP,558,1204.2318115234375,1203.0570068359375
MLP,559,1198.6448974609375,1201.8555908203125
MLP,560,1192.56884765625,1195.8585205078125
MLP,561,1186.576171875,1200.8150634765625
MLP,562,1200.4320068359375,1207.7470703125
MLP,563,1201.2752685546875,1206.135009765625
MLP,564,1203.395751953125,1208.6329345703125
MLP,565,1195.9189453125,1198.694580078125
MLP,566,1203.5009765625,1190.708251953125
MLP,567,1194.9620361328125,1189.3970947265625
MLP,568,1200.9620361328125,1204.236572265625
MLP,569,1192.4910888671875,1195.8289794921875
MLP,570,1202.3653564453125,1203.9173583984375
MLP,571,1198.5638427734375,1201.455078125
MLP,572,1203.76953125,1199.6246337890625
MLP,573,1202.6826171875,1199.6329345703125
MLP,574,1199.9678955078125,1199.66259765625
MLP,575,1200.266357421875,1197.173095703125
MLP,576,1203.226318359375,1206.3485107421875
MLP,577,1193.7099609375,1195.4564208984375
MLP,578,1195.0169677734375,1192.777587890625
MLP,579,1199.3603515625,1196.1331787109375
MLP,580,1194.19384765625,1202.4378662109375
MLP,581,1196.420654296875,1200.38427734375
MLP,582,1195.4010009765625,1200.9228515625
MLP,583,1198.6585693359375,1205.62060546875
MLP,584,1187.58056640625,1198.070068359375
MLP,585,1192.1387939453125,1194.323486328125
MLP,586,1198.48486328125,1201.5220947265625
MLP,587,1198.9962158203125,1195.4525146484375
MLP,588,1195.215087890625,1211.3997802734375
MLP,589,1190.7313232421875,1196.9820556640625
MLP,590,1199.71728515625,1195.3458251953125
MLP,591,1201.9595947265625,1198.8797607421875
MLP,592,1198.5816650390625,1198.788818359375
MLP,593,1193.9407958984375,1205.30810546875
MLP,594,1202.7403564453125,1209.4952392578125
MLP,595,1194.6771240234375,1199.0963134765625
MLP,596,1196.3238525390625,1201.4564208984375
MLP,597,1197.822509765625,1195.6279296875
MLP,598,1205.446533203125,1193.5030517578125
MLP,599,1201.847412109375,1198.573974609375
MLP,600,1200.1964111328125,1196.2843017578125
MLP,601,1191.5421142578125,1194.65625
MLP,602,1206.1712646484375,1193.8416748046875
MLP,603,1202.223388671875,1198.8267822265625
MLP,604,1199.8135986328125,1184.6884765625
MLP,605,1195.794921875,1205.7967529296875
MLP,606,1194.5758056640625,1198.00732421875
MLP,607,1190.2222900390625,1193.8211669921875
MLP,608,1201.9691162109375,1195.0235595703125
MLP,609,1193.8621826171875,1201.2607421875
MLP,610,1195.669921875,1191.9554443359375
MLP,611,1200.2685546875,1194.2890625
MLP,612,1200.267333984375,1206.509765625
MLP,613,1200.330810546875,1195.98828125
MLP,614,1200.1688232421875,1194.96337890625
MLP,615,1195.3353271484375,1197.34130859375
MLP,616,1207.2548828125,1202.106201171875
MLP,617,1192.737060546875,1196.2010498046875
MLP,618,1189.8035888671875,1198.541748046875
MLP,619,1201.5750732421875,1195.875
MLP,620,1200.517822265625,1195.2083740234375
MLP,621,1193.6680908203125,1195.7506103515625
MLP,622,1187.0390625,1212.7332763671875
MLP,623,1195.5115966796875,1206.8338623046875
MLP,624,1205.9454345703125,1204.5111083984375
MLP,625,1203.294189453125,1200.274658203125
MLP,626,1198.15283203125,1198.8280029296875
MLP,627,1197.719970703125,1196.8717041015625
MLP,628,1197.28857421875,1193.74755859375
MLP,629,1201.408447265625,1197.3973388671875
MLP,630,1189.151123046875,1201.8260498046875
MLP,631,1199.46875,1192.3590087890625
MLP,632,1204.5670166015625,1198.8363037109375
MLP,633,1199.61767578125,1199.11328125
MLP,634,1202.63330078125,1193.86865234375
MLP,635,1201.89208984375,1191.413818359375
MLP,636,1202.9490966796875,1201.6812744140625
MLP,637,1193.755859375,1204.0457763671875
MLP,638,1201.59033203125,1188.3140869140625
MLP,639,1195.653076171875,1191.3790283203125
MLP,640,1196.4632568359375,1191.7774658203125
MLP,641,1199.0452880859375,1193.3233642578125
MLP,642,1192.7550048828125,1194.321044921875
MLP,643,1192.78759765625,1198.1978759765625
MLP,644,1197.31103515625,1202.392578125
MLP,645,1191.710693359375,1197.5472412109375
MLP,646,1193.291015625,1202.385498046875
MLP,647,1190.5252685546875,1202.4322509765625
MLP,648,1197.4815673828125,1201.1051025390625
MLP,649,1196.703125,1203.2047119140625
MLP,650,1189.00146484375,1195.4808349609375
MLP,651,1190.1627197265625,1192.0517578125
MLP,652,1203.780029296875,1195.5081787109375
MLP,653,1191.6839599609375,1195.2967529296875
MLP,654,1197.546630859375,1193.32470703125
MLP,655,1194.3389892578125,1202.425537109375
MLP,656,1193.899658203125,1199.1746826171875
MLP,657,1197.035888671875,1193.7205810546875
MLP,658,1198.385009765625,1193.4056396484375
MLP,659,1190.0328369140625,1194.5623779296875
MLP,660,1198.162353515625,1201.4002685546875
MLP,661,1199.7830810546875,1196.7196044921875
MLP,662,1178.45166015625,1192.9794921875
MLP,663,1198.1875,1195.7657470703125
MLP,664,1202.8935546875,1192.928466796875
MLP,665,1192.352783203125,1199.21875
MLP,666,1199.784912109375,1189.9534912109375
MLP,667,1196.4434814453125,1187.60400390625
MLP,668,1202.43505859375,1190.6527099609375
MLP,669,1191.4947509765625,1198.7735595703125
MLP,670,1195.1201171875,1188.6400146484375
MLP,671,1193.1683349609375,1198.642333984375
MLP,672,1196.3814697265625,1191.5003662109375
MLP,673,1196.774169921875,1194.0970458984375
MLP,674,1190.61376953125,1193.9566650390625
MLP,675,1204.6285400390625,1196.98779296875
MLP,676,1200.1280517578125,1198.7169189453125
MLP,677,1195.3614501953125,1203.616943359375
MLP,678,1188.435546875,1194.707763671875
MLP,679,1193.384521484375,1198.2034912109375
MLP,680,1196.8853759765625,1189.92138671875
MLP,681,1193.308837890625,1191.8687744140625
MLP,682,1201.30517578125,1198.7391357421875
MLP,683,1199.6031494140625,1198.0340576171875
MLP,684,1195.447265625,1193.8902587890625
MLP,685,1194.343505859375,1193.8228759765625
MLP,686,1195.7567138671875,1194.168701171875
MLP,687,1199.3072509765625,1191.4619140625
MLP,688,1205.33984375,1200.9248046875
MLP,689,1193.3162841796875,1193.847900390625
MLP,690,1203.3101806640625,1193.2442626953125
MLP,691,1194.70361328125,1199.3026123046875
MLP,692,1190.530029296875,1192.0133056640625
MLP,693,1205.1397705078125,1196.3326416015625
MLP,694,1196.381103515625,1195.987548828125
MLP,695,1191.175537109375,1203.261474609375
MLP,696,1196.620849609375,1193.0345458984375
MLP,697,1192.1072998046875,1198.880859375
MLP,698,1199.520751953125,1190.3690185546875
MLP,699,1193.5677490234375,1189.5281982421875
MLP,700,1192.9716796875,1204.284912109375
MLP,701,1195.4150390625,1196.479248046875
MLP,702,1191.8487548828125,1192.404052734375
MLP,703,1198.3853759765625,1188.034423828125
MLP,704,1204.9083251953125,1194.3594970703125
MLP,705,1186.8511962890625,1201.1300048828125
MLP,706,1182.59326171875,1193.6087646484375
MLP,707,1190.3109130859375,1204.995361328125
MLP,708,1186.1026611328125,1200.382080078125
MLP,709,1186.4354248046875,1188.714111328125
MLP,710,1191.7581787109375,1186.29150390625
MLP,711,1204.6534423828125,1202.9908447265625
MLP,712,1188.048095703125,1194.478759765625
MLP,713,1198.875732421875,1194.2017822265625
MLP,714,1195.47802734375,1181.468017578125
MLP,715,1203.7232666015625,1186.412109375
MLP,716,1194.6075439453125,1197.56982421875
MLP,717,1197.2725830078125,1198.47607421875
MLP,718,1194.43408203125,1196.7349853515625
MLP,719,1198.2781982421875,1195.782470703125
MLP,720,1196.536865234375,1182.1285400390625
MLP,721,1202.3468017578125,1199.8677978515625
MLP,722,1182.4635009765625,1191.6531982421875
MLP,723,1199.1163330078125,1200.6912841796875
MLP,724,1197.8695068359375,1196.7933349609375
MLP,725,1192.0220947265625,1193.71728515625
MLP,726,1193.58447265625,1204.1085205078125
MLP,727,1189.4197998046875,1193.88330078125
MLP,728,1190.6947021484375,1196.151611328125
MLP,729,1198.114990234375,1193.508056640625
MLP,730,1199.6390380859375,1188.7210693359375
MLP,731,1191.0150146484375,1196.0006103515625
MLP,732,1192.5205078125,1195.81103515625
MLP,733,1192.232421875,1195.8299560546875
MLP,734,1201.103271484375,1193.8651123046875
MLP,735,1196.1905517578125,1189.8096923828125
MLP,736,1195.2193603515625,1194.04833984375
MLP,737,1194.55615234375,1199.934814453125
MLP,738,1185.873291015625,1192.3175048828125
MLP,739,1189.76806640625,1190.6514892578125
MLP,740,1193.5050048828125,1188.317626953125
MLP,741,1191.493896484375,1189.446044921875
MLP,742,1201.830322265625,1188.7679443359375
MLP,743,1191.816162109375,1200.3583984375
MLP,744,1193.3348388671875,1192.34228515625
MLP,745,1200.6453857421875,1195.30322265625
MLP,746,1197.27099609375,1195.3671875
MLP,747,1199.5791015625,1187.9771728515625
MLP,748,1192.899658203125,1190.8109130859375
MLP,749,1192.7061767578125,1190.67333984375
MLP,750,1186.2952880859375,1193.57080078125
MLP,751,1191.5777587890625,1194.23779296875
MLP,752,1199.937255859375,1201.190185546875
MLP,753,1192.6624755859375,1203.8594970703125
MLP,754,1201.129150390625,1198.52294921875
MLP,755,1198.304443359375,1191.8365478515625
MLP,756,1190.1129150390625,1194.1290283203125
MLP,757,1201.822509765625,1195.4674072265625
MLP,758,1194.1468505859375,1184.8358154296875
MLP,759,1191.6295166015625,1190.67236328125
MLP,760,1188.9605712890625,1195.0560302734375
MLP,761,1190.5003662109375,1202.03515625
MLP,762,1197.9970703125,1195.808349609375
MLP,763,1185.8675537109375,1190.27001953125
MLP,764,1189.8863525390625,1197.349365234375
MLP,765,1185.517578125,1193.8896484375
MLP,766,1194.368408203125,1203.6177978515625
MLP,767,1194.8331298828125,1195.89306640625
MLP,768,1197.04345703125,1195.8348388671875
MLP,769,1196.401611328125,1179.8472900390625
MLP,770,1192.746826171875,1198.2576904296875
MLP,771,1187.139892578125,1186.55224609375
MLP,772,1193.204833984375,1202.2518310546875
MLP,773,1193.8663330078125,1199.53125
MLP,774,1194.2376708984375,1189.7850341796875
MLP,775,1192.65234375,1184.41064453125
MLP,776,1193.0377197265625,1195.1224365234375
MLP,777,1190.847900390625,1191.3809814453125
MLP,778,1194.8228759765625,1191.5126953125
MLP,779,1193.989013671875,1191.0633544921875
MLP,780,1196.016357421875,1193.62158203125
MLP,781,1190.9248046875,1196.736328125
MLP,782,1189.7315673828125,1199.6904296875
MLP,783,1187.1435546875,1192.766357421875
MLP,784,1180.642578125,1192.800048828125
MLP,785,1198.9842529296875,1199.42236328125
MLP,786,1195.537841796875,1181.855224609375
MLP,787,1186.028076171875,1195.420654296875
MLP,788,1193.8740234375,1192.527587890625
MLP,789,1189.7655029296875,1193.7215576171875
MLP,790,1193.89599609375,1193.3515625
MLP,791,1196.245849609375,1186.1937255859375
MLP,792,1186.78857421875,1189.193359375
MLP,793,1203.61083984375,1195.14453125
MLP,794,1190.0084228515625,1196.8641357421875
MLP,795,1191.371826171875,1190.552001953125
MLP,796,1185.5457763671875,1193.8211669921875
MLP,797,1195.2435302734375,1197.169921875
MLP,798,1194.4171142578125,1191.88671875
MLP,799,1191.443115234375,1201.7783203125
MLP,800,1200.6866455078125,1194.985107421875
MLP,801,1196.321533203125,1187.73486328125
MLP,802,1201.8349609375,1192.78076171875
MLP,803,1186.3770751953125,1186.4869384765625
MLP,804,1190.3419189453125,1201.1236572265625
MLP,805,1187.548095703125,1192.2283935546875
MLP,806,1190.685791015625,1192.8145751953125
MLP,807,1193.1925048828125,1201.423583984375
MLP,808,1198.362548828125,1193.498291015625
MLP,809,1189.0032958984375,1190.276611328125
MLP,810,1185.8463134765625,1183.1348876953125
MLP,811,1188.002197265625,1195.4853515625
MLP,812,1196.3245849609375,1190.0860595703125
MLP,813,1196.14306640625,1188.81982421875
MLP,814,1189.541259765625,1188.7332763671875
MLP,815,1184.560302734375,1198.3447265625
MLP,816,1195.8721923828125,1193.1610107421875
MLP,817,1185.3975830078125,1192.5147705078125
MLP,818,1197.95263671875,1198.49658203125
MLP,819,1186.1995849609375,1189.886962890625
MLP,820,1192.8966064453125,1190.5628662109375
MLP,821,1192.416748046875,1199.5675048828125
MLP,822,1195.34326171875,1180.018310546875
MLP,823,1183.2608642578125,1185.9622802734375
MLP,824,1186.17041015625,1191.5782470703125
MLP,825,1188.8653564453125,1193.8076171875
MLP,826,1186.541748046875,1194.0
MLP,827,1191.4630126953125,1190.6361083984375
MLP,828,1193.3941650390625,1193.3446044921875
MLP,829,1190.1900634765625,1189.755126953125
MLP,830,1193.74072265625,1199.915771484375
MLP,831,1194.9903564453125,1192.6251220703125
MLP,832,1186.587890625,1190.359375
MLP,833,1192.708984375,1194.590576171875
MLP,834,1184.1058349609375,1189.7965087890625
MLP,835,1189.927001953125,1187.3245849609375
MLP,836,1191.35107421875,1185.3143310546875
MLP,837,1191.693359375,1198.39404296875
MLP,838,1193.2239990234375,1187.4007568359375
MLP,839,1190.01708984375,1194.6143798828125
MLP,840,1184.030029296875,1187.6302490234375
MLP,841,1195.923583984375,1186.73828125
MLP,842,1199.8370361328125,1190.4644775390625
MLP,843,1182.089599609375,1186.8995361328125
MLP,844,1191.162353515625,1179.9500732421875
MLP,845,1186.443115234375,1181.9029541015625
MLP,846,1195.6578369140625,1196.3778076171875
MLP,847,1188.3409423828125,1198.176513671875
MLP,848,1191.0306396484375,1201.841796875
MLP,849,1189.861572265625,1190.037109375
MLP,850,1188.622802734375,1189.152587890625
MLP,851,1182.0638427734375,1190.01904296875
MLP,852,1196.830810546875,1191.6640625
MLP,853,1199.9288330078125,1192.94580078125
MLP,854,1194.0736083984375,1202.7021484375
MLP,855,1192.350830078125,1188.1923828125
MLP,856,1193.2816162109375,1190.0008544921875
MLP,857,1180.5428466796875,1192.539794921875
MLP,858,1193.9083251953125,1180.7265625
MLP,859,1185.2078857421875,1187.5250244140625
MLP,860,1191.5850830078125,1190.8258056640625
MLP,861,1195.3095703125,1189.0440673828125
MLP,862,1185.8472900390625,1199.124755859375
MLP,863,1185.7945556640625,1200.4632568359375
MLP,864,1185.652587890625,1182.161865234375
MLP,865,1181.415771484375,1190.298828125
MLP,866,1191.603271484375,1197.536376953125
MLP,867,1191.8935546875,1193.0888671875
MLP,868,1187.488525390625,1182.6590576171875
MLP,869,1190.036376953125,1193.2220458984375
MLP,870,1203.5218505859375,1197.016357421875
MLP,871,1189.239501953125,1192.8260498046875
MLP,872,1184.8765869140625,1196.1864013671875
MLP,873,1193.2518310546875,1179.391357421875
MLP,874,1188.5006103515625,1182.97705078125
MLP,875,1191.3538818359375,1190.1416015625
MLP,876,1195.843017578125,1186.104248046875
MLP,877,1198.824951171875,1187.213623046875
MLP,878,1189.9844970703125,1183.007568359375
MLP,879,1199.8968505859375,1188.2838134765625
MLP,880,1189.0438232421875,1187.3272705078125
MLP,881,1202.593017578125,1184.5609130859375
MLP,882,1190.2012939453125,1187.4410400390625
MLP,883,1187.0318603515625,1177.6328125
MLP,884,1194.814208984375,1184.947021484375
MLP,885,1189.6619873046875,1184.722900390625
MLP,886,1187.93896484375,1197.55859375
MLP,887,1198.157958984375,1188.4482421875
MLP,888,1176.006103515625,1192.591552734375
MLP,889,1191.8095703125,1188.8790283203125
MLP,890,1182.0526123046875,1193.7965087890625
MLP,891,1176.7950439453125,1192.0517578125
MLP,892,1191.6192626953125,1189.1292724609375
MLP,893,1191.1893310546875,1190.2587890625
MLP,894,1193.598388671875,1199.381591796875
MLP,895,1187.7353515625,1185.610107421875
MLP,896,1185.117919921875,1191.2718505859375
MLP,897,1187.9188232421875,1192.2618408203125
MLP,898,1196.635009765625,1188.822509765625
MLP,899,1200.2666015625,1183.4923095703125
MLP,900,1192.3388671875,1189.174072265625
MLP,901,1191.99658203125,1180.36328125
MLP,902,1184.5565185546875,1196.1610107421875
MLP,903,1183.237060546875,1189.15966796875
MLP,904,1188.849609375,1189.607421875
MLP,905,1187.0263671875,1194.227783203125
MLP,906,1181.039794921875,1185.802734375
MLP,907,1178.3363037109375,1194.7445068359375
MLP,908,1189.1588134765625,1179.4190673828125
MLP,909,1196.653564453125,1189.572021484375
MLP,910,1195.30908203125,1181.1815185546875
MLP,911,1186.3837890625,1184.8988037109375
MLP,912,1194.158203125,1187.4552001953125
MLP,913,1188.8370361328125,1201.1630859375
MLP,914,1186.921875,1187.63134765625
MLP,915,1191.6578369140625,1189.294189453125
MLP,916,1179.27783203125,1187.560302734375
MLP,917,1190.4439697265625,1181.2518310546875
MLP,918,1188.62158203125,1184.3641357421875
MLP,919,1185.7587890625,1185.97412109375
MLP,920,1200.1072998046875,1191.165771484375
MLP,921,1182.55322265625,1188.7904052734375
MLP,922,1191.3466796875,1190.4739990234375
MLP,923,1182.9560546875,1190.13134765625
MLP,924,1193.187255859375,1192.3878173828125
MLP,925,1187.7921142578125,1188.9378662109375
MLP,926,1186.2850341796875,1198.69189453125
MLP,927,1194.1192626953125,1196.2352294921875
MLP,928,1190.2423095703125,1185.6326904296875
MLP,929,1185.599853515625,1193.7855224609375
MLP,930,1184.79638671875,1191.5802001953125
MLP,931,1193.0908203125,1180.3560791015625
MLP,932,1187.99609375,1182.537109375
MLP,933,1188.051513671875,1191.3740234375
MLP,934,1185.860107421875,1201.018310546875
MLP,935,1182.5843505859375,1193.146728515625
MLP,936,1192.60009765625,1184.2147216796875
MLP,937,1181.97265625,1186.6263427734375
MLP,938,1188.0772705078125,1181.128662109375
MLP,939,1181.2835693359375,1187.8280029296875
MLP,940,1190.176513671875,1191.5506591796875
MLP,941,1194.3482666015625,1187.6732177734375
MLP,942,1186.2144775390625,1185.363037109375
MLP,943,1191.499755859375,1191.3157958984375
MLP,944,1193.6683349609375,1176.4532470703125
MLP,945,1184.6739501953125,1186.76025390625
MLP,946,1189.4434814453125,1186.01806640625
MLP,947,1200.872314453125,1184.7972412109375
MLP,948,1186.2635498046875,1191.6898193359375
MLP,949,1181.9222412109375,1191.937255859375
MLP,950,1191.3663330078125,1184.4200439453125
MLP,951,1182.3907470703125,1187.9840087890625
MLP,952,1179.7689208984375,1186.707763671875
MLP,953,1190.8970947265625,1192.5736083984375
MLP,954,1192.69140625,1191.0416259765625
MLP,955,1185.3623046875,1184.6241455078125
MLP,956,1192.1102294921875,1186.35986328125
MLP,957,1192.45361328125,1192.7684326171875
MLP,958,1174.697998046875,1190.7705078125
MLP,959,1187.016845703125,1188.578857421875
MLP,960,1189.7430419921875,1189.060791015625
MLP,961,1185.3863525390625,1198.01025390625
MLP,962,1192.596435546875,1195.3941650390625
MLP,963,1189.4945068359375,1190.06298828125
MLP,964,1195.5572509765625,1187.1328125
MLP,965,1176.2427978515625,1182.4405517578125
MLP,966,1182.8780517578125,1180.0740966796875
MLP,967,1185.13427734375,1183.4503173828125
MLP,968,1192.2457275390625,1183.267822265625
MLP,969,1185.4832763671875,1178.3192138671875
MLP,970,1195.500732421875,1187.698974609375
MLP,971,1186.2655029296875,1190.3050537109375
MLP,972,1185.654541015625,1179.058837890625
MLP,973,1192.142333984375,1195.64501953125
MLP,974,1187.9141845703125,1189.5933837890625
MLP,975,1192.789794921875,1188.712646484375
MLP,976,1193.617919921875,1184.9307861328125
MLP,977,1186.8245849609375,1184.985107421875
MLP,978,1185.870849609375,1183.9541015625
MLP,979,1184.5665283203125,1186.716552734375
MLP,980,1183.572509765625,1180.0286865234375
MLP,981,1189.60498046875,1191.8291015625
MLP,982,1191.8583984375,1188.2447509765625
MLP,983,1188.7510986328125,1178.5123291015625
MLP,984,1186.2777099609375,1188.3905029296875
MLP,985,1190.9013671875,1199.4595947265625
MLP,986,1184.3990478515625,1180.568359375
MLP,987,1180.469970703125,1190.9210205078125
MLP,988,1182.2310791015625,1174.4381103515625
MLP,989,1190.07177734375,1192.27099609375
MLP,990,1178.12255859375,1186.3192138671875
MLP,991,1192.697509765625,1184.5234375
MLP,992,1186.7890625,1185.5142822265625
MLP,993,1192.6527099609375,1194.4774169921875
MLP,994,1187.4996337890625,1186.564697265625
MLP,995,1184.821533203125,1187.1129150390625
MLP,996,1192.2698974609375,1187.1785888671875
MLP,997,1184.8863525390625,1182.7342529296875
MLP,998,1182.4345703125,1185.943359375
MLP,999,1189.4564208984375,1199.024658203125
MLP,1000,1183.3870849609375,1185.97607421875
MLP,1001,1191.912841796875,1191.829345703125
MLP,1002,1188.7333984375,1190.1810302734375
MLP,1003,1182.89306640625,1183.116455078125
MLP,1004,1190.198486328125,1192.1419677734375
MLP,1005,1183.5098876953125,1190.7620849609375
MLP,1006,1198.374267578125,1184.5321044921875
MLP,1007,1185.787353515625,1189.5599365234375
MLP,1008,1183.7545166015625,1188.67529296875
MLP,1009,1192.0450439453125,1187.551513671875
MLP,1010,1191.3048095703125,1194.5487060546875
MLP,1011,1182.646240234375,1181.85791015625
MLP,1012,1185.833251953125,1183.4246826171875
MLP,1013,1181.7935791015625,1193.2003173828125
MLP,1014,1185.09326171875,1182.3941650390625
MLP,1015,1191.9222412109375,1190.029296875
MLP,1016,1191.542236328125,1183.4100341796875
MLP,1017,1194.469970703125,1191.0335693359375
MLP,1018,1177.6690673828125,1194.3792724609375
MLP,1019,1185.85205078125,1187.587158203125
MLP,1020,1202.0325927734375,1190.4927978515625
MLP,1021,1191.60546875,1185.62158203125
MLP,1022,1192.4552001953125,1186.0860595703125
MLP,1023,1181.467041015625,1195.1875
MLP,1024,1185.436279296875,1188.327392578125
MLP,1025,1196.520751953125,1183.040771484375
MLP,1026,1180.6865234375,1193.1883544921875
MLP,1027,1190.73583984375,1185.8177490234375
MLP,1028,1190.7174072265625,1175.7894287109375
MLP,1029,1188.8135986328125,1186.5823974609375
MLP,1030,1191.1395263671875,1190.798095703125
MLP,1031,1182.3876953125,1182.27294921875
MLP,1032,1192.4073486328125,1185.4107666015625
MLP,1033,1180.94921875,1190.2882080078125
MLP,1034,1186.57958984375,1184.23974609375
MLP,1035,1192.126953125,1183.0462646484375
MLP,1036,1184.9102783203125,1191.4813232421875
MLP,1037,1185.7864990234375,1177.1407470703125
MLP,1038,1188.5552978515625,1185.1925048828125
MLP,1039,1184.4683837890625,1189.64306640625
MLP,1040,1176.152587890625,1189.241455078125
MLP,1041,1184.8250732421875,1192.14404296875
MLP,1042,1179.255126953125,1179.1932373046875
MLP,1043,1183.9598388671875,1197.209716796875
MLP,1044,1183.5516357421875,1182.2158203125
MLP,1045,1191.222412109375,1184.159912109375
MLP,1046,1182.0316162109375,1178.0111083984375
MLP,1047,1187.19677734375,1185.64990234375
MLP,1048,1185.893310546875,1192.167236328125
MLP,1049,1178.0040283203125,1192.915771484375
MLP,1050,1194.2193603515625,1196.570556640625
MLP,1051,1185.4208984375,1178.3404541015625
MLP,1052,1190.279052734375,1181.4805908203125
MLP,1053,1183.444091796875,1184.060546875
MLP,1054,1179.35888671875,1188.8277587890625
MLP,1055,1188.789794921875,1193.5341796875
MLP,1056,1185.6383056640625,1189.1175537109375
MLP,1057,1184.2152099609375,1186.674560546875
MLP,1058,1183.9796142578125,1192.749267578125
MLP,1059,1183.371337890625,1184.848876953125
MLP,1060,1184.9703369140625,1176.26025390625
MLP,1061,1192.3863525390625,1186.4190673828125
MLP,1062,1189.7642822265625,1177.197998046875
MLP,1063,1189.2327880859375,1181.3363037109375
MLP,1064,1186.9075927734375,1185.6778564453125
MLP,1065,1182.56005859375,1190.0703125
MLP,1066,1184.786865234375,1184.67626953125
MLP,1067,1182.146484375,1181.4410400390625
MLP,1068,1184.6025390625,1191.589111328125
MLP,1069,1184.016845703125,1194.22412109375
MLP,1070,1182.1842041015625,1179.04150390625
MLP,1071,1187.1578369140625,1184.9281005859375
MLP,1072,1183.763916015625,1179.4105224609375
MLP,1073,1193.4503173828125,1185.16748046875
MLP,1074,1183.90087890625,1195.53662109375
MLP,1075,1189.716796875,1184.7255859375
MLP,1076,1182.6082763671875,1182.9605712890625
MLP,1077,1182.06787109375,1188.2265625
MLP,1078,1177.4522705078125,1188.45458984375
MLP,1079,1194.3184814453125,1194.3250732421875
MLP,1080,1186.8558349609375,1185.363525390625
MLP,1081,1192.758544921875,1169.3682861328125
MLP,1082,1187.643798828125,1186.151123046875
MLP,1083,1175.822021484375,1182.2193603515625
MLP,1084,1182.7469482421875,1186.641845703125
MLP,1085,1190.182861328125,1184.7308349609375
MLP,1086,1182.78955078125,1183.184326171875
MLP,1087,1182.0772705078125,1186.466064453125
MLP,1088,1186.16357421875,1186.1697998046875
MLP,1089,1188.0238037109375,1183.246337890625
MLP,1090,1183.9827880859375,1189.197998046875
MLP,1091,1174.5152587890625,1179.7305908203125
MLP,1092,1184.7470703125,1187.7005615234375
MLP,1093,1187.666748046875,1185.5260009765625
MLP,1094,1183.758544921875,1183.9464111328125
MLP,1095,1185.026611328125,1186.70263671875
MLP,1096,1189.0235595703125,1186.9561767578125
MLP,1097,1182.2615966796875,1177.842529296875
MLP,1098,1184.6256103515625,1188.150390625
MLP,1099,1182.4210205078125,1185.9808349609375
MLP,1100,1190.7225341796875,1177.9781494140625
MLP,1101,1175.9205322265625,1189.5235595703125
MLP,1102,1182.502197265625,1191.6170654296875
MLP,1103,1174.9466552734375,1190.51611328125
MLP,1104,1188.9468994140625,1176.9427490234375
MLP,1105,1177.0125732421875,1191.4669189453125
MLP,1106,1186.144775390625,1177.310546875
MLP,1107,1181.8001708984375,1182.15576171875
MLP,1108,1181.810546875,1190.828125
MLP,1109,1176.7647705078125,1183.9696044921875
MLP,1110,1182.6363525390625,1184.1158447265625
MLP,1111,1177.8460693359375,1184.5770263671875
MLP,1112,1184.226318359375,1174.130615234375
MLP,1113,1181.204345703125,1183.1383056640625
MLP,1114,1179.0430908203125,1192.040283203125
MLP,1115,1183.6644287109375,1188.48095703125
MLP,1116,1181.197021484375,1192.1287841796875
MLP,1117,1183.7196044921875,1192.070556640625
MLP,1118,1182.1466064453125,1188.0238037109375
MLP,1119,1176.387939453125,1189.2110595703125
MLP,1120,1190.3797607421875,1173.9664306640625
MLP,1121,1189.8382568359375,1180.4688720703125
MLP,1122,1177.8873291015625,1181.325439453125
MLP,1123,1176.47509765625,1185.5291748046875
MLP,1124,1185.1185302734375,1185.4202880859375
MLP,1125,1190.5693359375,1184.38623046875
MLP,1126,1173.394287109375,1184.0245361328125
MLP,1127,1174.944580078125,1181.8797607421875
MLP,1128,1182.375,1184.0458984375
MLP,1129,1185.5404052734375,1180.4052734375
MLP,1130,1191.5025634765625,1182.4588623046875
MLP,1131,1176.5870361328125,1171.6123046875
MLP,1132,1188.8765869140625,1185.0181884765625
MLP,1133,1186.79736328125,1187.64501953125
MLP,1134,1182.296630859375,1185.279296875
MLP,1135,1184.758056640625,1175.20849609375
MLP,1136,1185.9654541015625,1184.6129150390625
MLP,1137,1179.777587890625,1184.236572265625
MLP,1138,1182.21875,1184.9591064453125
MLP,1139,1184.541015625,1188.6864013671875
MLP,1140,1176.9808349609375,1179.1480712890625
MLP,1141,1191.3475341796875,1186.1402587890625
MLP,1142,1185.5234375,1179.5487060546875
MLP,1143,1188.298583984375,1177.7730712890625
MLP,1144,1177.4490966796875,1185.0333251953125
MLP,1145,1187.96826171875,1178.95361328125
MLP,1146,1185.3255615234375,1182.7344970703125
MLP,1147,1186.78564453125,1183.8385009765625
MLP,1148,1173.1090087890625,1181.8050537109375
MLP,1149,1183.204833984375,1179.5390625
MLP,1150,1188.026611328125,1179.613037109375
MLP,1151,1180.8436279296875,1188.1055908203125
MLP,1152,1185.7010498046875,1183.2891845703125
MLP,1153,1193.674560546875,1189.68017578125
MLP,1154,1183.551025390625,1190.5665283203125
MLP,1155,1177.726318359375,1187.8778076171875
MLP,1156,1185.289794921875,1180.9947509765625
MLP,1157,1185.3475341796875,1183.5517578125
MLP,1158,1181.7115478515625,1189.5369873046875
MLP,1159,1179.7537841796875,1193.30810546875
MLP,1160,1178.758056640625,1183.0777587890625
MLP,1161,1188.07958984375,1183.9185791015625
MLP,1162,1184.685546875,1182.641357421875
MLP,1163,1182.255615234375,1191.12646484375
MLP,1164,1175.0777587890625,1177.5135498046875
MLP,1165,1187.916748046875,1186.4010009765625
MLP,1166,1194.8631591796875,1183.2933349609375
MLP,1167,1180.3173828125,1190.74755859375
MLP,1168,1177.51513671875,1185.64111328125
MLP,1169,1185.532470703125,1188.3782958984375
MLP,1170,1181.0902099609375,1172.7335205078125
MLP,1171,1185.2625732421875,1181.3570556640625
MLP,1172,1197.45556640625,1178.785888671875
MLP,1173,1186.517578125,1192.2294921875
MLP,1174,1182.2301025390625,1193.7744140625
MLP,1175,1174.9183349609375,1190.2952880859375
MLP,1176,1172.2630615234375,1184.4649658203125
MLP,1177,1180.2730712890625,1183.4111328125
MLP,1178,1185.0982666015625,1175.1175537109375
MLP,1179,1184.906982421875,1193.7291259765625
MLP,1180,1178.520751953125,1186.735595703125
MLP,1181,1176.6619873046875,1174.6943359375
MLP,1182,1181.198486328125,1189.2550048828125
MLP,1183,1184.6885986328125,1184.0855712890625
MLP,1184,1185.0599365234375,1178.4500732421875
MLP,1185,1179.7017822265625,1191.215087890625
MLP,1186,1179.288330078125,1175.0028076171875
MLP,1187,1183.0662841796875,1183.4913330078125
MLP,1188,1188.4493408203125,1176.483154296875
MLP,1189,1184.1053466796875,1183.2098388671875
MLP,1190,1177.57958984375,1188.669189453125
MLP,1191,1184.13134765625,1177.9720458984375
MLP,1192,1183.3756103515625,1183.600830078125
MLP,1193,1175.9560546875,1185.0477294921875
MLP,1194,1181.377197265625,1194.109375
MLP,1195,1196.7763671875,1185.0216064453125
MLP,1196,1180.863037109375,1185.2344970703125
MLP,1197,1181.87353515625,1184.3028564453125
MLP,1198,1183.5286865234375,1172.7757568359375
MLP,1199,1181.4766845703125,1173.167236328125
MLP,1200,1188.2327880859375,1186.6605224609375
MLP,1201,1175.2760009765625,1185.605712890625
MLP,1202,1189.5462646484375,1187.0687255859375
MLP,1203,1193.794677734375,1181.5181884765625
MLP,1204,1191.1383056640625,1190.989501953125
MLP,1205,1190.06591796875,1182.8681640625
MLP,1206,1174.319091796875,1184.35107421875
MLP,1207,1182.059326171875,1175.40576171875
MLP,1208,1177.04296875,1188.41455078125
MLP,1209,1168.7825927734375,1179.092041015625
MLP,1210,1188.9873046875,1185.8306884765625
MLP,1211,1186.6519775390625,1174.269287109375
MLP,1212,1186.4444580078125,1182.2728271484375
MLP,1213,1195.874267578125,1181.636962890625
MLP,1214,1185.580322265625,1185.9322509765625
MLP,1215,1189.805419921875,1170.8358154296875
MLP,1216,1178.1806640625,1183.6151123046875
MLP,1217,1182.9691162109375,1187.64111328125
MLP,1218,1181.8414306640625,1179.71044921875
MLP,1219,1190.103515625,1181.40478515625
MLP,1220,1192.0621337890625,1171.0166015625
MLP,1221,1186.9356689453125,1185.81982421875
MLP,1222,1177.508056640625,1177.123046875
MLP,1223,1187.89111328125,1185.2716064453125
MLP,1224,1173.8974609375,1189.2098388671875
MLP,1225,1185.1839599609375,1177.4815673828125
MLP,1226,1186.458984375,1176.6490478515625
MLP,1227,1184.238525390625,1183.924072265625
MLP,1228,1180.5281982421875,1183.8172607421875
MLP,1229,1180.217529296875,1179.9569091796875
MLP,1230,1192.4039306640625,1181.378662109375
MLP,1231,1181.19482421875,1179.4775390625
MLP,1232,1180.3687744140625,1184.3372802734375
MLP,1233,1180.413330078125,1174.4210205078125
MLP,1234,1175.6361083984375,1187.520263671875
MLP,1235,1184.564697265625,1184.310546875
MLP,1236,1185.9903564453125,1189.6527099609375
MLP,1237,1185.9801025390625,1179.8526611328125
MLP,1238,1176.2154541015625,1183.9476318359375
MLP,1239,1187.0760498046875,1182.7489013671875
MLP,1240,1183.55224609375,1176.252197265625
MLP,1241,1180.17724609375,1171.7958984375
MLP,1242,1182.2144775390625,1180.9281005859375
MLP,1243,1185.389404296875,1179.947509765625
MLP,1244,1192.1058349609375,1177.58154296875
MLP,1245,1181.51025390625,1187.610107421875
MLP,1246,1175.798583984375,1178.298583984375
MLP,1247,1181.27099609375,1184.1627197265625
MLP,1248,1187.198974609375,1178.6141357421875
MLP,1249,1182.1708984375,1181.529541015625
MLP,1250,1182.6885986328125,1175.0693359375
MLP,1251,1181.804931640625,1175.9796142578125
MLP,1252,1179.9866943359375,1178.99853515625
MLP,1253,1191.47998046875,1172.943115234375
MLP,1254,1180.2972412109375,1178.59765625
MLP,1255,1180.2835693359375,1176.0985107421875
MLP,1256,1185.6302490234375,1189.446044921875
MLP,1257,1178.0859375,1179.6103515625
MLP,1258,1183.8260498046875,1189.1822509765625
MLP,1259,1184.602783203125,1180.7000732421875
MLP,1260,1187.7962646484375,1182.00244140625
MLP,1261,1190.9129638671875,1180.822998046875
MLP,1262,1185.138671875,1187.089599609375
MLP,1263,1180.6053466796875,1181.6002197265625
MLP,1264,1179.821044921875,1173.201171875
MLP,1265,1173.96875,1178.089111328125
MLP,1266,1188.06884765625,1191.19677734375
MLP,1267,1184.259033203125,1188.001953125
MLP,1268,1176.1640625,1185.2259521484375
MLP,1269,1183.49951171875,1181.6463623046875
MLP,1270,1179.42626953125,1180.0133056640625
MLP,1271,1188.529052734375,1183.3665771484375
MLP,1272,1177.912109375,1183.1248779296875
MLP,1273,1185.29150390625,1181.896728515625
MLP,1274,1188.99072265625,1180.811279296875
MLP,1275,1178.9217529296875,1187.2197265625
MLP,1276,1184.5416259765625,1179.73876953125
MLP,1277,1183.97998046875,1176.5673828125
MLP,1278,1177.6937255859375,1183.505615234375
MLP,1279,1186.3916015625,1186.1378173828125
MLP,1280,1183.072265625,1186.663818359375
MLP,1281,1180.4857177734375,1182.2955322265625
MLP,1282,1187.884765625,1180.6119384765625
MLP,1283,1169.85791015625,1180.651611328125
MLP,1284,1176.6781005859375,1179.7825927734375
MLP,1285,1178.62744140625,1189.2838134765625
MLP,1286,1182.5433349609375,1182.673095703125
MLP,1287,1180.5439453125,1175.384765625
MLP,1288,1186.9041748046875,1184.91162109375
MLP,1289,1178.580078125,1175.3902587890625
MLP,1290,1182.2427978515625,1185.21484375
MLP,1291,1193.701904296875,1177.057861328125
MLP,1292,1184.06689453125,1177.5965576171875
MLP,1293,1185.268798828125,1183.8389892578125
MLP,1294,1179.9593505859375,1186.1192626953125
MLP,1295,1189.796630859375,1180.7685546875
MLP,1296,1182.0390625,1180.8419189453125
MLP,1297,1175.8052978515625,1174.4815673828125
MLP,1298,1189.1905517578125,1183.9189453125
MLP,1299,1175.0169677734375,1187.006591796875
MLP,1300,1171.1939697265625,1182.5313720703125
MLP,1301,1179.2882080078125,1177.04052734375
MLP,1302,1180.682861328125,1182.5677490234375
MLP,1303,1177.84228515625,1178.1124267578125
MLP,1304,1180.380615234375,1176.1319580078125
MLP,1305,1184.9989013671875,1181.418212890625
MLP,1306,1184.7447509765625,1177.15283203125
MLP,1307,1178.447265625,1175.85986328125
MLP,1308,1187.78271484375,1176.729248046875
MLP,1309,1184.73486328125,1183.006591796875
MLP,1310,1181.5189208984375,1191.568603515625
MLP,1311,1177.7724609375,1182.8406982421875
MLP,1312,1184.7984619140625,1177.668212890625
MLP,1313,1187.6700439453125,1185.101318359375
MLP,1314,1183.78076171875,1181.35595703125
MLP,1315,1179.2491455078125,1175.2900390625
MLP,1316,1187.6053466796875,1181.7540283203125
MLP,1317,1174.465087890625,1184.2880859375
MLP,1318,1173.10400390625,1175.475830078125
MLP,1319,1181.9595947265625,1176.4996337890625
MLP,1320,1179.9315185546875,1184.5804443359375
MLP,1321,1178.6741943359375,1186.277099609375
MLP,1322,1190.2705078125,1180.9097900390625
MLP,1323,1185.9207763671875,1175.81005859375
MLP,1324,1185.814697265625,1191.4580078125
MLP,1325,1167.3975830078125,1179.40478515625
MLP,1326,1182.4051513671875,1179.135498046875
MLP,1327,1185.399169921875,1183.7547607421875
MLP,1328,1173.339111328125,1184.3623046875
MLP,1329,1183.5535888671875,1182.602294921875
MLP,1330,1181.97802734375,1186.884521484375
MLP,1331,1185.331298828125,1177.320068359375
MLP,1332,1177.5572509765625,1183.4613037109375
MLP,1333,1171.24951171875,1174.2576904296875
MLP,1334,1175.19140625,1181.2418212890625
MLP,1335,1188.0147705078125,1185.704345703125
MLP,1336,1181.767333984375,1182.6531982421875
MLP,1337,1179.0767822265625,1180.4459228515625
MLP,1338,1180.0301513671875,1167.8438720703125
MLP,1339,1177.1904296875,1189.1717529296875
MLP,1340,1181.498046875,1184.455810546875
MLP,1341,1180.130859375,1183.1263427734375
MLP,1342,1189.7196044921875,1169.941162109375
MLP,1343,1173.7840576171875,1184.405517578125
MLP,1344,1176.5465087890625,1185.7628173828125
MLP,1345,1178.9443359375,1180.206298828125
MLP,1346,1186.3353271484375,1177.3526611328125
MLP,1347,1175.9949951171875,1174.8031005859375
MLP,1348,1180.1885986328125,1188.3287353515625
MLP,1349,1173.73876953125,1182.311767578125
MLP,1350,1184.67529296875,1184.4195556640625
MLP,1351,1181.6845703125,1183.1046142578125
MLP,1352,1172.486572265625,1178.3990478515625
MLP,1353,1175.677734375,1173.5517578125
MLP,1354,1191.285400390625,1185.1048583984375
MLP,1355,1187.519775390625,1183.791748046875
MLP,1356,1183.0538330078125,1176.6993408203125
MLP,1357,1185.101806640625,1178.4473876953125
MLP,1358,1181.0323486328125,1186.276123046875
MLP,1359,1179.76416015625,1181.3585205078125
MLP,1360,1179.6075439453125,1183.224609375
MLP,1361,1186.8341064453125,1182.7537841796875
MLP,1362,1177.777099609375,1188.2493896484375
MLP,1363,1183.31689453125,1182.7567138671875
MLP,1364,1184.237060546875,1178.8121337890625
MLP,1365,1188.0343017578125,1173.3455810546875
MLP,1366,1185.716796875,1176.72607421875
MLP,1367,1177.69091796875,1175.0565185546875
MLP,1368,1189.746826171875,1180.1927490234375
MLP,1369,1186.8515625,1178.572265625
MLP,1370,1171.831298828125,1176.1568603515625
MLP,1371,1171.628662109375,1186.18701171875
MLP,1372,1177.2408447265625,1169.1358642578125
MLP,1373,1179.4815673828125,1176.0867919921875
MLP,1374,1167.8212890625,1180.9375
MLP,1375,1186.3592529296875,1177.6273193359375
MLP,1376,1183.1895751953125,1180.2845458984375
MLP,1377,1192.3270263671875,1186.3485107421875
MLP,1378,1186.349365234375,1168.2757568359375
MLP,1379,1190.2921142578125,1169.5526123046875
MLP,1380,1174.9920654296875,1180.3092041015625
MLP,1381,1182.1053466796875,1180.0823974609375
MLP,1382,1185.58837890625,1184.8587646484375
MLP,1383,1180.9100341796875,1180.19482421875
MLP,1384,1174.6640625,1196.706787109375
MLP,1385,1187.324462890625,1184.0684814453125
MLP,1386,1175.5062255859375,1177.6358642578125
MLP,1387,1181.2174072265625,1180.1395263671875
MLP,1388,1166.7557373046875,1175.151611328125
MLP,1389,1186.2158203125,1180.637451171875
MLP,1390,1179.1141357421875,1187.248291015625
MLP,1391,1185.284423828125,1184.45751953125
MLP,1392,1176.6920166015625,1181.79736328125
MLP,1393,1182.903564453125,1174.4332275390625
MLP,1394,1186.6143798828125,1174.318115234375
MLP,1395,1187.0191650390625,1177.8095703125
MLP,1396,1181.53076171875,1188.3553466796875
MLP,1397,1181.8485107421875,1184.434326171875
MLP,1398,1180.0648193359375,1190.56298828125
MLP,1399,1179.0003662109375,1179.112548828125
MLP,1400,1187.8603515625,1176.3170166015625
MLP,1401,1178.0748291015625,1179.124267578125
MLP,1402,1179.836669921875,1179.50927734375
MLP,1403,1193.2320556640625,1181.749267578125
MLP,1404,1176.0560302734375,1183.092529296875
MLP,1405,1178.86376953125,1184.2728271484375
MLP,1406,1182.89453125,1173.6490478515625
MLP,1407,1172.8160400390625,1181.0460205078125
MLP,1408,1179.9444580078125,1181.264404296875
MLP,1409,1181.925048828125,1181.1365966796875
MLP,1410,1179.394775390625,1180.556396484375
MLP,1411,1184.46923828125,1180.538818359375
MLP,1412,1178.3348388671875,1169.768310546875
MLP,1413,1178.025634765625,1181.87451171875
MLP,1414,1172.51806640625,1180.322509765625
MLP,1415,1170.427734375,1182.4005126953125
MLP,1416,1179.7542724609375,1181.027587890625
MLP,1417,1179.618408203125,1183.65625
MLP,1418,1174.8162841796875,1179.80810546875
MLP,1419,1179.1746826171875,1174.75244140625
MLP,1420,1172.8448486328125,1180.5338134765625
MLP,1421,1188.163818359375,1189.740234375
MLP,1422,1171.4434814453125,1182.965087890625
MLP,1423,1183.40625,1179.863525390625
MLP,1424,1183.603271484375,1180.414306640625
MLP,1425,1179.1815185546875,1180.1341552734375
MLP,1426,1183.5037841796875,1183.642333984375
MLP,1427,1180.7528076171875,1174.98681640625
MLP,1428,1168.7235107421875,1175.6004638671875
MLP,1429,1176.20556640625,1173.55615234375
MLP,1430,1175.8212890625,1173.2005615234375
MLP,1431,1173.1849365234375,1178.5406494140625
MLP,1432,1181.45556640625,1176.288818359375
MLP,1433,1182.6534423828125,1182.685791015625
MLP,1434,1183.8153076171875,1173.069091796875
MLP,1435,1187.4307861328125,1186.4388427734375
MLP,1436,1171.7109375,1180.8409423828125
MLP,1437,1179.91552734375,1177.6168212890625
MLP,1438,1173.010986328125,1183.064453125
MLP,1439,1186.091552734375,1185.2821044921875
MLP,1440,1181.602294921875,1175.8897705078125
MLP,1441,1181.05859375,1180.3165283203125
MLP,1442,1179.285400390625,1185.8780517578125
MLP,1443,1184.7275390625,1182.6165771484375
MLP,1444,1169.946044921875,1181.634033203125
MLP,1445,1181.7645263671875,1174.902587890625
MLP,1446,1172.99462890625,1176.506103515625
MLP,1447,1177.489013671875,1177.67822265625
MLP,1448,1184.8997802734375,1175.997802734375
MLP,1449,1174.6788330078125,1179.9639892578125
MLP,1450,1174.755615234375,1181.5693359375
MLP,1451,1175.155029296875,1174.4520263671875
MLP,1452,1184.2347412109375,1183.4228515625
MLP,1453,1174.4281005859375,1173.9427490234375
MLP,1454,1167.061767578125,1169.3616943359375
MLP,1455,1168.239013671875,1167.33984375
MLP,1456,1179.367431640625,1173.5806884765625
MLP,1457,1179.40625,1179.4564208984375
MLP,1458,1179.3233642578125,1183.4613037109375
MLP,1459,1174.223388671875,1181.6905517578125
MLP,1460,1182.834716796875,1182.554443359375
MLP,1461,1188.980224609375,1175.6156005859375
MLP,1462,1182.5355224609375,1172.062255859375
MLP,1463,1179.49560546875,1168.789794921875
MLP,1464,1176.227783203125,1182.798095703125
MLP,1465,1176.3868408203125,1179.281982421875
MLP,1466,1176.0457763671875,1167.185791015625
MLP,1467,1177.080810546875,1168.7320556640625
MLP,1468,1174.15771484375,1177.89013671875
MLP,1469,1181.420654296875,1184.4510498046875
MLP,1470,1181.8546142578125,1173.2708740234375
MLP,1471,1186.479736328125,1173.3455810546875
MLP,1472,1177.795166015625,1179.4730224609375
MLP,1473,1179.9410400390625,1171.2762451171875
MLP,1474,1185.510498046875,1177.684814453125
MLP,1475,1180.3792724609375,1171.13330078125
MLP,1476,1169.956787109375,1175.9306640625
MLP,1477,1181.277587890625,1185.572021484375
MLP,1478,1181.2530517578125,1176.099365234375
MLP,1479,1180.102294921875,1170.0908203125
MLP,1480,1179.94140625,1179.35107421875
MLP,1481,1181.2642822265625,1180.9803466796875
MLP,1482,1169.968505859375,1182.86181640625
MLP,1483,1188.1087646484375,1181.411865234375
MLP,1484,1184.0616455078125,1178.6558837890625
MLP,1485,1177.7275390625,1173.413330078125
MLP,1486,1173.8258056640625,1176.1597900390625
MLP,1487,1174.10400390625,1177.966552734375
MLP,1488,1182.9205322265625,1173.000732421875
MLP,1489,1159.93115234375,1181.112548828125
MLP,1490,1178.9498291015625,1172.8118896484375
MLP,1491,1177.4775390625,1186.2646484375
MLP,1492,1179.4190673828125,1183.597900390625
MLP,1493,1178.340576171875,1171.4078369140625
MLP,1494,1178.049072265625,1172.37939453125
MLP,1495,1175.812255859375,1177.7137451171875
MLP,1496,1180.55126953125,1182.7047119140625
MLP,1497,1170.8272705078125,1171.46337890625
MLP,1498,1165.1761474609375,1183.244384765625
MLP,1499,1172.88525390625,1186.0291748046875
MLP,1500,1179.7327880859375,1177.9832763671875
MLP,1501,1176.8592529296875,1169.766357421875
MLP,1502,1185.017578125,1178.5032958984375
MLP,1503,1168.7548828125,1186.571044921875
MLP,1504,1183.7965087890625,1173.7154541015625
MLP,1505,1170.862060546875,1174.5543212890625
MLP,1506,1176.8880615234375,1182.6290283203125
MLP,1507,1182.783203125,1178.5777587890625
MLP,1508,1181.092529296875,1181.781005859375
MLP,1509,1178.6318359375,1181.0198974609375
MLP,1510,1175.908203125,1182.8203125
MLP,1511,1178.9388427734375,1176.5428466796875
MLP,1512,1175.7957763671875,1179.2110595703125
MLP,1513,1176.227294921875,1174.245361328125
MLP,1514,1173.9036865234375,1173.27978515625
MLP,1515,1169.968505859375,1166.072265625
MLP,1516,1182.506591796875,1168.9005126953125
MLP,1517,1178.1705322265625,1176.828857421875
MLP,1518,1175.26708984375,1166.038818359375
MLP,1519,1177.9908447265625,1183.0758056640625
MLP,1520,1178.819580078125,1185.45556640625
MLP,1521,1174.4384765625,1178.1229248046875
MLP,1522,1177.6600341796875,1173.32080078125
MLP,1523,1172.013427734375,1182.7716064453125
MLP,1524,1174.552490234375,1183.5740966796875
MLP,1525,1177.44775390625,1179.0462646484375
MLP,1526,1169.2236328125,1173.97705078125
MLP,1527,1183.290283203125,1176.6048583984375
MLP,1528,1171.4124755859375,1175.0206298828125
MLP,1529,1179.100341796875,1182.2215576171875
MLP,1530,1183.083251953125,1171.0216064453125
MLP,1531,1175.1185302734375,1175.9691162109375
MLP,1532,1175.748291015625,1176.3968505859375
MLP,1533,1178.7073974609375,1174.106689453125
MLP,1534,1167.7176513671875,1180.8135986328125
MLP,1535,1184.482666015625,1183.175537109375
MLP,1536,1180.686767578125,1179.3768310546875
MLP,1537,1175.206787109375,1180.5079345703125
MLP,1538,1180.561767578125,1186.8660888671875
MLP,1539,1188.3466796875,1169.061279296875
MLP,1540,1178.8062744140625,1173.3310546875
MLP,1541,1180.562255859375,1180.7191162109375
MLP,1542,1182.0584716796875,1188.4964599609375
MLP,1543,1173.1846923828125,1173.8216552734375
MLP,1544,1177.9337158203125,1183.8682861328125
MLP,1545,1183.25146484375,1179.98095703125
MLP,1546,1171.771484375,1180.894287109375
MLP,1547,1181.64404296875,1180.9283447265625
MLP,1548,1183.38232421875,1178.364013671875
MLP,1549,1180.082763671875,1180.978759765625
MLP,1550,1174.33544921875,1174.6973876953125
MLP,1551,1178.5736083984375,1176.7816162109375
MLP,1552,1178.2823486328125,1176.5400390625
MLP,1553,1182.849609375,1182.3248291015625
MLP,1554,1175.9879150390625,1169.80908203125
MLP,1555,1180.719970703125,1183.7816162109375
MLP,1556,1175.4908447265625,1171.4945068359375
MLP,1557,1179.4083251953125,1180.31396484375
MLP,1558,1177.843017578125,1176.25146484375
MLP,1559,1178.4578857421875,1175.736328125
MLP,1560,1176.1295166015625,1180.9007568359375
MLP,1561,1184.1185302734375,1178.8193359375
MLP,1562,1177.1392822265625,1176.685302734375
MLP,1563,1170.287353515625,1174.0655517578125
MLP,1564,1173.7310791015625,1182.1578369140625
MLP,1565,1174.668701171875,1181.389404296875
MLP,1566,1179.915283203125,1179.697509765625
MLP,1567,1173.6014404296875,1175.474609375
MLP,1568,1176.7353515625,1173.60107421875
MLP,1569,1174.4810791015625,1179.7655029296875
MLP,1570,1180.465087890625,1176.340087890625
MLP,1571,1185.9613037109375,1172.3458251953125
MLP,1572,1177.7314453125,1177.739013671875
MLP,1573,1173.77734375,1179.77294921875
MLP,1574,1173.42138671875,1174.357421875
MLP,1575,1167.8992919921875,1179.698486328125
MLP,1576,1174.4012451171875,1181.7265625
MLP,1577,1180.1937255859375,1172.45751953125
MLP,1578,1172.6710205078125,1178.45751953125
MLP,1579,1177.4652099609375,1175.1602783203125
MLP,1580,1165.9085693359375,1176.08642578125
MLP,1581,1182.3592529296875,1184.7158203125
MLP,1582,1174.1595458984375,1171.0302734375
MLP,1583,1170.358154296875,1171.478759765625
MLP,1584,1181.7880859375,1174.22998046875
MLP,1585,1173.835693359375,1177.62109375
MLP,1586,1171.78857421875,1171.2308349609375
MLP,1587,1187.3348388671875,1167.11328125
MLP,1588,1176.978271484375,1173.6036376953125
MLP,1589,1175.1463623046875,1175.7432861328125
MLP,1590,1174.9232177734375,1174.8603515625
MLP,1591,1179.353759765625,1173.02685546875
MLP,1592,1179.1033935546875,1179.7471923828125
MLP,1593,1178.471435546875,1177.180908203125
MLP,1594,1174.3184814453125,1178.0184326171875
MLP,1595,1177.61279296875,1184.59912109375
MLP,1596,1174.30810546875,1183.330078125
MLP,1597,1180.0262451171875,1180.27880859375
MLP,1598,1173.3297119140625,1171.705322265625
MLP,1599,1185.9317626953125,1180.4842529296875
MLP,1600,1169.30126953125,1171.965087890625
MLP,1601,1180.9803466796875,1180.6209716796875
MLP,1602,1169.393798828125,1179.004150390625
MLP,1603,1171.28125,1187.3758544921875
MLP,1604,1177.902587890625,1166.62158203125
MLP,1605,1170.0987548828125,1167.5062255859375
MLP,1606,1183.763916015625,1168.8787841796875
MLP,1607,1174.6177978515625,1175.655517578125
MLP,1608,1177.7713623046875,1175.40185546875
MLP,1609,1175.8280029296875,1173.789794921875
MLP,1610,1178.105712890625,1171.3321533203125
MLP,1611,1171.349853515625,1169.047607421875
MLP,1612,1176.7840576171875,1181.6700439453125
MLP,1613,1174.1788330078125,1171.1829833984375
MLP,1614,1179.559326171875,1173.12158203125
MLP,1615,1172.792236328125,1172.919921875
MLP,1616,1188.4906005859375,1183.7298583984375
MLP,1617,1175.5867919921875,1180.749755859375
MLP,1618,1176.4412841796875,1178.3770751953125
MLP,1619,1180.6629638671875,1174.1566162109375
MLP,1620,1181.175048828125,1180.53955078125
MLP,1621,1180.1903076171875,1178.865478515625
MLP,1622,1186.6490478515625,1177.037109375
MLP,1623,1184.275634765625,1187.0032958984375
MLP,1624,1173.281005859375,1174.85009765625
MLP,1625,1174.34326171875,1177.6910400390625
MLP,1626,1179.4427490234375,1181.8660888671875
MLP,1627,1173.4847412109375,1175.6998291015625
MLP,1628,1168.2247314453125,1171.2308349609375
MLP,1629,1175.4444580078125,1169.2578125
MLP,1630,1170.7432861328125,1175.3621826171875
MLP,1631,1178.8511962890625,1180.6221923828125
MLP,1632,1185.29833984375,1172.44921875
MLP,1633,1163.67041015625,1177.5389404296875
MLP,1634,1177.5086669921875,1186.0560302734375
MLP,1635,1174.197509765625,1181.9749755859375
MLP,1636,1173.4390869140625,1178.3944091796875
MLP,1637,1171.37060546875,1174.44775390625
MLP,1638,1175.3458251953125,1173.5640869140625
MLP,1639,1184.95263671875,1168.3858642578125
MLP,1640,1176.6058349609375,1173.5384521484375
MLP,1641,1169.7757568359375,1172.7095947265625
MLP,1642,1176.8372802734375,1177.6925048828125
MLP,1643,1177.9241943359375,1175.3133544921875
MLP,1644,1168.9161376953125,1176.985595703125
MLP,1645,1177.7061767578125,1175.811767578125
MLP,1646,1176.47412109375,1181.3785400390625
MLP,1647,1176.5877685546875,1169.33154296875
MLP,1648,1170.8441162109375,1181.1998291015625
MLP,1649,1179.11279296875,1175.1407470703125
MLP,1650,1179.8411865234375,1176.0440673828125
MLP,1651,1179.7947998046875,1174.0130615234375
MLP,1652,1185.1094970703125,1186.2833251953125
MLP,1653,1172.435791015625,1173.691162109375
MLP,1654,1184.77587890625,1170.400146484375
MLP,1655,1181.0943603515625,1178.8258056640625
MLP,1656,1176.91455078125,1182.93359375
MLP,1657,1180.544921875,1187.73291015625
MLP,1658,1175.27392578125,1175.5887451171875
MLP,1659,1179.9552001953125,1176.4498291015625
MLP,1660,1182.5267333984375,1174.5906982421875
MLP,1661,1173.98828125,1177.456787109375
MLP,1662,1176.2454833984375,1177.1490478515625
MLP,1663,1177.8619384765625,1174.727783203125
MLP,1664,1177.3004150390625,1174.9000244140625
MLP,1665,1175.8583984375,1165.4110107421875
MLP,1666,1168.9200439453125,1176.974365234375
MLP,1667,1181.17236328125,1176.7899169921875
MLP,1668,1172.7069091796875,1184.16650390625
MLP,1669,1175.1907958984375,1173.7283935546875
MLP,1670,1169.7337646484375,1182.1695556640625
MLP,1671,1177.535400390625,1176.4290771484375
MLP,1672,1172.64208984375,1176.397216796875
MLP,1673,1179.1328125,1177.536865234375
MLP,1674,1181.4908447265625,1179.3980712890625
MLP,1675,1175.416748046875,1173.0404052734375
MLP,1676,1172.7823486328125,1180.881103515625
MLP,1677,1172.300537109375,1174.302490234375
MLP,1678,1169.3131103515625,1164.0040283203125
MLP,1679,1169.856201171875,1164.3140869140625
MLP,1680,1176.10400390625,1173.6358642578125
MLP,1681,1165.023193359375,1187.1661376953125
MLP,1682,1176.159423828125,1172.9549560546875
MLP,1683,1176.314697265625,1172.7340087890625
MLP,1684,1174.5245361328125,1179.45751953125
MLP,1685,1183.0423583984375,1172.81640625
MLP,1686,1184.701416015625,1169.5614013671875
MLP,1687,1179.2213134765625,1170.39892578125
MLP,1688,1180.8314208984375,1170.052734375
MLP,1689,1176.158447265625,1168.6495361328125
MLP,1690,1171.322509765625,1180.956298828125
MLP,1691,1165.8658447265625,1173.5760498046875
MLP,1692,1176.5640869140625,1171.7645263671875
MLP,1693,1180.973876953125,1176.624755859375
MLP,1694,1177.4501953125,1175.934326171875
MLP,1695,1179.68310546875,1173.0870361328125
MLP,1696,1176.8115234375,1176.6153564453125
MLP,1697,1172.247314453125,1173.4918212890625
MLP,1698,1176.51904296875,1168.9541015625
MLP,1699,1174.717041015625,1172.9599609375
MLP,1700,1173.0845947265625,1181.5347900390625
MLP,1701,1176.1041259765625,1170.684814453125
MLP,1702,1178.1270751953125,1176.9024658203125
MLP,1703,1170.56982421875,1165.749267578125
MLP,1704,1185.226318359375,1165.9346923828125
MLP,1705,1177.021484375,1176.0347900390625
MLP,1706,1173.3011474609375,1165.801513671875
MLP,1707,1175.946533203125,1182.0634765625
MLP,1708,1177.0557861328125,1169.7431640625
MLP,1709,1173.673583984375,1180.4510498046875
MLP,1710,1173.924560546875,1170.498291015625
MLP,1711,1178.821533203125,1167.8909912109375
MLP,1712,1175.4249267578125,1177.0880126953125
MLP,1713,1171.9010009765625,1169.32275390625
MLP,1714,1173.0194091796875,1180.73583984375
MLP,1715,1173.2462158203125,1171.73876953125
MLP,1716,1180.9281005859375,1176.406982421875
MLP,1717,1172.07080078125,1171.0318603515625
MLP,1718,1172.531005859375,1167.9420166015625
MLP,1719,1173.3585205078125,1174.5479736328125
MLP,1720,1175.0628662109375,1174.6075439453125
MLP,1721,1177.4803466796875,1175.3291015625
MLP,1722,1174.756103515625,1167.364013671875
MLP,1723,1175.0826416015625,1188.91552734375
MLP,1724,1170.52587890625,1186.8216552734375
MLP,1725,1174.39453125,1171.7275390625
MLP,1726,1170.678466796875,1174.717041015625
MLP,1727,1181.494140625,1172.271728515625
MLP,1728,1170.3470458984375,1180.4918212890625
MLP,1729,1171.6710205078125,1172.86669921875
MLP,1730,1158.998046875,1178.388916015625
MLP,1731,1182.5335693359375,1165.860595703125
MLP,1732,1182.455810546875,1161.7503662109375
MLP,1733,1178.345947265625,1190.9149169921875
MLP,1734,1180.52197265625,1181.779052734375
MLP,1735,1176.2685546875,1180.881103515625
MLP,1736,1190.2750244140625,1179.8985595703125
MLP,1737,1180.35498046875,1177.9183349609375
MLP,1738,1172.57177734375,1178.61474609375
MLP,1739,1177.63818359375,1168.2408447265625
MLP,1740,1176.8358154296875,1175.6387939453125
MLP,1741,1184.639892578125,1179.5775146484375
MLP,1742,1180.499755859375,1171.38916015625
MLP,1743,1180.4915771484375,1171.3392333984375
MLP,1744,1177.8193359375,1176.1297607421875
MLP,1745,1168.0748291015625,1172.4107666015625
MLP,1746,1169.31884765625,1180.6964111328125
MLP,1747,1177.7701416015625,1169.56201171875
MLP,1748,1175.79150390625,1168.2781982421875
MLP,1749,1181.227783203125,1179.1778564453125
MLP,1750,1166.0855712890625,1175.2706298828125
MLP,1751,1167.625,1181.0390625
MLP,1752,1174.1080322265625,1176.112060546875
MLP,1753,1183.389404296875,1167.81689453125
MLP,1754,1182.267333984375,1167.5264892578125
MLP,1755,1172.236328125,1176.35009765625
MLP,1756,1178.7115478515625,1173.5452880859375
MLP,1757,1164.756591796875,1171.7237548828125
MLP,1758,1172.8271484375,1174.3341064453125
MLP,1759,1169.1834716796875,1167.755859375
MLP,1760,1178.866455078125,1176.5465087890625
MLP,1761,1169.310302734375,1170.0255126953125
MLP,1762,1182.10693359375,1175.14013671875
MLP,1763,1171.8778076171875,1169.89111328125
MLP,1764,1174.308837890625,1173.0020751953125
MLP,1765,1176.1943359375,1178.4840087890625
MLP,1766,1173.6258544921875,1178.5633544921875
MLP,1767,1182.238037109375,1175.3658447265625
MLP,1768,1177.1884765625,1174.63427734375
MLP,1769,1181.7802734375,1176.0771484375
MLP,1770,1165.0784912109375,1175.7269287109375
MLP,1771,1179.8233642578125,1172.755615234375
MLP,1772,1169.266845703125,1170.8814697265625
MLP,1773,1179.712890625,1176.3167724609375
MLP,1774,1165.1611328125,1166.5218505859375
MLP,1775,1172.25927734375,1180.29150390625
MLP,1776,1172.69677734375,1171.2586669921875
MLP,1777,1174.027099609375,1173.6512451171875
MLP,1778,1170.67724609375,1172.332275390625
MLP,1779,1163.3155517578125,1176.3868408203125
MLP,1780,1163.2265625,1170.328857421875
MLP,1781,1169.9178466796875,1167.594482421875
MLP,1782,1176.6953125,1187.20458984375
MLP,1783,1179.9068603515625,1179.2330322265625
MLP,1784,1176.5655517578125,1165.8699951171875
MLP,1785,1173.9757080078125,1166.2142333984375
MLP,1786,1168.36474609375,1175.095947265625
MLP,1787,1183.9559326171875,1170.6387939453125
MLP,1788,1170.8934326171875,1171.06005859375
MLP,1789,1168.771484375,1174.7188720703125
MLP,1790,1173.8990478515625,1171.488525390625
MLP,1791,1173.556884765625,1167.068603515625
MLP,1792,1178.2742919921875,1168.246337890625
MLP,1793,1166.6739501953125,1178.3905029296875
MLP,1794,1170.546875,1175.884033203125
MLP,1795,1189.5355224609375,1173.39599609375
MLP,1796,1173.02978515625,1178.4837646484375
MLP,1797,1172.6783447265625,1181.253173828125
MLP,1798,1176.527099609375,1177.272705078125
MLP,1799,1172.5767822265625,1176.6448974609375
MLP,1800,1173.46533203125,1173.7557373046875
MLP,1801,1177.66943359375,1177.2857666015625
MLP,1802,1174.1912841796875,1175.7047119140625
MLP,1803,1177.4102783203125,1175.090087890625
MLP,1804,1179.27880859375,1180.342529296875
MLP,1805,1170.081787109375,1166.733154296875
MLP,1806,1180.1175537109375,1176.5538330078125
MLP,1807,1176.372314453125,1176.80078125
MLP,1808,1171.5872802734375,1183.4864501953125
MLP,1809,1170.27978515625,1173.141357421875
MLP,1810,1182.5677490234375,1169.8421630859375
MLP,1811,1180.34228515625,1178.694091796875
MLP,1812,1174.6337890625,1171.2723388671875
MLP,1813,1158.7657470703125,1172.0330810546875
MLP,1814,1170.1673583984375,1175.5875244140625
MLP,1815,1175.4130859375,1175.446044921875
MLP,1816,1166.7921142578125,1182.2906494140625
MLP,1817,1167.1650390625,1172.30908203125
MLP,1818,1176.884033203125,1175.8826904296875
MLP,1819,1170.4097900390625,1177.186767578125
MLP,1820,1179.7137451171875,1182.4306640625
MLP,1821,1176.916259765625,1175.281005859375
MLP,1822,1165.3160400390625,1177.524658203125
MLP,1823,1168.1927490234375,1179.3682861328125
MLP,1824,1181.875,1177.6495361328125
MLP,1825,1170.715576171875,1168.099853515625
MLP,1826,1174.0791015625,1170.21728515625
MLP,1827,1177.4603271484375,1165.9569091796875
MLP,1828,1170.144287109375,1175.458984375
MLP,1829,1178.08935546875,1171.2662353515625
MLP,1830,1176.6834716796875,1170.9383544921875
MLP,1831,1168.3408203125,1171.4803466796875
MLP,1832,1173.9923095703125,1176.227294921875
MLP,1833,1178.715576171875,1168.65185546875
MLP,1834,1178.77099609375,1175.726318359375
MLP,1835,1175.0340576171875,1174.6619873046875
MLP,1836,1171.03125,1168.99658203125
MLP,1837,1172.5374755859375,1171.3363037109375
MLP,1838,1171.26904296875,1168.76611328125
MLP,1839,1173.8477783203125,1173.614990234375
MLP,1840,1177.610595703125,1167.15087890625
MLP,1841,1167.021728515625,1173.008056640625
MLP,1842,1176.765380859375,1172.8153076171875
MLP,1843,1169.268798828125,1171.1953125
MLP,1844,1174.0965576171875,1178.441650390625
MLP,1845,1174.0167236328125,1178.7825927734375
MLP,1846,1168.1334228515625,1172.569091796875
MLP,1847,1177.3990478515625,1169.728759765625
MLP,1848,1167.6348876953125,1177.1640625
MLP,1849,1170.522216796875,1178.607421875
MLP,1850,1164.80859375,1167.59326171875
MLP,1851,1171.05859375,1173.9176025390625
MLP,1852,1167.0758056640625,1164.1702880859375
MLP,1853,1177.029541015625,1164.298828125
MLP,1854,1168.5869140625,1171.2945556640625
MLP,1855,1178.18994140625,1174.302001953125
MLP,1856,1172.5909423828125,1170.134521484375
MLP,1857,1179.3277587890625,1173.10986328125
MLP,1858,1176.7069091796875,1163.328125
MLP,1859,1175.79931640625,1179.0970458984375
MLP,1860,1174.384765625,1178.948974609375
MLP,1861,1173.0,1177.985595703125
MLP,1862,1176.5540771484375,1167.928466796875
MLP,1863,1168.3375244140625,1172.6905517578125
MLP,1864,1168.176025390625,1186.175537109375
MLP,1865,1173.9901123046875,1163.2742919921875
MLP,1866,1167.0697021484375,1175.80908203125
MLP,1867,1171.2081298828125,1177.697998046875
MLP,1868,1169.65185546875,1166.863037109375
MLP,1869,1171.62451171875,1176.569091796875
MLP,1870,1171.217041015625,1179.6318359375
MLP,1871,1177.798583984375,1176.4532470703125
MLP,1872,1179.10595703125,1171.066162109375
MLP,1873,1168.5645751953125,1173.631591796875
MLP,1874,1172.919189453125,1172.015380859375
MLP,1875,1177.4813232421875,1168.8121337890625
MLP,1876,1172.049560546875,1172.425537109375
MLP,1877,1167.361083984375,1175.7196044921875
MLP,1878,1174.0662841796875,1172.696533203125
MLP,1879,1169.3408203125,1173.630859375
MLP,1880,1175.8577880859375,1171.582763671875
MLP,1881,1171.4251708984375,1172.6175537109375
MLP,1882,1171.7108154296875,1172.1510009765625
MLP,1883,1178.916015625,1170.69580078125
MLP,1884,1185.5086669921875,1168.068603515625
MLP,1885,1164.6552734375,1172.5272216796875
MLP,1886,1169.896484375,1169.2569580078125
MLP,1887,1172.5531005859375,1167.010986328125
MLP,1888,1168.3680419921875,1170.5430908203125
MLP,1889,1180.4300537109375,1171.9346923828125
MLP,1890,1168.7674560546875,1169.81884765625
MLP,1891,1179.4871826171875,1163.5360107421875
MLP,1892,1168.384521484375,1178.964111328125
MLP,1893,1169.20703125,1165.8172607421875
MLP,1894,1171.385009765625,1179.9056396484375
MLP,1895,1180.0570068359375,1168.1688232421875
MLP,1896,1171.63232421875,1177.7664794921875
MLP,1897,1170.6676025390625,1166.471435546875
MLP,1898,1175.037109375,1170.2576904296875
MLP,1899,1171.280517578125,1169.62158203125
MLP,1900,1178.8165283203125,1165.7452392578125
MLP,1901,1172.8690185546875,1168.4713134765625
MLP,1902,1168.336669921875,1179.246337890625
MLP,1903,1159.2908935546875,1177.8133544921875
MLP,1904,1175.39111328125,1174.16748046875
MLP,1905,1171.979248046875,1166.111572265625
MLP,1906,1178.12890625,1173.63427734375
MLP,1907,1173.1358642578125,1172.7479248046875
MLP,1908,1171.3094482421875,1180.4921875
MLP,1909,1175.641845703125,1181.7835693359375
MLP,1910,1176.051513671875,1170.9290771484375
MLP,1911,1175.5008544921875,1182.6082763671875
MLP,1912,1181.5103759765625,1173.6690673828125
MLP,1913,1167.48828125,1174.661865234375
MLP,1914,1174.4512939453125,1176.4530029296875
MLP,1915,1185.655029296875,1179.92724609375
MLP,1916,1171.02685546875,1176.96630859375
MLP,1917,1163.533447265625,1168.246826171875
MLP,1918,1166.1480712890625,1166.953857421875
MLP,1919,1175.4207763671875,1164.954345703125
MLP,1920,1176.0008544921875,1178.569580078125
MLP,1921,1170.926025390625,1178.12353515625
MLP,1922,1168.478271484375,1174.272216796875
MLP,1923,1172.970458984375,1174.6571044921875
MLP,1924,1170.966552734375,1172.0218505859375
MLP,1925,1167.9910888671875,1178.2808837890625
MLP,1926,1173.5556640625,1176.530029296875
MLP,1927,1169.855712890625,1168.0128173828125
MLP,1928,1177.0423583984375,1176.086181640625
MLP,1929,1173.4400634765625,1172.005615234375
MLP,1930,1168.73291015625,1168.1168212890625
MLP,1931,1176.8692626953125,1173.1383056640625
MLP,1932,1165.3779296875,1162.12158203125
MLP,1933,1171.5765380859375,1169.2950439453125
MLP,1934,1171.091796875,1173.4686279296875
MLP,1935,1172.22119140625,1172.5855712890625
MLP,1936,1170.745849609375,1167.435546875
MLP,1937,1170.170166015625,1173.3466796875
MLP,1938,1177.6153564453125,1163.7374267578125
MLP,1939,1165.4515380859375,1183.6334228515625
MLP,1940,1173.720947265625,1171.09326171875
MLP,1941,1178.361083984375,1167.483642578125
MLP,1942,1171.24609375,1166.7735595703125
MLP,1943,1170.5670166015625,1171.237548828125
MLP,1944,1166.2501220703125,1166.7392578125
MLP,1945,1169.74169921875,1168.91796875
MLP,1946,1175.7449951171875,1168.3587646484375
MLP,1947,1169.3394775390625,1176.572265625
MLP,1948,1177.0145263671875,1172.39404296875
MLP,1949,1171.9019775390625,1169.0772705078125
MLP,1950,1174.2857666015625,1169.006103515625
MLP,1951,1177.60107421875,1163.83935546875
MLP,1952,1176.412353515625,1176.9798583984375
MLP,1953,1167.972412109375,1167.3668212890625
MLP,1954,1177.561279296875,1169.529296875
MLP,1955,1174.193603515625,1169.86865234375
MLP,1956,1178.786376953125,1168.1483154296875
MLP,1957,1165.7154541015625,1175.5672607421875
MLP,1958,1169.1441650390625,1175.09130859375
MLP,1959,1170.248291015625,1177.328857421875
MLP,1960,1178.3985595703125,1167.211669921875
MLP,1961,1183.1990966796875,1166.96728515625
MLP,1962,1173.44287109375,1171.6390380859375
MLP,1963,1164.5960693359375,1169.4400634765625
MLP,1964,1162.283935546875,1176.59912109375
MLP,1965,1169.8671875,1174.5205078125
MLP,1966,1173.3673095703125,1170.0887451171875
MLP,1967,1176.9677734375,1174.4456787109375
MLP,1968,1177.5093994140625,1169.6805419921875
MLP,1969,1178.0087890625,1161.4730224609375
MLP,1970,1174.4049072265625,1169.39404296875
MLP,1971,1173.8717041015625,1182.467529296875
MLP,1972,1170.445556640625,1170.1810302734375
MLP,1973,1179.1146240234375,1172.0330810546875
MLP,1974,1159.1514892578125,1175.8050537109375
MLP,1975,1177.1912841796875,1164.9847412109375
MLP,1976,1174.9552001953125,1172.665771484375
MLP,1977,1173.818359375,1175.832763671875
MLP,1978,1162.870849609375,1176.9443359375
MLP,1979,1169.776123046875,1173.96826171875
MLP,1980,1170.8720703125,1165.6890869140625
MLP,1981,1173.083740234375,1173.50634765625
MLP,1982,1158.5325927734375,1184.1295166015625
MLP,1983,1173.8221435546875,1164.166015625
MLP,1984,1168.1875,1172.228515625
MLP,1985,1173.8489990234375,1174.5989990234375
MLP,1986,1165.7967529296875,1173.79541015625
MLP,1987,1169.87451171875,1166.358154296875
MLP,1988,1173.62158203125,1174.8955078125
MLP,1989,1175.17333984375,1160.258544921875
MLP,1990,1162.6275634765625,1167.2757568359375
MLP,1991,1169.9801025390625,1165.4071044921875
MLP,1992,1174.975341796875,1179.426513671875
MLP,1993,1172.576904296875,1169.826904296875
MLP,1994,1179.092529296875,1167.76904296875
MLP,1995,1163.1466064453125,1160.072265625
MLP,1996,1166.7271728515625,1170.18505859375
MLP,1997,1172.6912841796875,1166.259765625
MLP,1998,1170.89453125,1167.58056640625
MLP,1999,1166.85009765625,1176.93408203125
MLP,2000,1165.85107421875,1171.1728515625
MLP,2001,1172.5989990234375,1178.0634765625
MLP,2002,1162.2529296875,1172.7696533203125
MLP,2003,1168.041259765625,1174.2965087890625
MLP,2004,1174.709228515625,1175.0860595703125
MLP,2005,1168.4476318359375,1168.1337890625
MLP,2006,1178.978759765625,1167.6142578125
MLP,2007,1174.2225341796875,1170.846923828125
MLP,2008,1171.631103515625,1162.3875732421875
MLP,2009,1175.611083984375,1170.2119140625
MLP,2010,1167.3446044921875,1168.486328125
MLP,2011,1178.510498046875,1174.7403564453125
MLP,2012,1168.2216796875,1160.0084228515625
MLP,2013,1166.371826171875,1167.3443603515625
MLP,2014,1181.6878662109375,1167.5552978515625
MLP,2015,1164.265625,1177.2716064453125
MLP,2016,1168.603759765625,1183.2996826171875
MLP,2017,1171.291748046875,1173.861572265625
MLP,2018,1163.9033203125,1182.641845703125
MLP,2019,1162.726318359375,1175.0162353515625
MLP,2020,1183.63134765625,1160.689453125
MLP,2021,1167.987548828125,1176.8482666015625
MLP,2022,1172.4383544921875,1165.767822265625
MLP,2023,1176.430419921875,1167.624267578125
MLP,2024,1172.4658203125,1181.4329833984375
MLP,2025,1170.4783935546875,1178.2177734375
MLP,2026,1176.8250732421875,1174.3990478515625
MLP,2027,1175.1370849609375,1174.2027587890625
MLP,2028,1166.245361328125,1165.2935791015625
MLP,2029,1162.75830078125,1164.2318115234375
MLP,2030,1179.95458984375,1169.320556640625
MLP,2031,1177.663818359375,1163.71826171875
MLP,2032,1173.8775634765625,1168.8983154296875
MLP,2033,1175.370849609375,1165.4412841796875
MLP,2034,1159.5379638671875,1179.9986572265625
MLP,2035,1165.41552734375,1170.1546630859375
MLP,2036,1178.393310546875,1171.23876953125
MLP,2037,1166.1510009765625,1178.357666015625
MLP,2038,1177.16455078125,1162.24072265625
MLP,2039,1171.9188232421875,1167.79736328125
MLP,2040,1172.416015625,1172.9716796875
MLP,2041,1168.8955078125,1172.487060546875
MLP,2042,1175.18310546875,1176.5850830078125
MLP,2043,1168.4085693359375,1171.8013916015625
MLP,2044,1163.267578125,1174.5006103515625
MLP,2045,1172.443115234375,1170.492431640625
MLP,2046,1170.4188232421875,1176.6197509765625
MLP,2047,1174.090576171875,1169.300048828125
MLP,2048,1169.672607421875,1172.4964599609375
MLP,2049,1171.3790283203125,1181.6483154296875
MLP,2050,1169.939453125,1171.3763427734375
MLP,2051,1169.5238037109375,1168.5645751953125
MLP,2052,1167.2537841796875,1158.447998046875
MLP,2053,1178.020263671875,1167.373291015625
MLP,2054,1172.31201171875,1168.095458984375
MLP,2055,1163.3062744140625,1178.363037109375
MLP,2056,1167.466064453125,1169.195068359375
MLP,2057,1176.543212890625,1178.015625
MLP,2058,1165.3662109375,1167.3465576171875
MLP,2059,1162.4019775390625,1166.320556640625
MLP,2060,1173.1676025390625,1174.0340576171875
MLP,2061,1162.818603515625,1170.613525390625
MLP,2062,1176.759033203125,1177.0985107421875
MLP,2063,1168.6865234375,1177.225341796875
MLP,2064,1164.216796875,1171.6363525390625
MLP,2065,1175.47900390625,1174.8880615234375
MLP,2066,1178.735595703125,1173.6766357421875
MLP,2067,1166.047607421875,1173.3233642578125
MLP,2068,1173.7203369140625,1171.9871826171875
MLP,2069,1185.6590576171875,1170.0794677734375
MLP,2070,1175.9100341796875,1169.4383544921875
MLP,2071,1180.1748046875,1169.6397705078125
MLP,2072,1175.557861328125,1162.333251953125
MLP,2073,1182.5902099609375,1164.185546875
MLP,2074,1182.340087890625,1170.11328125
MLP,2075,1169.61279296875,1162.4237060546875
MLP,2076,1163.874267578125,1171.5887451171875
MLP,2077,1170.5614013671875,1173.0218505859375
MLP,2078,1173.173828125,1157.1466064453125
MLP,2079,1170.68310546875,1171.477783203125
MLP,2080,1164.8868408203125,1167.47119140625
MLP,2081,1168.08203125,1167.443359375
MLP,2082,1174.7227783203125,1168.1143798828125
MLP,2083,1166.7523193359375,1166.6973876953125
MLP,2084,1181.4920654296875,1165.76953125
MLP,2085,1169.3487548828125,1172.87744140625
MLP,2086,1177.5462646484375,1168.353759765625
MLP,2087,1165.873291015625,1172.5179443359375
MLP,2088,1173.9254150390625,1166.4229736328125
MLP,2089,1168.1318359375,1170.475830078125
MLP,2090,1175.3670654296875,1161.3675537109375
MLP,2091,1173.3382568359375,1164.446533203125
MLP,2092,1173.822021484375,1177.922607421875
MLP,2093,1164.15283203125,1172.09228515625
MLP,2094,1177.2314453125,1167.364501953125
MLP,2095,1171.478271484375,1174.5791015625
MLP,2096,1165.2923583984375,1165.0875244140625
MLP,2097,1173.1025390625,1177.8779296875
MLP,2098,1172.694091796875,1175.18408203125
MLP,2099,1170.2303466796875,1167.708984375
MLP,2100,1173.094970703125,1172.211181640625
MLP,2101,1160.31005859375,1178.2940673828125
MLP,2102,1171.61328125,1171.62255859375
MLP,2103,1167.8072509765625,1172.2027587890625
MLP,2104,1171.3734130859375,1173.7115478515625
MLP,2105,1177.80224609375,1177.0264892578125
MLP,2106,1177.34814453125,1177.3416748046875
MLP,2107,1177.517333984375,1172.402587890625
MLP,2108,1171.61962890625,1168.62646484375
MLP,2109,1165.5574951171875,1165.9791259765625
MLP,2110,1177.24853515625,1172.1380615234375
MLP,2111,1168.31201171875,1165.1474609375
MLP,2112,1164.698486328125,1173.0606689453125
MLP,2113,1169.7669677734375,1165.13134765625
MLP,2114,1167.6365966796875,1170.1328125
MLP,2115,1157.8040771484375,1164.1986083984375
MLP,2116,1169.73681640625,1167.33349609375
MLP,2117,1171.9798583984375,1173.8734130859375
MLP,2118,1166.86376953125,1173.6505126953125
MLP,2119,1165.499755859375,1175.2615966796875
MLP,2120,1176.2943115234375,1172.894287109375
MLP,2121,1153.9765625,1178.5006103515625
MLP,2122,1172.9561767578125,1168.87158203125
MLP,2123,1169.0718994140625,1172.8546142578125
MLP,2124,1171.4114990234375,1174.7843017578125
MLP,2125,1162.245361328125,1172.9564208984375
MLP,2126,1169.299560546875,1171.5908203125
MLP,2127,1165.779541015625,1174.9642333984375
MLP,2128,1163.440185546875,1169.7188720703125
MLP,2129,1161.8902587890625,1165.8690185546875
MLP,2130,1169.3719482421875,1170.697021484375
MLP,2131,1162.2728271484375,1174.3795166015625
MLP,2132,1170.2664794921875,1162.552734375
MLP,2133,1169.639892578125,1173.0323486328125
MLP,2134,1178.475830078125,1168.038818359375
MLP,2135,1168.581298828125,1175.2261962890625
MLP,2136,1171.5963134765625,1161.3980712890625
MLP,2137,1169.6541748046875,1168.6795654296875
MLP,2138,1171.574951171875,1168.9827880859375
MLP,2139,1171.715087890625,1171.8612060546875
MLP,2140,1168.6993408203125,1171.0438232421875
MLP,2141,1169.9541015625,1175.010498046875
MLP,2142,1167.5543212890625,1165.87109375
MLP,2143,1172.525146484375,1172.0706787109375
MLP,2144,1167.6519775390625,1168.4912109375
MLP,2145,1170.6893310546875,1169.5872802734375
MLP,2146,1165.9412841796875,1170.89013671875
MLP,2147,1167.552734375,1168.9332275390625
MLP,2148,1176.7401123046875,1163.992919921875
MLP,2149,1175.2547607421875,1172.2755126953125
MLP,2150,1168.53662109375,1168.5572509765625
MLP,2151,1164.4522705078125,1159.4224853515625
MLP,2152,1172.1051025390625,1180.30810546875
MLP,2153,1167.2696533203125,1167.00390625
MLP,2154,1171.496337890625,1168.1727294921875
MLP,2155,1164.1468505859375,1171.279052734375
MLP,2156,1170.5877685546875,1165.4029541015625
MLP,2157,1163.5006103515625,1165.2283935546875
MLP,2158,1170.2652587890625,1170.8819580078125
MLP,2159,1167.48388671875,1176.65185546875
MLP,2160,1169.6900634765625,1169.6314697265625
MLP,2161,1168.5565185546875,1174.220703125
MLP,2162,1172.1318359375,1165.5540771484375
MLP,2163,1173.294677734375,1174.0269775390625
MLP,2164,1171.83154296875,1167.4993896484375
MLP,2165,1170.481689453125,1168.3963623046875
MLP,2166,1179.7960205078125,1163.7022705078125
MLP,2167,1170.588134765625,1171.85205078125
MLP,2168,1176.2879638671875,1174.445068359375
MLP,2169,1173.4625244140625,1175.02880859375
MLP,2170,1172.302490234375,1167.4105224609375
MLP,2171,1167.25732421875,1175.3138427734375
MLP,2172,1167.081298828125,1169.8446044921875
MLP,2173,1177.99560546875,1167.0926513671875
MLP,2174,1172.98779296875,1170.50927734375
MLP,2175,1165.6619873046875,1173.1094970703125
MLP,2176,1170.3868408203125,1160.8863525390625
MLP,2177,1167.1483154296875,1163.47412109375
MLP,2178,1178.0484619140625,1179.4842529296875
MLP,2179,1168.166259765625,1170.8331298828125
MLP,2180,1174.1484375,1173.4349365234375
MLP,2181,1174.964111328125,1172.0396728515625
MLP,2182,1160.5927734375,1178.6807861328125
MLP,2183,1167.362548828125,1166.2529296875
MLP,2184,1166.9422607421875,1175.226806640625
MLP,2185,1156.4720458984375,1162.7698974609375
MLP,2186,1166.418212890625,1172.309326171875
MLP,2187,1183.404052734375,1167.790771484375
MLP,2188,1175.377685546875,1173.648193359375
MLP,2189,1165.59375,1171.5830078125
MLP,2190,1165.813232421875,1173.8768310546875
MLP,2191,1163.03369140625,1164.918212890625
MLP,2192,1172.0390625,1171.8577880859375
MLP,2193,1175.7132568359375,1163.02197265625
MLP,2194,1159.5145263671875,1165.7935791015625
MLP,2195,1174.374755859375,1162.9251708984375
MLP,2196,1171.050048828125,1167.6746826171875
MLP,2197,1173.05859375,1173.6153564453125
MLP,2198,1168.9530029296875,1159.6153564453125
MLP,2199,1171.2757568359375,1166.1158447265625
MLP,2200,1163.89208984375,1170.5850830078125
MLP,2201,1165.3345947265625,1166.2552490234375
MLP,2202,1175.8851318359375,1170.426025390625
MLP,2203,1174.835205078125,1168.041259765625
MLP,2204,1165.485107421875,1174.2550048828125
MLP,2205,1170.3406982421875,1163.2032470703125
MLP,2206,1165.3282470703125,1158.9483642578125
MLP,2207,1164.8052978515625,1170.36083984375
MLP,2208,1167.6260986328125,1169.1878662109375
MLP,2209,1171.7518310546875,1173.1588134765625
MLP,2210,1163.0452880859375,1175.668212890625
MLP,2211,1158.31689453125,1167.9847412109375
MLP,2212,1162.8800048828125,1173.775390625
MLP,2213,1168.594970703125,1171.99658203125
MLP,2214,1168.196533203125,1178.70556640625
MLP,2215,1167.246337890625,1172.6614990234375
MLP,2216,1175.32958984375,1168.1158447265625
MLP,2217,1173.945068359375,1166.694091796875
MLP,2218,1169.966796875,1173.884521484375
MLP,2219,1168.6912841796875,1170.5758056640625
MLP,2220,1164.9083251953125,1162.3212890625
MLP,2221,1168.6053466796875,1171.153076171875
MLP,2222,1169.2532958984375,1176.9322509765625
MLP,2223,1172.56787109375,1177.956787109375
MLP,2224,1171.3875732421875,1161.65576171875
MLP,2225,1180.0128173828125,1168.9830322265625
MLP,2226,1180.02734375,1173.79150390625
MLP,2227,1176.6246337890625,1175.6368408203125
MLP,2228,1172.832275390625,1165.3643798828125
MLP,2229,1163.9512939453125,1167.7823486328125
MLP,2230,1166.385009765625,1167.43798828125
MLP,2231,1174.290283203125,1172.662109375
MLP,2232,1159.7196044921875,1167.562255859375
MLP,2233,1173.4205322265625,1164.166015625
MLP,2234,1158.42431640625,1164.9215087890625
MLP,2235,1159.4190673828125,1165.612060546875
MLP,2236,1175.8551025390625,1158.48828125
MLP,2237,1170.5333251953125,1164.0008544921875
MLP,2238,1168.7945556640625,1171.3658447265625
MLP,2239,1159.65966796875,1167.886474609375
MLP,2240,1160.1702880859375,1165.520751953125
MLP,2241,1167.1566162109375,1168.312255859375
MLP,2242,1166.80078125,1168.9696044921875
MLP,2243,1166.2420654296875,1169.4315185546875
MLP,2244,1163.47607421875,1167.226806640625
MLP,2245,1176.9185791015625,1169.4345703125
MLP,2246,1161.443603515625,1164.763671875
MLP,2247,1159.4127197265625,1171.671142578125
MLP,2248,1161.8365478515625,1171.2420654296875
MLP,2249,1175.4906005859375,1166.592041015625
MLP,2250,1175.509765625,1163.7518310546875
MLP,2251,1172.2557373046875,1163.4002685546875
MLP,2252,1174.1719970703125,1170.7838134765625
MLP,2253,1168.884765625,1167.686767578125
MLP,2254,1163.590576171875,1171.6602783203125
MLP,2255,1173.8382568359375,1161.1546630859375
MLP,2256,1176.0340576171875,1168.9747314453125
MLP,2257,1166.1668701171875,1164.587890625
MLP,2258,1165.8526611328125,1170.4521484375
MLP,2259,1164.3165283203125,1162.721435546875
MLP,2260,1169.068603515625,1164.1595458984375
MLP,2261,1162.6585693359375,1165.77880859375
MLP,2262,1164.1337890625,1175.6707763671875
MLP,2263,1175.237548828125,1163.8658447265625
MLP,2264,1171.0474853515625,1175.3394775390625
MLP,2265,1166.5135498046875,1171.623046875
MLP,2266,1161.994384765625,1171.882568359375
MLP,2267,1166.27734375,1169.7060546875
MLP,2268,1165.145263671875,1156.841064453125
MLP,2269,1170.203857421875,1169.35595703125
MLP,2270,1164.56103515625,1182.2301025390625
MLP,2271,1162.1666259765625,1173.2159423828125
MLP,2272,1164.2735595703125,1169.919677734375
MLP,2273,1177.5501708984375,1165.186279296875
MLP,2274,1168.769775390625,1159.8575439453125
MLP,2275,1173.240478515625,1172.737548828125
MLP,2276,1166.246826171875,1169.5830078125
MLP,2277,1162.58203125,1167.102294921875
MLP,2278,1158.6802978515625,1165.76708984375
MLP,2279,1163.9075927734375,1168.036865234375
MLP,2280,1171.9095458984375,1163.0400390625
MLP,2281,1162.34619140625,1168.506591796875
MLP,2282,1170.893310546875,1169.85302734375
MLP,2283,1174.4691162109375,1164.6541748046875
MLP,2284,1166.2305908203125,1167.5028076171875
MLP,2285,1157.7613525390625,1161.0185546875
MLP,2286,1164.8489990234375,1164.6246337890625
MLP,2287,1165.3592529296875,1158.5833740234375
MLP,2288,1171.46875,1171.9315185546875
MLP,2289,1170.089111328125,1166.013671875
MLP,2290,1172.5230712890625,1170.9710693359375
MLP,2291,1170.135009765625,1167.1380615234375
MLP,2292,1162.31396484375,1172.60791015625
MLP,2293,1168.244384765625,1166.9139404296875
MLP,2294,1163.86083984375,1170.75537109375
MLP,2295,1165.662841796875,1170.3970947265625
MLP,2296,1181.29345703125,1171.655029296875
MLP,2297,1167.7568359375,1167.99609375
MLP,2298,1171.325439453125,1170.91162109375
MLP,2299,1168.1142578125,1171.1717529296875
MLP,2300,1173.829833984375,1164.8211669921875
MLP,2301,1163.9952392578125,1168.3594970703125
MLP,2302,1168.6729736328125,1165.23779296875
MLP,2303,1170.993408203125,1171.8170166015625
MLP,2304,1169.20654296875,1167.429443359375
MLP,2305,1157.012939453125,1166.7313232421875
MLP,2306,1158.9822998046875,1173.029296875
MLP,2307,1167.486328125,1176.0611572265625
MLP,2308,1165.3934326171875,1163.093505859375
MLP,2309,1163.86279296875,1171.1536865234375
MLP,2310,1166.7508544921875,1164.4625244140625
MLP,2311,1173.9697265625,1169.233154296875
MLP,2312,1160.2392578125,1170.5020751953125
MLP,2313,1164.47119140625,1174.0465087890625
MLP,2314,1177.0157470703125,1163.009033203125
MLP,2315,1171.7061767578125,1180.979248046875
MLP,2316,1167.8143310546875,1171.4193115234375
MLP,2317,1166.196533203125,1172.7733154296875
MLP,2318,1161.6275634765625,1164.933837890625
MLP,2319,1172.77099609375,1163.112548828125
MLP,2320,1165.613037109375,1164.7088623046875
MLP,2321,1173.072265625,1175.29248046875
MLP,2322,1159.9005126953125,1177.28271484375
MLP,2323,1177.206298828125,1173.550537109375
MLP,2324,1162.8408203125,1166.2305908203125
MLP,2325,1163.3505859375,1171.9306640625
MLP,2326,1168.2735595703125,1161.084716796875
MLP,2327,1176.248046875,1169.8153076171875
MLP,2328,1171.5445556640625,1180.3858642578125
MLP,2329,1173.2403564453125,1179.9608154296875
MLP,2330,1172.251220703125,1166.9039306640625
MLP,2331,1164.73779296875,1166.7088623046875
MLP,2332,1166.339599609375,1166.6204833984375
MLP,2333,1163.8785400390625,1172.3463134765625
MLP,2334,1182.2474365234375,1166.0439453125
MLP,2335,1165.0670166015625,1156.7813720703125
MLP,2336,1168.0003662109375,1162.27001953125
MLP,2337,1173.5975341796875,1164.2734375
MLP,2338,1164.063720703125,1167.936767578125
MLP,2339,1179.880126953125,1163.8779296875
MLP,2340,1171.051513671875,1168.8031005859375
MLP,2341,1170.5531005859375,1158.9517822265625
MLP,2342,1166.1595458984375,1167.6383056640625
MLP,2343,1170.8900146484375,1170.300048828125
MLP,2344,1164.5426025390625,1166.57177734375
MLP,2345,1169.46240234375,1164.9185791015625
MLP,2346,1177.28173828125,1166.3355712890625
MLP,2347,1160.7591552734375,1158.6025390625
MLP,2348,1165.2060546875,1161.474609375
MLP,2349,1164.739990234375,1165.4049072265625
MLP,2350,1168.6163330078125,1171.150146484375
MLP,2351,1165.9215087890625,1171.695556640625
MLP,2352,1165.7781982421875,1171.5537109375
MLP,2353,1165.4281005859375,1170.2344970703125
MLP,2354,1168.927734375,1166.4954833984375
MLP,2355,1165.9744873046875,1173.466552734375
MLP,2356,1173.8861083984375,1174.3504638671875
MLP,2357,1168.65380859375,1167.6903076171875
MLP,2358,1173.040771484375,1166.3253173828125
MLP,2359,1170.552734375,1166.49755859375
MLP,2360,1170.66259765625,1169.4312744140625
MLP,2361,1168.0885009765625,1170.15234375
MLP,2362,1168.403564453125,1171.281982421875
MLP,2363,1172.532958984375,1169.2340087890625
MLP,2364,1171.864501953125,1167.2015380859375
MLP,2365,1170.383056640625,1159.1337890625
MLP,2366,1169.0426025390625,1172.548583984375
MLP,2367,1166.2645263671875,1170.7603759765625
MLP,2368,1164.4735107421875,1168.3607177734375
MLP,2369,1169.195556640625,1175.3304443359375
MLP,2370,1174.05224609375,1160.114990234375
MLP,2371,1167.5460205078125,1159.4368896484375
MLP,2372,1175.5924072265625,1172.0001220703125
MLP,2373,1168.9979248046875,1161.6712646484375
MLP,2374,1174.762939453125,1168.9071044921875
MLP,2375,1164.552978515625,1158.0228271484375
MLP,2376,1161.010009765625,1165.050537109375
MLP,2377,1158.5904541015625,1173.224853515625
MLP,2378,1164.1715087890625,1173.7271728515625
MLP,2379,1172.0111083984375,1169.4495849609375
MLP,2380,1167.03759765625,1173.237060546875
MLP,2381,1171.224853515625,1162.865966796875
MLP,2382,1164.1602783203125,1175.56103515625
MLP,2383,1169.6123046875,1169.9765625
MLP,2384,1169.171875,1168.1070556640625
MLP,2385,1172.341552734375,1164.8031005859375
MLP,2386,1173.647216796875,1172.84130859375
MLP,2387,1155.6627197265625,1176.749267578125
MLP,2388,1164.589599609375,1166.436279296875
MLP,2389,1163.3841552734375,1172.475830078125
MLP,2390,1166.34130859375,1169.8162841796875
MLP,2391,1172.08935546875,1169.071044921875
MLP,2392,1168.2850341796875,1168.3641357421875
MLP,2393,1163.18701171875,1169.8916015625
MLP,2394,1169.57861328125,1167.5648193359375
MLP,2395,1177.2413330078125,1168.4920654296875
MLP,2396,1163.9686279296875,1166.877197265625
MLP,2397,1169.0015869140625,1167.880615234375
MLP,2398,1174.2833251953125,1164.061767578125
MLP,2399,1158.91162109375,1158.9791259765625
MLP,2400,1165.737548828125,1162.27099609375
MLP,2401,1165.831787109375,1168.8074951171875
MLP,2402,1163.8568115234375,1172.53515625
MLP,2403,1170.928955078125,1165.61474609375
MLP,2404,1166.9200439453125,1166.546875
MLP,2405,1169.4783935546875,1169.4345703125
MLP,2406,1183.584716796875,1171.0301513671875
MLP,2407,1164.860107421875,1165.8585205078125
MLP,2408,1178.53125,1176.3197021484375
MLP,2409,1167.2860107421875,1167.0252685546875
MLP,2410,1173.775146484375,1164.1063232421875
MLP,2411,1167.15087890625,1175.9483642578125
MLP,2412,1169.6591796875,1168.26318359375
MLP,2413,1168.9827880859375,1164.513671875
MLP,2414,1161.341064453125,1157.561767578125
MLP,2415,1174.4608154296875,1155.3582763671875
MLP,2416,1171.318115234375,1165.4344482421875
MLP,2417,1158.636474609375,1166.59326171875
MLP,2418,1163.5379638671875,1172.539794921875
MLP,2419,1162.8848876953125,1165.5302734375
MLP,2420,1162.7440185546875,1164.9630126953125
MLP,2421,1172.6962890625,1157.4560546875
MLP,2422,1169.56005859375,1162.634033203125
MLP,2423,1166.35791015625,1169.0595703125
MLP,2424,1174.8240966796875,1174.2098388671875
MLP,2425,1173.5706787109375,1169.340576171875
MLP,2426,1169.01708984375,1165.367919921875
MLP,2427,1170.115234375,1164.759765625
MLP,2428,1165.600341796875,1162.097412109375
MLP,2429,1166.787109375,1163.33447265625
MLP,2430,1171.3778076171875,1166.4366455078125
MLP,2431,1165.15673828125,1166.134033203125
MLP,2432,1169.0137939453125,1170.951904296875
MLP,2433,1172.4835205078125,1175.8170166015625
MLP,2434,1176.280517578125,1169.1849365234375
MLP,2435,1178.5347900390625,1178.40966796875
MLP,2436,1175.1512451171875,1156.752685546875
MLP,2437,1161.2666015625,1168.5631103515625
MLP,2438,1170.1336669921875,1166.5753173828125
MLP,2439,1167.4813232421875,1175.12060546875
MLP,2440,1162.285888671875,1166.4241943359375
MLP,2441,1166.111572265625,1170.455322265625
MLP,2442,1170.5662841796875,1171.12939453125
MLP,2443,1161.257080078125,1162.092041015625
MLP,2444,1162.871337890625,1177.5267333984375
MLP,2445,1174.6500244140625,1163.0303955078125
MLP,2446,1164.9398193359375,1168.6875
MLP,2447,1171.73486328125,1173.2205810546875
MLP,2448,1166.6912841796875,1170.88720703125
MLP,2449,1163.9876708984375,1168.090087890625
MLP,2450,1167.0452880859375,1165.3504638671875
MLP,2451,1165.4508056640625,1165.599853515625
MLP,2452,1161.3726806640625,1172.593017578125
MLP,2453,1165.8243408203125,1162.91552734375
MLP,2454,1164.373291015625,1170.2392578125
MLP,2455,1159.1099853515625,1168.9205322265625
MLP,2456,1165.4901123046875,1162.2982177734375
MLP,2457,1171.630126953125,1175.6092529296875
MLP,2458,1163.7847900390625,1164.5357666015625
MLP,2459,1159.5655517578125,1164.760009765625
MLP,2460,1165.9732666015625,1167.3592529296875
MLP,2461,1165.03564453125,1170.6719970703125
MLP,2462,1167.87548828125,1162.882080078125
MLP,2463,1158.3140869140625,1164.1689453125
MLP,2464,1165.7967529296875,1176.8883056640625
MLP,2465,1167.7137451171875,1167.2230224609375
MLP,2466,1168.81640625,1177.6500244140625
MLP,2467,1166.6165771484375,1165.1163330078125
MLP,2468,1161.349853515625,1168.6051025390625
MLP,2469,1163.809814453125,1158.1707763671875
MLP,2470,1161.612060546875,1166.5499267578125
MLP,2471,1165.82568359375,1171.738037109375
MLP,2472,1164.8553466796875,1173.7843017578125
MLP,2473,1161.8984375,1157.5775146484375
MLP,2474,1161.32958984375,1174.824462890625
MLP,2475,1166.016845703125,1171.36328125
MLP,2476,1168.270751953125,1171.622802734375
MLP,2477,1159.123046875,1160.83251953125
MLP,2478,1168.01220703125,1170.16259765625
MLP,2479,1163.955810546875,1159.0858154296875
MLP,2480,1166.9571533203125,1168.7442626953125
MLP,2481,1163.379638671875,1169.30859375
MLP,2482,1172.5311279296875,1174.904296875
MLP,2483,1160.2586669921875,1162.8438720703125
MLP,2484,1164.4698486328125,1166.685791015625
MLP,2485,1163.3209228515625,1173.6500244140625
MLP,2486,1170.17529296875,1156.85400390625
MLP,2487,1167.6514892578125,1168.96826171875
MLP,2488,1164.6654052734375,1155.36376953125
MLP,2489,1168.0400390625,1166.4508056640625
MLP,2490,1166.3406982421875,1172.6646728515625
MLP,2491,1176.7215576171875,1171.9462890625
MLP,2492,1162.2493896484375,1166.40771484375
MLP,2493,1174.998046875,1159.7110595703125
MLP,2494,1162.9835205078125,1158.8980712890625
MLP,2495,1160.97607421875,1164.5633544921875
MLP,2496,1169.0343017578125,1167.997314453125
MLP,2497,1179.397216796875,1176.7193603515625
MLP,2498,1160.1182861328125,1154.7333984375
MLP,2499,1160.46533203125,1166.033935546875
