Model,Epoch,TrainLoss,ValLoss
PCA_MLP,0,10.877803802490234,10.450508117675781
PCA_MLP,1,10.660179138183594,11.39419174194336
PCA_MLP,2,10.24596881866455,10.769848823547363
PCA_MLP,3,11.718510627746582,10.40160846710205
PCA_MLP,4,10.175512313842773,10.934331893920898
PCA_MLP,5,10.763416290283203,10.969282150268555
PCA_MLP,6,11.250229835510254,11.174696922302246
PCA_MLP,7,10.017415046691895,10.883430480957031
PCA_MLP,8,10.192902565002441,11.316423416137695
PCA_MLP,9,10.458271026611328,11.707544326782227
PCA_MLP,10,11.053261756896973,10.741466522216797
PCA_MLP,11,11.762871742248535,11.285512924194336
PCA_MLP,12,10.88621711730957,10.429692268371582
PCA_MLP,13,11.390423774719238,10.384730339050293
PCA_MLP,14,11.3190279006958,11.009937286376953
PCA_MLP,15,10.10628604888916,10.326238632202148
PCA_MLP,16,10.835309982299805,10.77027702331543
PCA_MLP,17,10.399293899536133,11.535055160522461
PCA_MLP,18,10.538604736328125,10.303990364074707
PCA_MLP,19,10.771509170532227,11.497314453125
PCA_MLP,20,10.18571949005127,10.850845336914062
PCA_MLP,21,10.674269676208496,10.326925277709961
PCA_MLP,22,10.998627662658691,11.255054473876953
PCA_MLP,23,10.26002311706543,11.169549942016602
PCA_MLP,24,11.687950134277344,10.613259315490723
PCA_MLP,25,10.533916473388672,9.828704833984375
PCA_MLP,26,10.902345657348633,11.237404823303223
PCA_MLP,27,10.841968536376953,11.285991668701172
PCA_MLP,28,11.85596752166748,11.082545280456543
PCA_MLP,29,10.177871704101562,11.51179313659668
PCA_MLP,30,10.43497371673584,11.346095085144043
PCA_MLP,31,10.196125984191895,11.215717315673828
PCA_MLP,32,11.144155502319336,11.670045852661133
PCA_MLP,33,10.672979354858398,10.748370170593262
PCA_MLP,34,11.18429183959961,10.237163543701172
PCA_MLP,35,10.581560134887695,11.241150856018066
PCA_MLP,36,11.07563304901123,11.46657943725586
PCA_MLP,37,10.336761474609375,10.532760620117188
PCA_MLP,38,10.980649948120117,11.011592864990234
PCA_MLP,39,10.680317878723145,10.444228172302246
PCA_MLP,40,11.149056434631348,10.326454162597656
PCA_MLP,41,11.111343383789062,10.769735336303711
PCA_MLP,42,10.494987487792969,10.7374267578125
PCA_MLP,43,10.951574325561523,11.189992904663086
PCA_MLP,44,11.373926162719727,10.281518936157227
PCA_MLP,45,10.988164901733398,10.680429458618164
PCA_MLP,46,11.425765037536621,10.73194694519043
PCA_MLP,47,10.687713623046875,10.678077697753906
PCA_MLP,48,10.794293403625488,10.234824180603027
PCA_MLP,49,10.947942733764648,11.135486602783203
PCA_MLP,50,11.239025115966797,10.987576484680176
PCA_MLP,51,10.549527168273926,10.264744758605957
PCA_MLP,52,10.910364151000977,11.129461288452148
PCA_MLP,53,11.47365665435791,11.566177368164062
PCA_MLP,54,11.578315734863281,11.560062408447266
PCA_MLP,55,10.417194366455078,11.764820098876953
PCA_MLP,56,10.531427383422852,10.306406021118164
PCA_MLP,57,11.37514877319336,10.451086044311523
PCA_MLP,58,10.513643264770508,10.787199020385742
PCA_MLP,59,10.550174713134766,11.25844955444336
PCA_MLP,60,10.187480926513672,10.472176551818848
PCA_MLP,61,11.038063049316406,10.430741310119629
PCA_MLP,62,10.542774200439453,10.417123794555664
PCA_MLP,63,10.711320877075195,10.76623821258545
PCA_MLP,64,11.03416633605957,10.32606029510498
PCA_MLP,65,11.29039478302002,10.849964141845703
PCA_MLP,66,11.371336936950684,11.173303604125977
PCA_MLP,67,11.00259017944336,10.207183837890625
PCA_MLP,68,10.882513999938965,11.23515510559082
PCA_MLP,69,11.107551574707031,10.617733001708984
PCA_MLP,70,10.39739990234375,10.773744583129883
PCA_MLP,71,10.905447006225586,11.352280616760254
PCA_MLP,72,10.987407684326172,10.853853225708008
PCA_MLP,73,10.960451126098633,10.62362289428711
PCA_MLP,74,10.50009536743164,10.362043380737305
PCA_MLP,75,11.112176895141602,11.110151290893555
PCA_MLP,76,11.449413299560547,11.003691673278809
PCA_MLP,77,10.574348449707031,10.810504913330078
PCA_MLP,78,11.314228057861328,10.653493881225586
PCA_MLP,79,10.505088806152344,11.001774787902832
PCA_MLP,80,11.357044219970703,11.352096557617188
PCA_MLP,81,11.27601432800293,10.471582412719727
PCA_MLP,82,11.078423500061035,11.087926864624023
PCA_MLP,83,10.17422103881836,10.95753288269043
PCA_MLP,84,10.68895149230957,11.180425643920898
PCA_MLP,85,10.914896011352539,11.240501403808594
PCA_MLP,86,11.127756118774414,10.377229690551758
PCA_MLP,87,11.478826522827148,10.362363815307617
PCA_MLP,88,11.84033203125,11.530865669250488
PCA_MLP,89,11.248018264770508,11.212377548217773
PCA_MLP,90,10.687169075012207,11.27509880065918
PCA_MLP,91,11.06834602355957,11.932317733764648
PCA_MLP,92,10.92967414855957,11.215106010437012
PCA_MLP,93,10.661388397216797,10.825302124023438
PCA_MLP,94,10.319336891174316,11.507173538208008
PCA_MLP,95,11.441234588623047,10.880008697509766
PCA_MLP,96,11.168388366699219,10.829842567443848
PCA_MLP,97,11.032020568847656,10.724359512329102
PCA_MLP,98,10.813627243041992,10.824506759643555
PCA_MLP,99,10.950711250305176,11.16032600402832
PCA_MLP,100,11.168813705444336,11.19687271118164
PCA_MLP,101,11.59229850769043,11.90373420715332
PCA_MLP,102,11.084456443786621,11.072050094604492
PCA_MLP,103,12.178053855895996,10.599763870239258
PCA_MLP,104,11.13458251953125,10.951932907104492
PCA_MLP,105,11.028544425964355,11.572234153747559
PCA_MLP,106,10.79139518737793,10.291448593139648
PCA_MLP,107,10.62240982055664,10.62960433959961
PCA_MLP,108,10.963876724243164,11.286920547485352
PCA_MLP,109,11.775199890136719,11.600284576416016
PCA_MLP,110,10.574233055114746,10.533792495727539
PCA_MLP,111,10.433581352233887,9.949132919311523
PCA_MLP,112,11.22789192199707,10.23676872253418
PCA_MLP,113,10.995455741882324,10.942892074584961
PCA_MLP,114,10.97289752960205,11.332270622253418
PCA_MLP,115,11.79316520690918,10.811637878417969
PCA_MLP,116,11.573320388793945,10.966493606567383
PCA_MLP,117,10.380790710449219,11.575027465820312
PCA_MLP,118,10.227853775024414,11.1426420211792
PCA_MLP,119,11.369279861450195,11.530394554138184
PCA_MLP,120,10.856151580810547,10.780513763427734
PCA_MLP,121,11.117473602294922,11.021142959594727
PCA_MLP,122,10.579710960388184,11.148294448852539
PCA_MLP,123,11.10481071472168,11.330102920532227
PCA_MLP,124,10.233572006225586,11.38730239868164
PCA_MLP,125,10.497814178466797,10.950315475463867
PCA_MLP,126,11.409027099609375,10.230937957763672
PCA_MLP,127,10.60129165649414,10.294098854064941
PCA_MLP,128,11.130695343017578,10.79382610321045
PCA_MLP,129,10.63827133178711,10.819631576538086
PCA_MLP,130,10.861379623413086,11.121820449829102
PCA_MLP,131,10.880529403686523,11.048702239990234
PCA_MLP,132,10.908820152282715,11.136392593383789
PCA_MLP,133,11.655261993408203,12.516311645507812
PCA_MLP,134,10.63696002960205,10.474381446838379
PCA_MLP,135,10.12579345703125,11.270554542541504
PCA_MLP,136,10.923328399658203,11.161628723144531
PCA_MLP,137,10.791799545288086,10.206151962280273
PCA_MLP,138,11.38895034790039,10.634681701660156
PCA_MLP,139,10.783947944641113,11.322564125061035
PCA_MLP,140,10.59869384765625,10.85304069519043
PCA_MLP,141,10.783710479736328,10.531760215759277
PCA_MLP,142,11.269514083862305,10.971426963806152
PCA_MLP,143,11.791360855102539,10.95297622680664
PCA_MLP,144,10.83860969543457,10.899454116821289
PCA_MLP,145,11.556831359863281,10.715084075927734
PCA_MLP,146,11.087671279907227,11.06106948852539
PCA_MLP,147,10.274957656860352,11.263362884521484
PCA_MLP,148,11.174257278442383,11.627718925476074
PCA_MLP,149,11.920759201049805,10.52082347869873
PCA_MLP,150,11.596382141113281,10.973495483398438
PCA_MLP,151,10.254535675048828,10.935722351074219
PCA_MLP,152,11.04731559753418,11.036748886108398
PCA_MLP,153,12.289643287658691,11.571404457092285
PCA_MLP,154,11.16276741027832,10.146625518798828
PCA_MLP,155,10.956235885620117,10.624377250671387
PCA_MLP,156,11.44361400604248,11.132186889648438
PCA_MLP,157,10.089620590209961,10.22494125366211
PCA_MLP,158,9.986307144165039,10.960332870483398
PCA_MLP,159,11.050046920776367,10.654314041137695
PCA_MLP,160,10.043678283691406,10.469940185546875
PCA_MLP,161,11.786352157592773,10.56024169921875
PCA_MLP,162,10.484638214111328,10.650808334350586
PCA_MLP,163,10.515096664428711,10.792162895202637
PCA_MLP,164,10.651878356933594,11.850175857543945
PCA_MLP,165,10.713827133178711,10.558320999145508
PCA_MLP,166,10.75604248046875,10.052579879760742
PCA_MLP,167,10.839606285095215,11.0803804397583
PCA_MLP,168,11.66116714477539,10.6342134475708
PCA_MLP,169,10.180669784545898,11.115439414978027
PCA_MLP,170,11.247591018676758,10.446144104003906
PCA_MLP,171,10.784079551696777,10.752214431762695
PCA_MLP,172,10.787252426147461,10.582864761352539
PCA_MLP,173,10.289058685302734,10.768152236938477
PCA_MLP,174,11.295248031616211,10.93423080444336
PCA_MLP,175,10.982328414916992,11.157743453979492
PCA_MLP,176,11.458683013916016,10.736578941345215
PCA_MLP,177,11.140520095825195,11.107879638671875
PCA_MLP,178,11.181986808776855,10.713571548461914
PCA_MLP,179,10.868956565856934,10.829360961914062
PCA_MLP,180,10.430047988891602,10.82387924194336
PCA_MLP,181,11.092991828918457,11.066665649414062
PCA_MLP,182,11.476336479187012,11.345486640930176
PCA_MLP,183,10.489530563354492,11.010641098022461
PCA_MLP,184,11.018377304077148,10.819721221923828
PCA_MLP,185,10.857950210571289,10.386221885681152
PCA_MLP,186,10.71778392791748,10.609418869018555
PCA_MLP,187,11.375988006591797,10.276841163635254
PCA_MLP,188,11.308822631835938,10.84273910522461
PCA_MLP,189,11.260031700134277,10.659564971923828
PCA_MLP,190,10.841955184936523,11.273632049560547
PCA_MLP,191,11.117852210998535,10.408888816833496
PCA_MLP,192,10.221900939941406,10.965288162231445
PCA_MLP,193,10.235025405883789,10.579726219177246
PCA_MLP,194,11.597417831420898,10.543968200683594
PCA_MLP,195,11.601486206054688,11.383173942565918
PCA_MLP,196,10.911809921264648,11.919456481933594
PCA_MLP,197,11.191640853881836,11.460081100463867
PCA_MLP,198,10.97285270690918,11.118284225463867
PCA_MLP,199,10.946832656860352,11.288490295410156
PCA_MLP,200,10.769050598144531,11.304889678955078
PCA_MLP,201,10.473169326782227,11.079912185668945
PCA_MLP,202,10.692360877990723,10.744956970214844
PCA_MLP,203,10.691060066223145,11.568943977355957
PCA_MLP,204,11.11660385131836,10.75128173828125
PCA_MLP,205,11.440120697021484,10.379753112792969
PCA_MLP,206,11.030326843261719,11.002761840820312
PCA_MLP,207,10.173589706420898,11.268110275268555
PCA_MLP,208,10.263927459716797,11.449522018432617
PCA_MLP,209,11.272204399108887,10.436147689819336
PCA_MLP,210,11.203559875488281,10.266435623168945
PCA_MLP,211,11.043977737426758,11.73982048034668
PCA_MLP,212,11.3934326171875,10.148382186889648
PCA_MLP,213,10.78022575378418,11.47744369506836
PCA_MLP,214,11.202037811279297,10.250377655029297
PCA_MLP,215,10.616863250732422,11.439489364624023
PCA_MLP,216,10.185750961303711,9.936457633972168
PCA_MLP,217,11.197328567504883,10.390249252319336
PCA_MLP,218,10.567695617675781,10.306703567504883
PCA_MLP,219,10.949974060058594,11.517005920410156
PCA_MLP,220,10.558242797851562,10.82963752746582
PCA_MLP,221,10.35942268371582,10.345091819763184
PCA_MLP,222,10.994258880615234,12.151012420654297
PCA_MLP,223,11.342757225036621,11.183561325073242
PCA_MLP,224,10.849010467529297,10.958127975463867
PCA_MLP,225,11.322553634643555,11.193808555603027
PCA_MLP,226,10.273354530334473,10.789033889770508
PCA_MLP,227,10.523186683654785,10.527652740478516
PCA_MLP,228,10.705241203308105,10.840877532958984
PCA_MLP,229,11.092529296875,10.317713737487793
PCA_MLP,230,10.21358871459961,12.123089790344238
PCA_MLP,231,11.397796630859375,11.14468002319336
PCA_MLP,232,10.693021774291992,10.891077041625977
PCA_MLP,233,10.832083702087402,10.845891952514648
PCA_MLP,234,11.587210655212402,10.555242538452148
PCA_MLP,235,11.487910270690918,10.79550552368164
PCA_MLP,236,11.191946029663086,10.422758102416992
PCA_MLP,237,10.981588363647461,10.719529151916504
PCA_MLP,238,10.98282241821289,10.047727584838867
PCA_MLP,239,10.482495307922363,10.449657440185547
PCA_MLP,240,11.429452896118164,12.129410743713379
PCA_MLP,241,11.356245994567871,12.060324668884277
PCA_MLP,242,9.995079040527344,10.745080947875977
PCA_MLP,243,11.104455947875977,10.452993392944336
PCA_MLP,244,10.683408737182617,11.352907180786133
PCA_MLP,245,10.84769058227539,9.729021072387695
PCA_MLP,246,10.373875617980957,11.310708045959473
PCA_MLP,247,10.990618705749512,11.501996994018555
PCA_MLP,248,10.817861557006836,10.191814422607422
PCA_MLP,249,11.069936752319336,9.890308380126953
PCA_MLP,250,10.95017147064209,10.72694206237793
PCA_MLP,251,10.422904968261719,11.674007415771484
PCA_MLP,252,10.780008316040039,10.871620178222656
PCA_MLP,253,10.485106468200684,11.496797561645508
PCA_MLP,254,10.268768310546875,11.978845596313477
PCA_MLP,255,10.936555862426758,11.112422943115234
PCA_MLP,256,11.599187850952148,10.98078727722168
PCA_MLP,257,11.188547134399414,10.943668365478516
PCA_MLP,258,11.133768081665039,11.967584609985352
PCA_MLP,259,11.124704360961914,11.760194778442383
PCA_MLP,260,10.778934478759766,10.446043014526367
PCA_MLP,261,10.127433776855469,10.119317054748535
PCA_MLP,262,11.387795448303223,10.945751190185547
PCA_MLP,263,10.749040603637695,10.910707473754883
PCA_MLP,264,11.122386932373047,11.124649047851562
PCA_MLP,265,11.92210578918457,10.983697891235352
PCA_MLP,266,11.49079704284668,10.433664321899414
PCA_MLP,267,10.676342010498047,11.503466606140137
PCA_MLP,268,11.443824768066406,11.079628944396973
PCA_MLP,269,11.462276458740234,10.331033706665039
PCA_MLP,270,10.742191314697266,9.857965469360352
PCA_MLP,271,10.93375301361084,10.770115852355957
PCA_MLP,272,11.452929496765137,11.667258262634277
PCA_MLP,273,10.606691360473633,10.22344970703125
PCA_MLP,274,10.567154884338379,10.788878440856934
PCA_MLP,275,10.965948104858398,10.502374649047852
PCA_MLP,276,10.398473739624023,10.445852279663086
PCA_MLP,277,10.470356941223145,10.9421968460083
PCA_MLP,278,12.12667465209961,10.22120189666748
PCA_MLP,279,10.575017929077148,10.444546699523926
PCA_MLP,280,10.789857864379883,10.744318008422852
PCA_MLP,281,10.879719734191895,10.633792877197266
PCA_MLP,282,10.677096366882324,12.273208618164062
PCA_MLP,283,10.665750503540039,11.957595825195312
PCA_MLP,284,10.938568115234375,11.902135848999023
PCA_MLP,285,10.86406421661377,10.852608680725098
PCA_MLP,286,10.206817626953125,10.682908058166504
PCA_MLP,287,11.360822677612305,11.167301177978516
PCA_MLP,288,11.218103408813477,10.009360313415527
PCA_MLP,289,11.824989318847656,9.8751220703125
PCA_MLP,290,10.677253723144531,10.00184154510498
PCA_MLP,291,10.765865325927734,10.65267562866211
PCA_MLP,292,10.629471778869629,11.193493843078613
PCA_MLP,293,10.513132095336914,10.665879249572754
PCA_MLP,294,10.376535415649414,9.686580657958984
PCA_MLP,295,10.563690185546875,11.234180450439453
PCA_MLP,296,10.945984840393066,11.795673370361328
PCA_MLP,297,11.660435676574707,10.296027183532715
PCA_MLP,298,10.578479766845703,11.390252113342285
PCA_MLP,299,10.802095413208008,11.219413757324219
PCA_MLP,300,10.348794937133789,11.040674209594727
PCA_MLP,301,11.115967750549316,10.553311347961426
PCA_MLP,302,11.393636703491211,10.491559028625488
PCA_MLP,303,11.038209915161133,10.93943977355957
PCA_MLP,304,10.640042304992676,10.667398452758789
PCA_MLP,305,10.622902870178223,11.520872116088867
PCA_MLP,306,10.181554794311523,10.711124420166016
PCA_MLP,307,11.205229759216309,11.696123123168945
PCA_MLP,308,10.620485305786133,10.806766510009766
PCA_MLP,309,11.120833396911621,10.855350494384766
PCA_MLP,310,11.073623657226562,10.532840728759766
PCA_MLP,311,10.829185485839844,10.863776206970215
PCA_MLP,312,11.143722534179688,10.541654586791992
PCA_MLP,313,10.72429084777832,11.024836540222168
PCA_MLP,314,10.145792961120605,10.985570907592773
PCA_MLP,315,10.37855339050293,11.034883499145508
PCA_MLP,316,11.356371879577637,10.84172248840332
PCA_MLP,317,10.330926895141602,11.237293243408203
PCA_MLP,318,10.96624755859375,11.790416717529297
PCA_MLP,319,11.446480751037598,11.310230255126953
PCA_MLP,320,10.827414512634277,11.438610076904297
PCA_MLP,321,10.686319351196289,10.131856918334961
PCA_MLP,322,10.387630462646484,10.282818794250488
PCA_MLP,323,11.101264953613281,10.638373374938965
PCA_MLP,324,10.216650009155273,10.493478775024414
PCA_MLP,325,11.117593765258789,10.872222900390625
PCA_MLP,326,11.269805908203125,11.764181137084961
PCA_MLP,327,11.746925354003906,10.861793518066406
PCA_MLP,328,10.484330177307129,10.21487045288086
PCA_MLP,329,11.268259048461914,11.688215255737305
PCA_MLP,330,10.38532543182373,11.103385925292969
PCA_MLP,331,10.774436950683594,10.661460876464844
PCA_MLP,332,11.908291816711426,11.292295455932617
PCA_MLP,333,10.485960006713867,11.4360990524292
PCA_MLP,334,11.347156524658203,10.804964065551758
PCA_MLP,335,11.165005683898926,11.190437316894531
PCA_MLP,336,10.752115249633789,10.722028732299805
PCA_MLP,337,10.990425109863281,10.222061157226562
PCA_MLP,338,11.28212833404541,11.641897201538086
PCA_MLP,339,11.194416046142578,11.301748275756836
PCA_MLP,340,11.145633697509766,10.632425308227539
PCA_MLP,341,10.636055946350098,10.886096954345703
PCA_MLP,342,10.539433479309082,10.457597732543945
PCA_MLP,343,10.980592727661133,10.344470024108887
PCA_MLP,344,10.929336547851562,10.512665748596191
PCA_MLP,345,11.275785446166992,10.863688468933105
PCA_MLP,346,11.816082000732422,10.768777847290039
PCA_MLP,347,11.03835678100586,10.818273544311523
PCA_MLP,348,9.639840126037598,11.313506126403809
PCA_MLP,349,10.755615234375,11.33261775970459
PCA_MLP,350,10.5759916305542,10.612768173217773
PCA_MLP,351,10.867743492126465,11.218120574951172
PCA_MLP,352,10.50401496887207,10.406322479248047
PCA_MLP,353,10.559164047241211,11.054641723632812
PCA_MLP,354,10.511033058166504,10.132686614990234
PCA_MLP,355,10.787622451782227,11.103191375732422
PCA_MLP,356,11.240729331970215,11.260425567626953
PCA_MLP,357,9.970368385314941,10.080854415893555
PCA_MLP,358,10.087661743164062,10.949393272399902
PCA_MLP,359,10.520066261291504,9.861564636230469
PCA_MLP,360,11.176656723022461,10.58748722076416
PCA_MLP,361,11.00123119354248,11.623125076293945
PCA_MLP,362,10.396421432495117,11.107221603393555
PCA_MLP,363,11.16878890991211,10.73863697052002
PCA_MLP,364,11.186725616455078,10.4093599319458
PCA_MLP,365,10.741662979125977,11.240039825439453
PCA_MLP,366,11.266300201416016,11.366937637329102
PCA_MLP,367,11.705419540405273,10.688490867614746
PCA_MLP,368,11.040811538696289,10.558032989501953
PCA_MLP,369,11.137518882751465,10.425281524658203
PCA_MLP,370,10.829401969909668,10.836639404296875
PCA_MLP,371,11.302406311035156,10.779361724853516
PCA_MLP,372,10.765424728393555,11.107292175292969
PCA_MLP,373,10.799896240234375,11.820893287658691
PCA_MLP,374,11.145369529724121,10.70040225982666
PCA_MLP,375,10.436394691467285,10.626083374023438
PCA_MLP,376,10.165613174438477,11.525888442993164
PCA_MLP,377,10.175703048706055,11.248857498168945
PCA_MLP,378,10.798867225646973,10.022220611572266
PCA_MLP,379,10.272440910339355,10.594614028930664
PCA_MLP,380,11.100820541381836,10.841874122619629
PCA_MLP,381,10.593729019165039,10.672779083251953
PCA_MLP,382,11.495797157287598,11.977965354919434
PCA_MLP,383,10.86607551574707,10.755413055419922
PCA_MLP,384,10.898136138916016,10.395715713500977
PCA_MLP,385,10.39090633392334,11.251516342163086
PCA_MLP,386,10.314742088317871,11.225936889648438
PCA_MLP,387,11.109893798828125,10.522294044494629
PCA_MLP,388,10.33303451538086,10.193891525268555
PCA_MLP,389,11.347439765930176,10.875385284423828
PCA_MLP,390,11.498464584350586,10.388957023620605
PCA_MLP,391,10.986709594726562,10.805389404296875
PCA_MLP,392,10.449604034423828,11.79226016998291
PCA_MLP,393,10.44727897644043,10.874872207641602
PCA_MLP,394,10.580079078674316,11.023178100585938
PCA_MLP,395,11.045230865478516,10.781112670898438
PCA_MLP,396,11.0078763961792,9.960509300231934
PCA_MLP,397,11.134805679321289,10.398848533630371
PCA_MLP,398,11.187204360961914,11.097009658813477
PCA_MLP,399,11.11890697479248,9.784734725952148
PCA_MLP,400,10.788771629333496,11.073575973510742
PCA_MLP,401,10.305437088012695,10.85635757446289
PCA_MLP,402,10.69816780090332,10.377212524414062
PCA_MLP,403,10.296371459960938,10.693939208984375
PCA_MLP,404,11.165749549865723,11.068530082702637
PCA_MLP,405,10.249655723571777,9.987970352172852
PCA_MLP,406,11.258230209350586,10.791604995727539
PCA_MLP,407,11.21778678894043,10.262430191040039
PCA_MLP,408,10.246492385864258,10.662836074829102
PCA_MLP,409,10.693877220153809,10.645878791809082
PCA_MLP,410,10.802766799926758,10.155921936035156
PCA_MLP,411,11.190113067626953,11.812625885009766
PCA_MLP,412,10.231935501098633,11.777117729187012
PCA_MLP,413,10.416828155517578,10.949920654296875
PCA_MLP,414,10.902679443359375,10.937370300292969
PCA_MLP,415,10.550178527832031,11.219426155090332
PCA_MLP,416,10.354846000671387,10.257198333740234
PCA_MLP,417,10.576223373413086,10.865264892578125
PCA_MLP,418,10.85976505279541,10.30936336517334
PCA_MLP,419,10.5431489944458,10.67284870147705
PCA_MLP,420,11.206865310668945,11.15109634399414
PCA_MLP,421,11.31460189819336,11.66537094116211
PCA_MLP,422,11.819623947143555,11.523250579833984
PCA_MLP,423,10.923694610595703,11.21316909790039
PCA_MLP,424,11.38153076171875,10.315853118896484
PCA_MLP,425,10.864545822143555,11.389320373535156
PCA_MLP,426,10.8920316696167,11.037452697753906
PCA_MLP,427,10.617112159729004,11.353160858154297
PCA_MLP,428,11.471923828125,11.365073204040527
PCA_MLP,429,10.140612602233887,10.928940773010254
PCA_MLP,430,11.338489532470703,10.048917770385742
PCA_MLP,431,11.397151947021484,10.784414291381836
PCA_MLP,432,11.258077621459961,10.706220626831055
PCA_MLP,433,10.340892791748047,10.952507019042969
PCA_MLP,434,10.916275024414062,11.554300308227539
PCA_MLP,435,11.158015251159668,9.661643028259277
PCA_MLP,436,11.293741226196289,11.48756217956543
PCA_MLP,437,10.088395118713379,11.071084976196289
PCA_MLP,438,10.471857070922852,10.879525184631348
PCA_MLP,439,11.061346054077148,10.058219909667969
PCA_MLP,440,11.298542022705078,11.465002059936523
PCA_MLP,441,10.240171432495117,10.576257705688477
PCA_MLP,442,10.746479034423828,10.968974113464355
PCA_MLP,443,10.05674934387207,11.171711921691895
PCA_MLP,444,10.307002067565918,11.435062408447266
PCA_MLP,445,10.688525199890137,10.876773834228516
PCA_MLP,446,11.044534683227539,10.594873428344727
PCA_MLP,447,10.350519180297852,9.872049331665039
PCA_MLP,448,10.70475959777832,11.488426208496094
PCA_MLP,449,11.421836853027344,10.209785461425781
PCA_MLP,450,11.048179626464844,12.342214584350586
PCA_MLP,451,11.58513355255127,10.685370445251465
PCA_MLP,452,11.043246269226074,11.174259185791016
PCA_MLP,453,10.873563766479492,11.616323471069336
PCA_MLP,454,10.543129920959473,11.309600830078125
PCA_MLP,455,11.104768753051758,10.712321281433105
PCA_MLP,456,10.599015235900879,9.85503101348877
PCA_MLP,457,10.431588172912598,10.434159278869629
PCA_MLP,458,11.01974105834961,11.667047500610352
PCA_MLP,459,11.072406768798828,11.026274681091309
PCA_MLP,460,11.288983345031738,10.731590270996094
PCA_MLP,461,9.983713150024414,11.028051376342773
PCA_MLP,462,10.916046142578125,10.393556594848633
PCA_MLP,463,11.397417068481445,10.691863059997559
PCA_MLP,464,10.413464546203613,11.38394546508789
PCA_MLP,465,11.813238143920898,9.746400833129883
PCA_MLP,466,10.66529369354248,10.65692138671875
PCA_MLP,467,9.940747261047363,11.015196800231934
PCA_MLP,468,11.713212966918945,10.196760177612305
PCA_MLP,469,11.568156242370605,11.41688346862793
PCA_MLP,470,11.058326721191406,11.80567741394043
PCA_MLP,471,10.626502990722656,11.095489501953125
PCA_MLP,472,10.777463912963867,10.938108444213867
PCA_MLP,473,9.976354598999023,11.452620506286621
PCA_MLP,474,10.934276580810547,10.396668434143066
PCA_MLP,475,11.158552169799805,11.419940948486328
PCA_MLP,476,10.67011547088623,11.301708221435547
PCA_MLP,477,10.853021621704102,10.777729988098145
PCA_MLP,478,11.030600547790527,10.888816833496094
PCA_MLP,479,11.064969062805176,10.974255561828613
PCA_MLP,480,10.110498428344727,11.809406280517578
PCA_MLP,481,10.989343643188477,10.534967422485352
PCA_MLP,482,11.704830169677734,11.240575790405273
PCA_MLP,483,10.010743141174316,10.848899841308594
PCA_MLP,484,10.821565628051758,11.176151275634766
PCA_MLP,485,10.079194068908691,10.120595932006836
PCA_MLP,486,11.075336456298828,10.918149948120117
PCA_MLP,487,10.603930473327637,10.297040939331055
PCA_MLP,488,11.183526992797852,10.613335609436035
PCA_MLP,489,9.980281829833984,10.384061813354492
PCA_MLP,490,10.20193862915039,10.568033218383789
PCA_MLP,491,11.60246753692627,10.266073226928711
PCA_MLP,492,10.318387985229492,10.765787124633789
PCA_MLP,493,11.210267066955566,11.377723693847656
PCA_MLP,494,10.533180236816406,11.140217781066895
PCA_MLP,495,10.980829238891602,10.912012100219727
PCA_MLP,496,10.679988861083984,11.23746109008789
PCA_MLP,497,10.350410461425781,9.984792709350586
PCA_MLP,498,10.852800369262695,11.16008186340332
PCA_MLP,499,10.907697677612305,10.93194580078125
PCA_MLP,500,10.170086860656738,11.041873931884766
PCA_MLP,501,10.212206840515137,10.925256729125977
PCA_MLP,502,11.292348861694336,10.344950675964355
PCA_MLP,503,10.685464859008789,11.108491897583008
PCA_MLP,504,9.895136833190918,11.421777725219727
PCA_MLP,505,10.155357360839844,10.702966690063477
PCA_MLP,506,10.85235595703125,10.588645935058594
PCA_MLP,507,11.192216873168945,10.812138557434082
PCA_MLP,508,11.231761932373047,10.406482696533203
PCA_MLP,509,10.479312896728516,10.330000877380371
PCA_MLP,510,10.705543518066406,11.254159927368164
PCA_MLP,511,11.157188415527344,11.250282287597656
PCA_MLP,512,10.77202033996582,10.427597999572754
PCA_MLP,513,10.109224319458008,11.407968521118164
PCA_MLP,514,10.885198593139648,10.688060760498047
PCA_MLP,515,10.501487731933594,10.499422073364258
PCA_MLP,516,11.090436935424805,10.772356986999512
PCA_MLP,517,10.69839859008789,10.593103408813477
PCA_MLP,518,11.27684211730957,11.168254852294922
PCA_MLP,519,10.75301742553711,10.672889709472656
PCA_MLP,520,10.829669952392578,10.590204238891602
PCA_MLP,521,10.659183502197266,10.87207317352295
PCA_MLP,522,11.42236614227295,11.357254028320312
PCA_MLP,523,10.797531127929688,10.970065116882324
PCA_MLP,524,10.755456924438477,10.846948623657227
PCA_MLP,525,10.600013732910156,10.702529907226562
PCA_MLP,526,11.11160945892334,10.57583999633789
PCA_MLP,527,10.868980407714844,10.098475456237793
PCA_MLP,528,12.069440841674805,11.126523971557617
PCA_MLP,529,10.18355941772461,10.424575805664062
PCA_MLP,530,10.916046142578125,11.276321411132812
PCA_MLP,531,11.151400566101074,10.941839218139648
PCA_MLP,532,10.31330680847168,10.878506660461426
PCA_MLP,533,10.892406463623047,10.497825622558594
PCA_MLP,534,11.145593643188477,11.382434844970703
PCA_MLP,535,10.306941986083984,11.73604965209961
PCA_MLP,536,9.863865852355957,11.35169506072998
PCA_MLP,537,11.106237411499023,10.911901473999023
PCA_MLP,538,10.895790100097656,10.89491081237793
PCA_MLP,539,10.162381172180176,10.090993881225586
PCA_MLP,540,10.566699981689453,11.17471694946289
PCA_MLP,541,10.730440139770508,11.276304244995117
PCA_MLP,542,11.199918746948242,10.856706619262695
PCA_MLP,543,10.384188652038574,10.236356735229492
PCA_MLP,544,11.420014381408691,11.772531509399414
PCA_MLP,545,11.5274658203125,10.688688278198242
PCA_MLP,546,10.716062545776367,10.730119705200195
PCA_MLP,547,10.578619003295898,11.658458709716797
PCA_MLP,548,10.933486938476562,10.240018844604492
PCA_MLP,549,10.367654800415039,10.843057632446289
PCA_MLP,550,10.705160140991211,10.470464706420898
PCA_MLP,551,10.937915802001953,10.70958137512207
PCA_MLP,552,10.595742225646973,11.37629508972168
PCA_MLP,553,10.668354034423828,10.986711502075195
PCA_MLP,554,10.433006286621094,10.235773086547852
PCA_MLP,555,10.522787094116211,11.072473526000977
PCA_MLP,556,10.571062088012695,10.550214767456055
PCA_MLP,557,11.053913116455078,11.720076560974121
PCA_MLP,558,10.893043518066406,11.232913970947266
PCA_MLP,559,11.054506301879883,10.659767150878906
PCA_MLP,560,10.422199249267578,10.369523048400879
PCA_MLP,561,10.492576599121094,11.342098236083984
PCA_MLP,562,10.711275100708008,12.001151084899902
PCA_MLP,563,11.189695358276367,10.804397583007812
PCA_MLP,564,10.948981285095215,10.21921157836914
PCA_MLP,565,11.389761924743652,11.23044204711914
PCA_MLP,566,10.675621032714844,10.472107887268066
PCA_MLP,567,10.623459815979004,10.49162483215332
PCA_MLP,568,10.612652778625488,11.00204086303711
PCA_MLP,569,11.214238166809082,10.805728912353516
PCA_MLP,570,10.26115608215332,10.852270126342773
PCA_MLP,571,10.460288047790527,10.270983695983887
PCA_MLP,572,10.671401023864746,10.45431900024414
PCA_MLP,573,11.631719589233398,10.78726577758789
PCA_MLP,574,11.009349822998047,11.257804870605469
PCA_MLP,575,11.290773391723633,10.501834869384766
PCA_MLP,576,10.980835914611816,10.757126808166504
PCA_MLP,577,10.906698226928711,11.160883903503418
PCA_MLP,578,11.04603099822998,10.469193458557129
PCA_MLP,579,10.871038436889648,11.7574462890625
PCA_MLP,580,10.284626007080078,10.005428314208984
PCA_MLP,581,11.351424217224121,10.759464263916016
PCA_MLP,582,11.121227264404297,10.420534133911133
PCA_MLP,583,10.497148513793945,11.071551322937012
PCA_MLP,584,10.278998374938965,11.080129623413086
PCA_MLP,585,10.347661972045898,11.590922355651855
PCA_MLP,586,10.906140327453613,11.656801223754883
PCA_MLP,587,10.583316802978516,10.707374572753906
PCA_MLP,588,11.154711723327637,11.486433982849121
PCA_MLP,589,10.580638885498047,11.417133331298828
PCA_MLP,590,11.838781356811523,11.574603080749512
PCA_MLP,591,10.825716018676758,10.357992172241211
PCA_MLP,592,10.949172973632812,10.571976661682129
PCA_MLP,593,11.54034423828125,11.353632926940918
PCA_MLP,594,10.546707153320312,11.036422729492188
PCA_MLP,595,11.552199363708496,10.466669082641602
PCA_MLP,596,11.80178165435791,10.518834114074707
PCA_MLP,597,10.533954620361328,10.264406204223633
PCA_MLP,598,11.149456024169922,10.570959091186523
PCA_MLP,599,11.567378997802734,9.99234390258789
PCA_MLP,600,10.228992462158203,10.838830947875977
PCA_MLP,601,10.880617141723633,11.32725715637207
PCA_MLP,602,10.706441879272461,11.627115249633789
PCA_MLP,603,10.350247383117676,10.905611991882324
PCA_MLP,604,11.620087623596191,11.40453052520752
PCA_MLP,605,10.356108665466309,11.148336410522461
PCA_MLP,606,11.268379211425781,11.730878829956055
PCA_MLP,607,11.044775009155273,11.137187004089355
PCA_MLP,608,11.042882919311523,10.298288345336914
PCA_MLP,609,10.348819732666016,11.051656723022461
PCA_MLP,610,10.907896041870117,10.677595138549805
PCA_MLP,611,9.361830711364746,10.322505950927734
PCA_MLP,612,10.645520210266113,10.416009902954102
PCA_MLP,613,11.396817207336426,10.786237716674805
PCA_MLP,614,11.105557441711426,11.386711120605469
PCA_MLP,615,10.85452651977539,11.057779312133789
PCA_MLP,616,11.33337688446045,10.440143585205078
PCA_MLP,617,10.816986083984375,10.959064483642578
PCA_MLP,618,10.365324020385742,10.360574722290039
PCA_MLP,619,10.901394844055176,10.774085998535156
PCA_MLP,620,10.163748741149902,10.970701217651367
PCA_MLP,621,11.116729736328125,10.562185287475586
PCA_MLP,622,10.04281234741211,10.313535690307617
PCA_MLP,623,10.043229103088379,10.681398391723633
PCA_MLP,624,10.796398162841797,10.464091300964355
PCA_MLP,625,11.563606262207031,10.861733436584473
PCA_MLP,626,10.174249649047852,10.393348693847656
PCA_MLP,627,10.700797080993652,10.54671859741211
PCA_MLP,628,10.987975120544434,10.993766784667969
PCA_MLP,629,11.162555694580078,10.73563003540039
PCA_MLP,630,10.780863761901855,11.17361068725586
PCA_MLP,631,10.267965316772461,10.50229549407959
PCA_MLP,632,10.770522117614746,10.874751091003418
PCA_MLP,633,11.401806831359863,9.77963924407959
PCA_MLP,634,10.791909217834473,11.285879135131836
PCA_MLP,635,11.5615234375,10.464385986328125
PCA_MLP,636,11.822982788085938,11.088308334350586
PCA_MLP,637,10.354763984680176,10.968385696411133
PCA_MLP,638,10.614751815795898,10.925033569335938
PCA_MLP,639,11.255636215209961,10.42459487915039
PCA_MLP,640,10.851244926452637,11.174554824829102
PCA_MLP,641,11.625950813293457,11.212952613830566
PCA_MLP,642,10.660194396972656,11.269142150878906
PCA_MLP,643,10.646384239196777,11.591815948486328
PCA_MLP,644,11.234647750854492,11.232738494873047
PCA_MLP,645,11.089241027832031,10.930952072143555
PCA_MLP,646,10.247072219848633,11.319308280944824
PCA_MLP,647,10.20326042175293,10.878120422363281
PCA_MLP,648,10.093696594238281,10.975032806396484
PCA_MLP,649,11.222749710083008,10.96280288696289
PCA_MLP,650,11.073531150817871,10.488975524902344
PCA_MLP,651,10.407051086425781,10.902382850646973
PCA_MLP,652,11.071527481079102,10.865797996520996
PCA_MLP,653,10.953057289123535,10.885601043701172
PCA_MLP,654,11.421452522277832,10.317220687866211
PCA_MLP,655,11.294559478759766,10.55703067779541
PCA_MLP,656,11.823968887329102,10.33812141418457
PCA_MLP,657,11.267029762268066,11.097410202026367
PCA_MLP,658,11.221311569213867,11.928631782531738
PCA_MLP,659,10.736565589904785,10.669551849365234
PCA_MLP,660,10.600077629089355,11.12967586517334
PCA_MLP,661,11.115300178527832,10.463716506958008
PCA_MLP,662,10.900456428527832,11.416367530822754
PCA_MLP,663,11.054431915283203,10.665870666503906
PCA_MLP,664,11.578107833862305,10.708707809448242
PCA_MLP,665,11.68925666809082,10.943707466125488
PCA_MLP,666,11.37054443359375,10.966897010803223
PCA_MLP,667,11.033208847045898,10.29428482055664
PCA_MLP,668,10.529406547546387,11.408761978149414
PCA_MLP,669,11.025160789489746,11.47132682800293
PCA_MLP,670,10.681991577148438,10.562803268432617
PCA_MLP,671,10.520101547241211,11.311969757080078
PCA_MLP,672,10.445343017578125,10.036319732666016
PCA_MLP,673,10.844457626342773,11.285882949829102
PCA_MLP,674,11.575737953186035,10.310226440429688
PCA_MLP,675,11.078596115112305,11.037485122680664
PCA_MLP,676,10.387571334838867,10.416587829589844
PCA_MLP,677,10.66830825805664,10.667993545532227
PCA_MLP,678,10.572547912597656,10.229544639587402
PCA_MLP,679,10.940526962280273,11.12835693359375
PCA_MLP,680,10.476423263549805,11.365863800048828
PCA_MLP,681,10.769174575805664,10.828960418701172
PCA_MLP,682,10.883623123168945,11.113457679748535
PCA_MLP,683,11.014689445495605,11.170089721679688
PCA_MLP,684,10.770654678344727,11.514671325683594
PCA_MLP,685,10.72834587097168,10.826029777526855
PCA_MLP,686,11.322427749633789,10.840792655944824
PCA_MLP,687,10.856420516967773,10.614957809448242
PCA_MLP,688,11.035399436950684,10.489217758178711
PCA_MLP,689,10.540424346923828,10.799293518066406
PCA_MLP,690,10.529685974121094,11.460460662841797
PCA_MLP,691,10.825355529785156,10.884307861328125
PCA_MLP,692,11.953845024108887,10.650077819824219
PCA_MLP,693,11.172988891601562,10.319889068603516
PCA_MLP,694,10.70131778717041,11.005746841430664
PCA_MLP,695,10.838215827941895,10.299626350402832
PCA_MLP,696,11.405381202697754,10.552346229553223
PCA_MLP,697,10.668331146240234,10.640125274658203
PCA_MLP,698,10.494677543640137,11.53094482421875
PCA_MLP,699,10.818622589111328,10.795669555664062
PCA_MLP,700,10.205338478088379,11.214077949523926
PCA_MLP,701,11.060937881469727,10.792163848876953
PCA_MLP,702,10.113069534301758,10.925884246826172
PCA_MLP,703,11.54503059387207,10.698624610900879
PCA_MLP,704,10.249761581420898,10.79493236541748
PCA_MLP,705,10.132966995239258,11.197019577026367
PCA_MLP,706,10.925846099853516,10.460100173950195
PCA_MLP,707,11.086108207702637,10.803610801696777
PCA_MLP,708,11.597467422485352,10.122732162475586
PCA_MLP,709,10.947131156921387,10.953428268432617
PCA_MLP,710,10.543600082397461,10.481075286865234
PCA_MLP,711,10.644203186035156,11.212945938110352
PCA_MLP,712,10.485050201416016,11.671420097351074
PCA_MLP,713,10.909722328186035,11.145658493041992
PCA_MLP,714,11.36665153503418,10.808420181274414
PCA_MLP,715,11.311335563659668,12.069992065429688
PCA_MLP,716,11.737602233886719,11.63044261932373
PCA_MLP,717,11.152481079101562,11.111438751220703
PCA_MLP,718,10.478866577148438,10.918561935424805
PCA_MLP,719,10.721580505371094,10.769347190856934
PCA_MLP,720,11.605846405029297,10.69268798828125
PCA_MLP,721,11.277349472045898,10.722793579101562
PCA_MLP,722,11.437763214111328,11.130718231201172
PCA_MLP,723,10.607576370239258,11.339888572692871
PCA_MLP,724,11.355733871459961,11.746289253234863
PCA_MLP,725,11.130644798278809,10.90748405456543
PCA_MLP,726,10.801170349121094,10.75836181640625
PCA_MLP,727,11.604804039001465,10.822809219360352
PCA_MLP,728,10.640480041503906,11.464679718017578
PCA_MLP,729,11.045844078063965,11.70942497253418
PCA_MLP,730,10.512198448181152,11.752880096435547
PCA_MLP,731,10.665271759033203,10.94937801361084
PCA_MLP,732,11.097003936767578,11.15955924987793
PCA_MLP,733,10.951190948486328,11.166948318481445
PCA_MLP,734,10.792570114135742,9.845048904418945
PCA_MLP,735,10.171733856201172,10.683768272399902
PCA_MLP,736,10.64810848236084,10.74009895324707
PCA_MLP,737,10.602530479431152,10.619531631469727
PCA_MLP,738,11.316247940063477,10.10267448425293
PCA_MLP,739,11.408432006835938,11.181781768798828
PCA_MLP,740,11.31521987915039,11.077159881591797
PCA_MLP,741,10.962040901184082,10.943166732788086
PCA_MLP,742,10.82045841217041,11.703718185424805
PCA_MLP,743,11.411139488220215,10.286425590515137
PCA_MLP,744,10.58167552947998,10.307062149047852
PCA_MLP,745,10.640682220458984,10.55954360961914
PCA_MLP,746,11.09439754486084,11.036462783813477
PCA_MLP,747,10.901446342468262,11.099047660827637
PCA_MLP,748,11.103599548339844,10.121002197265625
PCA_MLP,749,10.417375564575195,10.427982330322266
PCA_MLP,750,10.48318099975586,11.379841804504395
PCA_MLP,751,10.897336959838867,11.774829864501953
PCA_MLP,752,10.919456481933594,11.245244979858398
PCA_MLP,753,10.305879592895508,10.154062271118164
PCA_MLP,754,11.108797073364258,11.215882301330566
PCA_MLP,755,11.036949157714844,10.528257369995117
PCA_MLP,756,10.503030776977539,10.450130462646484
PCA_MLP,757,9.762369155883789,11.222054481506348
PCA_MLP,758,10.586898803710938,11.382226943969727
PCA_MLP,759,10.474709510803223,11.047133445739746
PCA_MLP,760,11.149955749511719,11.083709716796875
PCA_MLP,761,11.13079833984375,10.886646270751953
PCA_MLP,762,10.696264266967773,10.519216537475586
PCA_MLP,763,10.131628036499023,11.450295448303223
PCA_MLP,764,9.788676261901855,10.61290168762207
PCA_MLP,765,11.687667846679688,11.283777236938477
PCA_MLP,766,10.437413215637207,10.266876220703125
PCA_MLP,767,11.192956924438477,11.168980598449707
PCA_MLP,768,10.575769424438477,10.634927749633789
PCA_MLP,769,11.279220581054688,10.481801986694336
PCA_MLP,770,11.175468444824219,11.352692604064941
PCA_MLP,771,10.658108711242676,11.234251976013184
PCA_MLP,772,11.225143432617188,11.297739028930664
PCA_MLP,773,9.871397972106934,10.893991470336914
PCA_MLP,774,10.980939865112305,10.297747611999512
PCA_MLP,775,10.286391258239746,10.824958801269531
PCA_MLP,776,11.696029663085938,11.266462326049805
PCA_MLP,777,10.890954971313477,11.007723808288574
PCA_MLP,778,11.247077941894531,10.755535125732422
PCA_MLP,779,11.430132865905762,10.196392059326172
PCA_MLP,780,10.594232559204102,11.114588737487793
PCA_MLP,781,11.250550270080566,11.289806365966797
PCA_MLP,782,11.48240852355957,11.19446086883545
PCA_MLP,783,11.462886810302734,10.63021469116211
PCA_MLP,784,10.741582870483398,10.28750228881836
PCA_MLP,785,10.837690353393555,11.447128295898438
PCA_MLP,786,10.89445972442627,10.996739387512207
PCA_MLP,787,10.77565860748291,9.923940658569336
PCA_MLP,788,10.430617332458496,10.925102233886719
PCA_MLP,789,10.908896446228027,10.64303207397461
PCA_MLP,790,11.68702507019043,11.159906387329102
PCA_MLP,791,10.57692813873291,10.028732299804688
PCA_MLP,792,10.522248268127441,11.037163734436035
PCA_MLP,793,10.344463348388672,11.215672492980957
PCA_MLP,794,10.866374969482422,11.166200637817383
PCA_MLP,795,11.164047241210938,10.602605819702148
PCA_MLP,796,10.947895050048828,10.930447578430176
PCA_MLP,797,11.64293384552002,10.352540969848633
PCA_MLP,798,11.776269912719727,11.066081047058105
PCA_MLP,799,10.37009048461914,11.29446029663086
PCA_MLP,800,10.95012092590332,11.083267211914062
PCA_MLP,801,11.339415550231934,10.803512573242188
PCA_MLP,802,10.273685455322266,10.981103897094727
PCA_MLP,803,10.038869857788086,11.12618350982666
PCA_MLP,804,10.890186309814453,10.691822052001953
PCA_MLP,805,10.437740325927734,10.705560684204102
PCA_MLP,806,10.730518341064453,10.095196723937988
PCA_MLP,807,10.709760665893555,10.361961364746094
PCA_MLP,808,11.365155220031738,10.38272476196289
PCA_MLP,809,10.994363784790039,11.421273231506348
PCA_MLP,810,10.652778625488281,10.60930061340332
PCA_MLP,811,11.271072387695312,10.795522689819336
PCA_MLP,812,10.706167221069336,11.452156066894531
PCA_MLP,813,11.499030113220215,11.300851821899414
PCA_MLP,814,10.792617797851562,11.091219902038574
PCA_MLP,815,10.903177261352539,11.048168182373047
PCA_MLP,816,10.44374942779541,11.302022933959961
PCA_MLP,817,10.601044654846191,11.172845840454102
PCA_MLP,818,11.497933387756348,10.90092658996582
PCA_MLP,819,10.171242713928223,10.931475639343262
PCA_MLP,820,10.656292915344238,10.385297775268555
PCA_MLP,821,10.494973182678223,10.553625106811523
PCA_MLP,822,11.251562118530273,11.088685989379883
PCA_MLP,823,11.564016342163086,10.628171920776367
PCA_MLP,824,11.40212345123291,10.700057983398438
PCA_MLP,825,10.42863655090332,10.425960540771484
PCA_MLP,826,10.396656036376953,10.392558097839355
PCA_MLP,827,10.768840789794922,10.698393821716309
PCA_MLP,828,10.559621810913086,11.598837852478027
PCA_MLP,829,10.456583976745605,11.646242141723633
PCA_MLP,830,10.413497924804688,11.317214965820312
PCA_MLP,831,10.677940368652344,10.219239234924316
PCA_MLP,832,11.21716022491455,10.722610473632812
PCA_MLP,833,11.074283599853516,11.001547813415527
PCA_MLP,834,10.57585334777832,11.20457649230957
PCA_MLP,835,10.367216110229492,10.65279769897461
PCA_MLP,836,10.726592063903809,10.908854484558105
PCA_MLP,837,10.587743759155273,10.600228309631348
PCA_MLP,838,10.625515937805176,10.858278274536133
PCA_MLP,839,11.068971633911133,11.274507522583008
PCA_MLP,840,10.823945999145508,11.024887084960938
PCA_MLP,841,10.621959686279297,10.881973266601562
PCA_MLP,842,10.76753044128418,11.238018035888672
PCA_MLP,843,11.243345260620117,11.226906776428223
PCA_MLP,844,11.256659507751465,11.077264785766602
PCA_MLP,845,11.566238403320312,12.000173568725586
PCA_MLP,846,11.191227912902832,11.832435607910156
PCA_MLP,847,10.858175277709961,10.31515884399414
PCA_MLP,848,11.249505043029785,11.450078964233398
PCA_MLP,849,10.213443756103516,10.500992774963379
PCA_MLP,850,9.942488670349121,11.704814910888672
PCA_MLP,851,11.089859962463379,10.877445220947266
PCA_MLP,852,10.396024703979492,11.08476448059082
PCA_MLP,853,11.237506866455078,11.023694038391113
PCA_MLP,854,10.519808769226074,10.724944114685059
PCA_MLP,855,11.592645645141602,11.344023704528809
PCA_MLP,856,11.781901359558105,11.066898345947266
PCA_MLP,857,10.63338851928711,10.835607528686523
PCA_MLP,858,10.588860511779785,10.884682655334473
PCA_MLP,859,10.994251251220703,10.69028377532959
PCA_MLP,860,11.023711204528809,10.998451232910156
PCA_MLP,861,10.61783504486084,11.145135879516602
PCA_MLP,862,10.848405838012695,11.1690092086792
PCA_MLP,863,10.638235092163086,10.54304313659668
PCA_MLP,864,11.366065979003906,11.49595832824707
PCA_MLP,865,10.763572692871094,10.834366798400879
PCA_MLP,866,10.405390739440918,10.593414306640625
PCA_MLP,867,11.10204029083252,10.825553894042969
PCA_MLP,868,10.492632865905762,11.487607955932617
PCA_MLP,869,11.439845085144043,11.25623607635498
PCA_MLP,870,10.465509414672852,10.792600631713867
PCA_MLP,871,10.627979278564453,11.167337417602539
PCA_MLP,872,10.73220443725586,10.232597351074219
PCA_MLP,873,10.735183715820312,10.56859016418457
PCA_MLP,874,10.539286613464355,10.839564323425293
PCA_MLP,875,10.556046485900879,10.815200805664062
PCA_MLP,876,10.706317901611328,10.488637924194336
PCA_MLP,877,11.066810607910156,10.83024787902832
PCA_MLP,878,10.860374450683594,11.299654006958008
PCA_MLP,879,10.96696949005127,10.381417274475098
PCA_MLP,880,11.5277681350708,11.288969039916992
PCA_MLP,881,10.423933029174805,10.370593070983887
PCA_MLP,882,11.226373672485352,11.265711784362793
PCA_MLP,883,10.576921463012695,11.220548629760742
PCA_MLP,884,10.819974899291992,10.857728958129883
PCA_MLP,885,11.643930435180664,11.435243606567383
PCA_MLP,886,10.690435409545898,10.440160751342773
PCA_MLP,887,10.790369033813477,10.729473114013672
PCA_MLP,888,12.33826732635498,10.169624328613281
PCA_MLP,889,10.706098556518555,11.180327415466309
PCA_MLP,890,10.39404582977295,11.502052307128906
PCA_MLP,891,10.961793899536133,10.562749862670898
PCA_MLP,892,11.152754783630371,11.10029125213623
PCA_MLP,893,11.243487358093262,11.351493835449219
PCA_MLP,894,11.197856903076172,11.519569396972656
PCA_MLP,895,11.115386009216309,11.092352867126465
PCA_MLP,896,9.988717079162598,10.992683410644531
PCA_MLP,897,10.60827922821045,9.88874626159668
PCA_MLP,898,12.149979591369629,11.594715118408203
PCA_MLP,899,11.300727844238281,10.92962646484375
PCA_MLP,900,10.832706451416016,10.28988265991211
PCA_MLP,901,10.411104202270508,11.29854965209961
PCA_MLP,902,11.29420280456543,10.896568298339844
PCA_MLP,903,10.715474128723145,10.792623519897461
PCA_MLP,904,10.912544250488281,10.572671890258789
PCA_MLP,905,11.37662410736084,10.649555206298828
PCA_MLP,906,10.971660614013672,11.489520072937012
PCA_MLP,907,11.132792472839355,10.463335037231445
PCA_MLP,908,11.435382843017578,10.780593872070312
PCA_MLP,909,11.097345352172852,10.755903244018555
PCA_MLP,910,10.348011016845703,10.77292251586914
PCA_MLP,911,10.049599647521973,11.078741073608398
PCA_MLP,912,10.9405517578125,10.360819816589355
PCA_MLP,913,11.274866104125977,10.75956916809082
PCA_MLP,914,10.93027114868164,11.486221313476562
PCA_MLP,915,11.392091751098633,10.856304168701172
PCA_MLP,916,11.910149574279785,10.32792854309082
PCA_MLP,917,10.390116691589355,10.828405380249023
PCA_MLP,918,10.581293106079102,11.898042678833008
PCA_MLP,919,11.307550430297852,11.061117172241211
PCA_MLP,920,11.20883560180664,10.74914836883545
PCA_MLP,921,11.265775680541992,11.051798820495605
PCA_MLP,922,10.20465087890625,10.434588432312012
PCA_MLP,923,10.8733491897583,10.705056190490723
PCA_MLP,924,10.929152488708496,11.450688362121582
PCA_MLP,925,11.330989837646484,11.109407424926758
PCA_MLP,926,10.454931259155273,10.478379249572754
PCA_MLP,927,11.043264389038086,10.633923530578613
PCA_MLP,928,10.80716323852539,10.983284950256348
PCA_MLP,929,10.455373764038086,10.509744644165039
PCA_MLP,930,11.297771453857422,11.100900650024414
PCA_MLP,931,11.358083724975586,11.122154235839844
PCA_MLP,932,11.200077056884766,10.911653518676758
PCA_MLP,933,11.060382843017578,11.803593635559082
PCA_MLP,934,10.526930809020996,10.933655738830566
PCA_MLP,935,10.882546424865723,11.094854354858398
PCA_MLP,936,10.876181602478027,10.368013381958008
PCA_MLP,937,10.639333724975586,11.212335586547852
PCA_MLP,938,11.502328872680664,10.58559799194336
PCA_MLP,939,11.506720542907715,10.099576950073242
PCA_MLP,940,10.9077787399292,11.087623596191406
PCA_MLP,941,10.71007251739502,11.783426284790039
PCA_MLP,942,11.16023063659668,11.457706451416016
PCA_MLP,943,10.661042213439941,12.48930549621582
PCA_MLP,944,11.645153045654297,11.077165603637695
PCA_MLP,945,11.51463508605957,10.747234344482422
PCA_MLP,946,10.88261890411377,9.61131763458252
PCA_MLP,947,10.694845199584961,10.285440444946289
PCA_MLP,948,10.273383140563965,10.535351753234863
PCA_MLP,949,11.64095401763916,11.843687057495117
PCA_MLP,950,11.34538459777832,10.160114288330078
PCA_MLP,951,10.518891334533691,11.112796783447266
PCA_MLP,952,11.478569030761719,10.936278343200684
PCA_MLP,953,10.653715133666992,11.594025611877441
PCA_MLP,954,10.961526870727539,10.064577102661133
PCA_MLP,955,10.684157371520996,10.799871444702148
PCA_MLP,956,10.628729820251465,11.612438201904297
PCA_MLP,957,10.546348571777344,10.779328346252441
PCA_MLP,958,11.08475399017334,11.07278060913086
PCA_MLP,959,11.91036605834961,10.66810131072998
PCA_MLP,960,11.815378189086914,11.30983829498291
PCA_MLP,961,10.859565734863281,11.203596115112305
PCA_MLP,962,10.66313648223877,10.556180953979492
PCA_MLP,963,9.928475379943848,9.944442749023438
PCA_MLP,964,11.42133903503418,10.926389694213867
PCA_MLP,965,11.488899230957031,11.495060920715332
PCA_MLP,966,11.666485786437988,11.449762344360352
PCA_MLP,967,10.24870777130127,10.558978080749512
PCA_MLP,968,10.867156982421875,10.598309516906738
PCA_MLP,969,11.052515983581543,10.117977142333984
PCA_MLP,970,10.312724113464355,10.33030891418457
PCA_MLP,971,10.668724060058594,11.506093978881836
PCA_MLP,972,10.483835220336914,11.221992492675781
PCA_MLP,973,11.024662017822266,10.897378921508789
PCA_MLP,974,11.585274696350098,10.235071182250977
PCA_MLP,975,10.790493965148926,11.465235710144043
PCA_MLP,976,9.834362030029297,11.89249038696289
PCA_MLP,977,10.215726852416992,10.395532608032227
PCA_MLP,978,11.602216720581055,11.439069747924805
PCA_MLP,979,11.064489364624023,10.621668815612793
PCA_MLP,980,10.678628921508789,10.517431259155273
PCA_MLP,981,10.834089279174805,10.302844047546387
PCA_MLP,982,11.40538215637207,10.664339065551758
PCA_MLP,983,11.12942886352539,11.241703033447266
PCA_MLP,984,10.392061233520508,11.34515380859375
PCA_MLP,985,9.710013389587402,10.791749000549316
PCA_MLP,986,11.188983917236328,11.545345306396484
PCA_MLP,987,11.357959747314453,11.231201171875
PCA_MLP,988,11.015469551086426,10.115140914916992
PCA_MLP,989,11.371740341186523,11.64943790435791
PCA_MLP,990,10.882286071777344,11.39056396484375
PCA_MLP,991,10.414713859558105,11.134443283081055
PCA_MLP,992,11.180814743041992,11.334405899047852
PCA_MLP,993,9.946208953857422,10.935203552246094
PCA_MLP,994,10.924680709838867,10.806955337524414
PCA_MLP,995,11.466269493103027,11.270744323730469
PCA_MLP,996,10.709993362426758,10.820612907409668
PCA_MLP,997,11.498984336853027,11.007862091064453
PCA_MLP,998,10.763151168823242,10.106120109558105
PCA_MLP,999,11.339958190917969,11.626827239990234
PCA_MLP,1000,10.926979064941406,10.495227813720703
PCA_MLP,1001,10.671112060546875,10.227785110473633
PCA_MLP,1002,11.307793617248535,11.030637741088867
PCA_MLP,1003,10.17226791381836,11.987738609313965
PCA_MLP,1004,10.666297912597656,11.074039459228516
PCA_MLP,1005,10.705343246459961,10.520764350891113
PCA_MLP,1006,10.82064437866211,11.00566291809082
PCA_MLP,1007,11.023042678833008,10.824256896972656
PCA_MLP,1008,10.837794303894043,10.141019821166992
PCA_MLP,1009,11.200122833251953,11.242046356201172
PCA_MLP,1010,11.001052856445312,10.05624008178711
PCA_MLP,1011,11.192712783813477,10.64935302734375
PCA_MLP,1012,10.657697677612305,11.384523391723633
PCA_MLP,1013,11.034812927246094,11.193954467773438
PCA_MLP,1014,10.819610595703125,10.344980239868164
PCA_MLP,1015,11.566729545593262,11.264303207397461
PCA_MLP,1016,10.968780517578125,11.017491340637207
PCA_MLP,1017,11.407655715942383,10.42738151550293
PCA_MLP,1018,10.682424545288086,11.722827911376953
PCA_MLP,1019,11.131793975830078,10.435287475585938
PCA_MLP,1020,11.882999420166016,11.614483833312988
PCA_MLP,1021,10.032438278198242,11.8504638671875
PCA_MLP,1022,11.356815338134766,10.31473445892334
PCA_MLP,1023,10.574716567993164,10.11400032043457
PCA_MLP,1024,11.916780471801758,10.84167194366455
PCA_MLP,1025,11.363356590270996,10.246005058288574
PCA_MLP,1026,10.120158195495605,11.066587448120117
PCA_MLP,1027,11.076276779174805,10.378654479980469
PCA_MLP,1028,10.249821662902832,10.789135932922363
PCA_MLP,1029,10.661985397338867,11.160015106201172
PCA_MLP,1030,11.479256629943848,10.82808780670166
PCA_MLP,1031,11.765796661376953,11.612987518310547
PCA_MLP,1032,10.985269546508789,11.648517608642578
PCA_MLP,1033,11.564528465270996,11.5853271484375
PCA_MLP,1034,10.681341171264648,10.47879409790039
PCA_MLP,1035,10.640056610107422,11.118490219116211
PCA_MLP,1036,10.640132904052734,11.468189239501953
PCA_MLP,1037,11.531974792480469,10.865386962890625
PCA_MLP,1038,10.464421272277832,10.594154357910156
PCA_MLP,1039,10.677295684814453,10.732379913330078
PCA_MLP,1040,11.355081558227539,10.529302597045898
PCA_MLP,1041,10.493127822875977,11.183673858642578
PCA_MLP,1042,10.633989334106445,10.77768611907959
PCA_MLP,1043,10.833314895629883,10.529424667358398
PCA_MLP,1044,10.582030296325684,10.606534004211426
PCA_MLP,1045,10.013126373291016,11.068521499633789
PCA_MLP,1046,10.623647689819336,10.943312644958496
PCA_MLP,1047,11.016032218933105,10.519232749938965
PCA_MLP,1048,11.447970390319824,9.987083435058594
PCA_MLP,1049,9.884163856506348,11.015213012695312
PCA_MLP,1050,9.878799438476562,10.726964950561523
PCA_MLP,1051,10.92514705657959,11.652312278747559
PCA_MLP,1052,10.329029083251953,9.917093276977539
PCA_MLP,1053,11.032098770141602,11.854425430297852
PCA_MLP,1054,10.677654266357422,10.536545753479004
PCA_MLP,1055,10.231742858886719,10.679014205932617
PCA_MLP,1056,11.15053939819336,10.837725639343262
PCA_MLP,1057,11.207467079162598,11.654618263244629
PCA_MLP,1058,10.131004333496094,10.212884902954102
PCA_MLP,1059,10.62161636352539,10.261469841003418
PCA_MLP,1060,11.067398071289062,10.991680145263672
PCA_MLP,1061,10.807111740112305,11.989105224609375
PCA_MLP,1062,10.729432106018066,10.029991149902344
PCA_MLP,1063,10.097199440002441,10.496484756469727
PCA_MLP,1064,11.425342559814453,10.625771522521973
PCA_MLP,1065,10.938641548156738,10.299238204956055
PCA_MLP,1066,10.941096305847168,11.61077880859375
PCA_MLP,1067,11.574135780334473,11.404560089111328
PCA_MLP,1068,10.818034172058105,10.268308639526367
PCA_MLP,1069,10.745182037353516,10.418122291564941
PCA_MLP,1070,10.815010070800781,10.827737808227539
PCA_MLP,1071,9.889463424682617,11.004729270935059
PCA_MLP,1072,10.410293579101562,10.689223289489746
PCA_MLP,1073,10.427040100097656,10.028284072875977
PCA_MLP,1074,10.490744590759277,10.539137840270996
PCA_MLP,1075,10.801318168640137,10.961687088012695
PCA_MLP,1076,10.627626419067383,10.747516632080078
PCA_MLP,1077,10.701366424560547,10.808168411254883
PCA_MLP,1078,10.261984825134277,9.86156177520752
PCA_MLP,1079,12.031030654907227,10.877128601074219
PCA_MLP,1080,10.393021583557129,11.055095672607422
PCA_MLP,1081,11.219452857971191,10.462162017822266
PCA_MLP,1082,11.416789054870605,10.559491157531738
PCA_MLP,1083,11.078424453735352,10.657526016235352
PCA_MLP,1084,10.92309284210205,10.268171310424805
PCA_MLP,1085,11.442447662353516,11.284110069274902
PCA_MLP,1086,11.27988052368164,10.475968360900879
PCA_MLP,1087,10.919517517089844,10.52564811706543
PCA_MLP,1088,10.452316284179688,9.907989501953125
PCA_MLP,1089,11.987253189086914,10.76806640625
PCA_MLP,1090,10.329217910766602,10.87900161743164
PCA_MLP,1091,11.219923973083496,10.569331169128418
PCA_MLP,1092,10.179977416992188,11.914539337158203
PCA_MLP,1093,10.757671356201172,10.935297966003418
PCA_MLP,1094,11.520210266113281,10.851190567016602
PCA_MLP,1095,10.782901763916016,9.84470272064209
PCA_MLP,1096,11.320847511291504,11.318611145019531
PCA_MLP,1097,11.063156127929688,11.334573745727539
PCA_MLP,1098,10.293676376342773,10.999492645263672
PCA_MLP,1099,10.608184814453125,10.958135604858398
PCA_MLP,1100,11.193892478942871,10.875673294067383
PCA_MLP,1101,11.09981918334961,10.844095230102539
PCA_MLP,1102,11.477212905883789,10.337514877319336
PCA_MLP,1103,11.063031196594238,10.09547233581543
PCA_MLP,1104,11.996840476989746,10.864606857299805
PCA_MLP,1105,11.267610549926758,11.095653533935547
PCA_MLP,1106,11.106552124023438,10.372178077697754
PCA_MLP,1107,11.26319408416748,11.140953063964844
PCA_MLP,1108,10.25925064086914,10.626935958862305
PCA_MLP,1109,10.924421310424805,10.564935684204102
PCA_MLP,1110,10.941667556762695,10.294510841369629
PCA_MLP,1111,10.846441268920898,11.161808967590332
PCA_MLP,1112,10.9248628616333,11.279516220092773
PCA_MLP,1113,11.819633483886719,10.264595031738281
PCA_MLP,1114,11.44931411743164,11.132392883300781
PCA_MLP,1115,11.060746192932129,10.569772720336914
PCA_MLP,1116,9.719152450561523,11.029719352722168
PCA_MLP,1117,11.026145935058594,10.952035903930664
PCA_MLP,1118,11.254315376281738,11.595830917358398
PCA_MLP,1119,11.81399154663086,10.9602689743042
PCA_MLP,1120,11.930156707763672,10.868216514587402
PCA_MLP,1121,10.579620361328125,11.160355567932129
PCA_MLP,1122,10.826093673706055,11.16351318359375
PCA_MLP,1123,10.96782112121582,11.649333953857422
PCA_MLP,1124,10.482734680175781,10.61422061920166
PCA_MLP,1125,11.328786849975586,10.938268661499023
PCA_MLP,1126,10.26007080078125,10.528197288513184
PCA_MLP,1127,10.603667259216309,10.560609817504883
PCA_MLP,1128,10.136175155639648,10.303179740905762
PCA_MLP,1129,11.106827735900879,11.026224136352539
PCA_MLP,1130,10.681532859802246,10.729429244995117
PCA_MLP,1131,11.292803764343262,10.74467658996582
PCA_MLP,1132,11.418865203857422,10.70683479309082
PCA_MLP,1133,11.633596420288086,10.831253051757812
PCA_MLP,1134,11.001314163208008,10.83220386505127
PCA_MLP,1135,12.0791015625,10.625540733337402
PCA_MLP,1136,11.155120849609375,10.708250045776367
PCA_MLP,1137,11.139131546020508,10.690834045410156
PCA_MLP,1138,11.09119987487793,10.813511848449707
PCA_MLP,1139,10.147527694702148,10.657916069030762
PCA_MLP,1140,10.944493293762207,10.882278442382812
PCA_MLP,1141,10.848487854003906,11.08262825012207
PCA_MLP,1142,10.782852172851562,10.95424747467041
PCA_MLP,1143,10.69411563873291,11.503543853759766
PCA_MLP,1144,10.922341346740723,11.36765193939209
PCA_MLP,1145,10.301006317138672,10.23790168762207
PCA_MLP,1146,11.066324234008789,11.745820045471191
PCA_MLP,1147,11.520360946655273,10.988077163696289
PCA_MLP,1148,11.27540111541748,10.85208511352539
PCA_MLP,1149,10.151260375976562,11.462850570678711
PCA_MLP,1150,11.4083833694458,10.535208702087402
PCA_MLP,1151,11.309165954589844,10.833141326904297
PCA_MLP,1152,10.851394653320312,10.111675262451172
PCA_MLP,1153,10.366178512573242,10.422393798828125
PCA_MLP,1154,9.659969329833984,11.452352523803711
PCA_MLP,1155,11.227694511413574,9.978504180908203
PCA_MLP,1156,10.780263900756836,10.463846206665039
PCA_MLP,1157,11.478166580200195,10.827715873718262
PCA_MLP,1158,10.804953575134277,10.394295692443848
PCA_MLP,1159,10.145132064819336,11.059982299804688
PCA_MLP,1160,11.335195541381836,11.639708518981934
PCA_MLP,1161,10.51115894317627,11.355472564697266
PCA_MLP,1162,9.906081199645996,10.935076713562012
PCA_MLP,1163,10.288651466369629,10.664592742919922
PCA_MLP,1164,10.880792617797852,10.604833602905273
PCA_MLP,1165,11.379922866821289,10.563528060913086
PCA_MLP,1166,10.119239807128906,11.24191665649414
PCA_MLP,1167,10.914054870605469,10.678370475769043
PCA_MLP,1168,11.672350883483887,10.880423545837402
PCA_MLP,1169,10.912376403808594,11.245858192443848
PCA_MLP,1170,10.736909866333008,10.643810272216797
PCA_MLP,1171,10.57638931274414,10.186969757080078
PCA_MLP,1172,10.661458015441895,10.476031303405762
PCA_MLP,1173,10.512618064880371,11.625617980957031
PCA_MLP,1174,11.142662048339844,11.362863540649414
PCA_MLP,1175,10.41514778137207,10.795055389404297
PCA_MLP,1176,10.32095718383789,10.623469352722168
PCA_MLP,1177,10.760522842407227,11.266494750976562
PCA_MLP,1178,11.232934951782227,10.49746322631836
PCA_MLP,1179,10.770164489746094,10.135831832885742
PCA_MLP,1180,10.820602416992188,10.79506778717041
PCA_MLP,1181,10.373910903930664,11.308760643005371
PCA_MLP,1182,10.52924633026123,11.119400024414062
PCA_MLP,1183,10.644302368164062,10.863199234008789
PCA_MLP,1184,10.287450790405273,11.017784118652344
PCA_MLP,1185,10.524345397949219,10.93458366394043
PCA_MLP,1186,10.709460258483887,10.687378883361816
PCA_MLP,1187,10.577531814575195,11.096487045288086
PCA_MLP,1188,10.734519958496094,10.14987564086914
PCA_MLP,1189,11.214015007019043,11.67938232421875
PCA_MLP,1190,10.0617094039917,10.677846908569336
PCA_MLP,1191,9.95949935913086,10.983893394470215
PCA_MLP,1192,11.72089672088623,10.825078010559082
PCA_MLP,1193,10.691499710083008,10.724008560180664
PCA_MLP,1194,10.193120002746582,11.280680656433105
PCA_MLP,1195,9.895538330078125,11.997459411621094
PCA_MLP,1196,10.977104187011719,10.74564266204834
PCA_MLP,1197,11.232279777526855,10.655426025390625
PCA_MLP,1198,9.84465217590332,11.50901985168457
PCA_MLP,1199,11.07202434539795,10.696477890014648
PCA_MLP,1200,11.584550857543945,11.168405532836914
PCA_MLP,1201,10.398643493652344,11.259710311889648
PCA_MLP,1202,10.618227005004883,11.185966491699219
PCA_MLP,1203,11.15492057800293,10.689854621887207
PCA_MLP,1204,10.772457122802734,11.08131217956543
PCA_MLP,1205,10.312712669372559,10.775474548339844
PCA_MLP,1206,11.201580047607422,11.084275245666504
PCA_MLP,1207,10.809614181518555,11.09077262878418
PCA_MLP,1208,10.905405044555664,11.502016067504883
PCA_MLP,1209,11.76883316040039,11.15044116973877
PCA_MLP,1210,11.148722648620605,10.51240348815918
PCA_MLP,1211,10.377361297607422,11.036688804626465
PCA_MLP,1212,11.142317771911621,10.917306900024414
PCA_MLP,1213,10.966355323791504,11.324800491333008
PCA_MLP,1214,10.778692245483398,10.2991943359375
PCA_MLP,1215,10.252548217773438,10.981304168701172
PCA_MLP,1216,10.440057754516602,11.046630859375
PCA_MLP,1217,10.761820793151855,11.285594940185547
PCA_MLP,1218,10.902366638183594,11.250543594360352
PCA_MLP,1219,10.637141227722168,10.876832962036133
PCA_MLP,1220,10.977413177490234,10.634880065917969
PCA_MLP,1221,11.148370742797852,11.158353805541992
PCA_MLP,1222,11.251672744750977,10.552577018737793
PCA_MLP,1223,10.713163375854492,11.648247718811035
PCA_MLP,1224,10.574136734008789,11.545762062072754
PCA_MLP,1225,10.82656192779541,10.505650520324707
PCA_MLP,1226,10.29946517944336,10.88647747039795
PCA_MLP,1227,11.291051864624023,10.831319808959961
PCA_MLP,1228,11.33205795288086,10.686603546142578
PCA_MLP,1229,11.464890480041504,11.44481086730957
PCA_MLP,1230,10.70677375793457,10.61983871459961
PCA_MLP,1231,10.507492065429688,10.686173439025879
PCA_MLP,1232,11.491355895996094,10.671297073364258
PCA_MLP,1233,10.976582527160645,11.362194061279297
PCA_MLP,1234,9.918312072753906,10.70439338684082
PCA_MLP,1235,10.416080474853516,10.79451847076416
PCA_MLP,1236,11.349111557006836,11.058477401733398
PCA_MLP,1237,11.05435562133789,10.65877628326416
PCA_MLP,1238,10.669685363769531,10.30402946472168
PCA_MLP,1239,10.696878433227539,10.664946556091309
PCA_MLP,1240,10.390979766845703,10.795844078063965
PCA_MLP,1241,11.501320838928223,11.250216484069824
PCA_MLP,1242,12.043075561523438,11.294441223144531
PCA_MLP,1243,11.194311141967773,11.488763809204102
PCA_MLP,1244,11.175540924072266,11.19449520111084
PCA_MLP,1245,10.250622749328613,10.725215911865234
PCA_MLP,1246,11.725505828857422,11.899824142456055
PCA_MLP,1247,10.230976104736328,12.414406776428223
PCA_MLP,1248,11.126765251159668,10.151130676269531
PCA_MLP,1249,10.707478523254395,11.192717552185059
PCA_MLP,1250,10.597718238830566,11.023019790649414
PCA_MLP,1251,9.958843231201172,10.898180961608887
PCA_MLP,1252,10.403532028198242,10.320463180541992
PCA_MLP,1253,11.188732147216797,11.66797161102295
PCA_MLP,1254,11.386398315429688,10.397659301757812
PCA_MLP,1255,10.09853744506836,10.528044700622559
PCA_MLP,1256,10.686655044555664,10.194417953491211
PCA_MLP,1257,10.936494827270508,11.096497535705566
PCA_MLP,1258,10.602886199951172,11.252013206481934
PCA_MLP,1259,11.10287857055664,11.251392364501953
PCA_MLP,1260,10.820865631103516,10.891746520996094
PCA_MLP,1261,10.769460678100586,10.880212783813477
PCA_MLP,1262,11.110998153686523,10.564481735229492
PCA_MLP,1263,10.132665634155273,10.708499908447266
PCA_MLP,1264,10.97256851196289,10.88106918334961
PCA_MLP,1265,10.357215881347656,11.389669418334961
PCA_MLP,1266,11.105705261230469,10.595741271972656
PCA_MLP,1267,10.751827239990234,11.584482192993164
PCA_MLP,1268,10.564793586730957,10.678779602050781
PCA_MLP,1269,10.614880561828613,11.189826965332031
PCA_MLP,1270,10.816028594970703,11.12997817993164
PCA_MLP,1271,10.633654594421387,10.731046676635742
PCA_MLP,1272,10.510773658752441,11.150556564331055
PCA_MLP,1273,10.165884971618652,11.292346000671387
PCA_MLP,1274,11.019716262817383,10.763471603393555
PCA_MLP,1275,10.317011833190918,11.023136138916016
PCA_MLP,1276,10.637643814086914,11.702691078186035
PCA_MLP,1277,11.29930305480957,10.974540710449219
PCA_MLP,1278,10.190011978149414,10.233846664428711
PCA_MLP,1279,10.789413452148438,11.180356979370117
PCA_MLP,1280,10.001718521118164,10.882047653198242
PCA_MLP,1281,10.42056655883789,10.349519729614258
PCA_MLP,1282,10.635248184204102,10.833538055419922
PCA_MLP,1283,10.635091781616211,10.650779724121094
PCA_MLP,1284,10.646896362304688,11.349178314208984
PCA_MLP,1285,10.642799377441406,10.65853500366211
PCA_MLP,1286,9.716312408447266,11.45042610168457
PCA_MLP,1287,10.282352447509766,11.027697563171387
PCA_MLP,1288,10.564616203308105,10.976286888122559
PCA_MLP,1289,10.29233169555664,10.422782897949219
PCA_MLP,1290,10.75196647644043,10.26343059539795
PCA_MLP,1291,11.640357971191406,10.875282287597656
PCA_MLP,1292,10.257241249084473,10.801101684570312
PCA_MLP,1293,10.668177604675293,11.063121795654297
PCA_MLP,1294,10.551094055175781,10.569726943969727
PCA_MLP,1295,11.109319686889648,10.460697174072266
PCA_MLP,1296,10.259576797485352,10.53195571899414
PCA_MLP,1297,10.973636627197266,10.8294038772583
PCA_MLP,1298,10.019303321838379,11.171613693237305
PCA_MLP,1299,11.435247421264648,11.149235725402832
PCA_MLP,1300,10.829484939575195,11.241682052612305
PCA_MLP,1301,11.046852111816406,10.772560119628906
PCA_MLP,1302,11.251855850219727,10.723470687866211
PCA_MLP,1303,11.120504379272461,10.64365291595459
PCA_MLP,1304,10.126426696777344,10.720401763916016
PCA_MLP,1305,10.525430679321289,11.462791442871094
PCA_MLP,1306,10.246192932128906,10.822551727294922
PCA_MLP,1307,11.418200492858887,10.802719116210938
PCA_MLP,1308,10.397067070007324,10.909952163696289
PCA_MLP,1309,10.676872253417969,10.749075889587402
PCA_MLP,1310,11.80367374420166,10.462250709533691
PCA_MLP,1311,10.96357536315918,10.493112564086914
PCA_MLP,1312,11.662736892700195,9.635757446289062
PCA_MLP,1313,10.74477767944336,10.972261428833008
PCA_MLP,1314,10.528225898742676,11.076860427856445
PCA_MLP,1315,10.825926780700684,11.920083999633789
PCA_MLP,1316,10.927812576293945,10.849950790405273
PCA_MLP,1317,10.685873985290527,10.779075622558594
PCA_MLP,1318,10.375340461730957,11.798879623413086
PCA_MLP,1319,11.470376968383789,11.36258602142334
PCA_MLP,1320,10.767443656921387,10.8345947265625
PCA_MLP,1321,10.880664825439453,11.181538581848145
PCA_MLP,1322,10.454238891601562,11.309274673461914
PCA_MLP,1323,10.29836368560791,10.707462310791016
PCA_MLP,1324,10.288204193115234,10.571510314941406
PCA_MLP,1325,10.906983375549316,10.955148696899414
PCA_MLP,1326,10.474427223205566,11.502641677856445
PCA_MLP,1327,11.065196990966797,10.993230819702148
PCA_MLP,1328,10.869091033935547,11.091145515441895
PCA_MLP,1329,10.928808212280273,11.976554870605469
PCA_MLP,1330,11.275157928466797,11.234576225280762
PCA_MLP,1331,11.241827011108398,9.702558517456055
PCA_MLP,1332,10.730823516845703,10.555524826049805
PCA_MLP,1333,11.31723690032959,11.340301513671875
PCA_MLP,1334,10.681977272033691,10.996015548706055
PCA_MLP,1335,11.126490592956543,11.169404029846191
PCA_MLP,1336,11.21843147277832,10.476705551147461
PCA_MLP,1337,10.287198066711426,11.234729766845703
PCA_MLP,1338,10.664852142333984,11.663162231445312
PCA_MLP,1339,10.68364143371582,11.003156661987305
PCA_MLP,1340,11.231215476989746,10.570530891418457
PCA_MLP,1341,10.389726638793945,11.017679214477539
PCA_MLP,1342,10.897687911987305,10.878501892089844
PCA_MLP,1343,10.606035232543945,11.748706817626953
PCA_MLP,1344,11.140861511230469,10.716995239257812
PCA_MLP,1345,10.622690200805664,10.373275756835938
PCA_MLP,1346,11.390164375305176,10.817911148071289
PCA_MLP,1347,11.227569580078125,10.901019096374512
PCA_MLP,1348,11.653736114501953,11.041520118713379
PCA_MLP,1349,10.661659240722656,9.73804759979248
PCA_MLP,1350,10.402915954589844,10.619601249694824
PCA_MLP,1351,10.586502075195312,10.879982948303223
PCA_MLP,1352,10.687398910522461,11.035550117492676
PCA_MLP,1353,10.626161575317383,11.259685516357422
PCA_MLP,1354,10.357043266296387,10.463615417480469
PCA_MLP,1355,11.035943984985352,10.149896621704102
PCA_MLP,1356,10.850746154785156,9.817890167236328
PCA_MLP,1357,10.420238494873047,10.69210147857666
PCA_MLP,1358,10.008980751037598,11.240117073059082
PCA_MLP,1359,10.118045806884766,10.582221031188965
PCA_MLP,1360,11.121707916259766,10.548236846923828
PCA_MLP,1361,10.915433883666992,10.521600723266602
PCA_MLP,1362,11.25362777709961,11.012797355651855
PCA_MLP,1363,10.994600296020508,11.209129333496094
PCA_MLP,1364,10.672858238220215,10.265021324157715
PCA_MLP,1365,11.127750396728516,10.391533851623535
PCA_MLP,1366,11.013259887695312,10.744355201721191
PCA_MLP,1367,10.65472412109375,11.577821731567383
PCA_MLP,1368,10.163507461547852,11.551298141479492
PCA_MLP,1369,10.851726531982422,10.901662826538086
PCA_MLP,1370,10.847383499145508,11.62173843383789
PCA_MLP,1371,11.272388458251953,11.123729705810547
PCA_MLP,1372,10.984600067138672,11.11647891998291
PCA_MLP,1373,10.211709022521973,10.559974670410156
PCA_MLP,1374,10.53964614868164,10.529854774475098
PCA_MLP,1375,10.670881271362305,10.468234062194824
PCA_MLP,1376,10.311604499816895,10.582647323608398
PCA_MLP,1377,10.818516731262207,10.445388793945312
PCA_MLP,1378,11.142309188842773,11.423696517944336
PCA_MLP,1379,10.548330307006836,10.899593353271484
PCA_MLP,1380,10.886391639709473,11.368244171142578
PCA_MLP,1381,10.633251190185547,10.905817985534668
PCA_MLP,1382,10.725961685180664,10.029682159423828
PCA_MLP,1383,11.5679931640625,10.678220748901367
PCA_MLP,1384,11.109882354736328,10.558890342712402
PCA_MLP,1385,10.705766677856445,10.462630271911621
PCA_MLP,1386,10.70694351196289,10.53450870513916
PCA_MLP,1387,11.086933135986328,10.267258644104004
PCA_MLP,1388,10.756500244140625,10.524340629577637
PCA_MLP,1389,11.207439422607422,10.461298942565918
PCA_MLP,1390,10.174823760986328,10.861173629760742
PCA_MLP,1391,10.992828369140625,10.807284355163574
PCA_MLP,1392,10.810586929321289,10.324684143066406
PCA_MLP,1393,11.23858642578125,10.34595775604248
PCA_MLP,1394,10.435198783874512,11.179201126098633
PCA_MLP,1395,10.890016555786133,12.21554946899414
PCA_MLP,1396,10.427778244018555,11.802326202392578
PCA_MLP,1397,10.491787910461426,11.149505615234375
PCA_MLP,1398,10.956439971923828,9.396191596984863
PCA_MLP,1399,11.417547225952148,11.043096542358398
PCA_MLP,1400,11.069061279296875,11.325798034667969
PCA_MLP,1401,11.140628814697266,11.52841567993164
PCA_MLP,1402,10.600044250488281,10.833744049072266
PCA_MLP,1403,11.143054962158203,10.251246452331543
PCA_MLP,1404,10.676133155822754,11.36723518371582
PCA_MLP,1405,11.068990707397461,11.008835792541504
PCA_MLP,1406,10.705009460449219,10.501147270202637
PCA_MLP,1407,10.585172653198242,10.552242279052734
PCA_MLP,1408,10.265981674194336,10.900983810424805
PCA_MLP,1409,10.728515625,11.203401565551758
PCA_MLP,1410,10.81175708770752,10.106234550476074
PCA_MLP,1411,10.78296947479248,11.340548515319824
PCA_MLP,1412,11.095914840698242,11.267145156860352
PCA_MLP,1413,10.642930030822754,10.923542022705078
PCA_MLP,1414,11.252117156982422,10.386246681213379
PCA_MLP,1415,10.55018138885498,11.096443176269531
PCA_MLP,1416,11.772075653076172,11.583030700683594
PCA_MLP,1417,10.588187217712402,10.619914054870605
PCA_MLP,1418,10.79411792755127,10.584370613098145
PCA_MLP,1419,10.911726951599121,10.540689468383789
PCA_MLP,1420,10.535372734069824,10.576858520507812
PCA_MLP,1421,10.74609088897705,11.129171371459961
PCA_MLP,1422,10.238885879516602,10.783740997314453
PCA_MLP,1423,11.151615142822266,11.859651565551758
PCA_MLP,1424,10.675970077514648,10.870087623596191
PCA_MLP,1425,10.713138580322266,9.859915733337402
PCA_MLP,1426,10.451780319213867,10.291675567626953
PCA_MLP,1427,10.523675918579102,11.8203125
PCA_MLP,1428,11.912428855895996,11.076108932495117
PCA_MLP,1429,10.788588523864746,10.271336555480957
PCA_MLP,1430,10.864723205566406,10.104788780212402
PCA_MLP,1431,9.799881935119629,9.795822143554688
PCA_MLP,1432,10.79688835144043,10.777774810791016
PCA_MLP,1433,10.780237197875977,10.52597713470459
PCA_MLP,1434,11.563959121704102,10.101091384887695
PCA_MLP,1435,10.868760108947754,11.277688026428223
PCA_MLP,1436,10.844395637512207,10.571561813354492
PCA_MLP,1437,10.690319061279297,10.069604873657227
PCA_MLP,1438,10.88033390045166,11.538996696472168
PCA_MLP,1439,10.48046875,10.176679611206055
PCA_MLP,1440,10.220196723937988,11.117603302001953
PCA_MLP,1441,10.931791305541992,10.546833038330078
PCA_MLP,1442,11.244651794433594,9.959688186645508
PCA_MLP,1443,11.14354133605957,10.070196151733398
PCA_MLP,1444,10.211352348327637,11.417641639709473
PCA_MLP,1445,11.252306938171387,10.969243049621582
PCA_MLP,1446,11.56747055053711,11.503263473510742
PCA_MLP,1447,9.91276741027832,11.827947616577148
PCA_MLP,1448,10.777505874633789,10.583150863647461
PCA_MLP,1449,11.311504364013672,9.455556869506836
PCA_MLP,1450,10.526117324829102,10.541504859924316
PCA_MLP,1451,10.852448463439941,11.014969825744629
PCA_MLP,1452,10.43246078491211,10.483482360839844
PCA_MLP,1453,11.024150848388672,10.88807487487793
PCA_MLP,1454,10.809467315673828,11.154397964477539
PCA_MLP,1455,10.41421890258789,10.488783836364746
PCA_MLP,1456,10.238611221313477,11.74160385131836
PCA_MLP,1457,10.458487510681152,11.024477005004883
PCA_MLP,1458,10.994425773620605,10.783717155456543
PCA_MLP,1459,10.676774978637695,11.478167533874512
PCA_MLP,1460,10.8593168258667,11.409430503845215
PCA_MLP,1461,10.816763877868652,11.07632064819336
PCA_MLP,1462,11.063209533691406,10.375602722167969
PCA_MLP,1463,10.50165843963623,10.643957138061523
PCA_MLP,1464,11.185799598693848,11.676040649414062
PCA_MLP,1465,10.981481552124023,10.716150283813477
PCA_MLP,1466,10.17664909362793,11.258939743041992
PCA_MLP,1467,11.207215309143066,10.872701644897461
PCA_MLP,1468,11.064884185791016,10.602151870727539
PCA_MLP,1469,10.788525581359863,11.434650421142578
PCA_MLP,1470,10.204446792602539,9.890002250671387
PCA_MLP,1471,10.81740951538086,10.961505889892578
PCA_MLP,1472,11.547576904296875,11.133602142333984
PCA_MLP,1473,10.149707794189453,10.131924629211426
PCA_MLP,1474,9.99644660949707,10.269522666931152
PCA_MLP,1475,11.330036163330078,10.799158096313477
PCA_MLP,1476,10.71500015258789,10.923145294189453
PCA_MLP,1477,10.222871780395508,10.340387344360352
PCA_MLP,1478,11.180005073547363,10.995058059692383
PCA_MLP,1479,10.642101287841797,10.62397289276123
PCA_MLP,1480,11.208118438720703,10.627971649169922
PCA_MLP,1481,10.371664047241211,11.994512557983398
PCA_MLP,1482,11.60080623626709,10.588403701782227
PCA_MLP,1483,10.88412094116211,10.826150894165039
PCA_MLP,1484,10.587451934814453,11.314531326293945
PCA_MLP,1485,10.623050689697266,10.201436996459961
PCA_MLP,1486,10.641336441040039,10.781967163085938
PCA_MLP,1487,10.882671356201172,11.121561050415039
PCA_MLP,1488,10.683971405029297,9.826478004455566
PCA_MLP,1489,10.685277938842773,11.329452514648438
PCA_MLP,1490,11.020803451538086,10.736296653747559
PCA_MLP,1491,10.183160781860352,11.415776252746582
PCA_MLP,1492,11.417027473449707,10.589652061462402
PCA_MLP,1493,10.730775833129883,11.005117416381836
PCA_MLP,1494,10.766494750976562,11.428104400634766
PCA_MLP,1495,11.326481819152832,11.131868362426758
PCA_MLP,1496,10.285113334655762,10.637411117553711
PCA_MLP,1497,10.380695343017578,11.652795791625977
PCA_MLP,1498,10.614974975585938,10.082942008972168
PCA_MLP,1499,11.256844520568848,10.3234281539917
PCA_MLP,1500,10.617008209228516,10.938968658447266
PCA_MLP,1501,11.0498046875,10.914046287536621
PCA_MLP,1502,10.428287506103516,9.98921012878418
PCA_MLP,1503,9.563692092895508,12.118850708007812
PCA_MLP,1504,10.8347806930542,10.495267868041992
PCA_MLP,1505,10.735530853271484,11.492073059082031
PCA_MLP,1506,10.56235122680664,10.440786361694336
PCA_MLP,1507,11.441499710083008,10.481132507324219
PCA_MLP,1508,10.863574981689453,10.158157348632812
PCA_MLP,1509,10.230246543884277,10.67087173461914
PCA_MLP,1510,10.823690414428711,9.90159797668457
PCA_MLP,1511,9.73777961730957,11.311532974243164
PCA_MLP,1512,10.473525047302246,10.834686279296875
PCA_MLP,1513,10.792985916137695,11.633371353149414
PCA_MLP,1514,10.095273971557617,11.004255294799805
PCA_MLP,1515,10.787853240966797,10.697656631469727
PCA_MLP,1516,10.893472671508789,10.033500671386719
PCA_MLP,1517,11.967645645141602,10.195592880249023
PCA_MLP,1518,11.069366455078125,10.518800735473633
PCA_MLP,1519,10.883157730102539,10.65420150756836
PCA_MLP,1520,11.064706802368164,10.228633880615234
PCA_MLP,1521,10.782007217407227,10.737924575805664
PCA_MLP,1522,10.793564796447754,11.222299575805664
PCA_MLP,1523,10.714738845825195,10.57868480682373
PCA_MLP,1524,11.027132987976074,11.37630844116211
PCA_MLP,1525,10.006921768188477,10.873209953308105
PCA_MLP,1526,11.20824146270752,11.614510536193848
PCA_MLP,1527,10.966726303100586,10.973974227905273
PCA_MLP,1528,11.259893417358398,10.46403694152832
PCA_MLP,1529,10.810714721679688,10.751615524291992
PCA_MLP,1530,10.847833633422852,10.541321754455566
PCA_MLP,1531,11.47027587890625,9.975334167480469
PCA_MLP,1532,9.879265785217285,10.454171180725098
PCA_MLP,1533,10.759276390075684,10.462362289428711
PCA_MLP,1534,10.953824043273926,10.898265838623047
PCA_MLP,1535,10.41650676727295,9.858946800231934
PCA_MLP,1536,10.534622192382812,11.302610397338867
PCA_MLP,1537,10.498955726623535,10.834856986999512
PCA_MLP,1538,11.826889038085938,11.543317794799805
PCA_MLP,1539,11.38155746459961,10.422749519348145
PCA_MLP,1540,10.924463272094727,10.935991287231445
PCA_MLP,1541,10.917459487915039,11.03057861328125
PCA_MLP,1542,10.51626205444336,10.89579963684082
PCA_MLP,1543,10.45830249786377,10.627265930175781
PCA_MLP,1544,10.73969841003418,11.564674377441406
PCA_MLP,1545,10.873758316040039,10.58057689666748
PCA_MLP,1546,11.110542297363281,10.602856636047363
PCA_MLP,1547,11.058664321899414,10.625679016113281
PCA_MLP,1548,11.082376480102539,10.90661334991455
PCA_MLP,1549,10.93001651763916,10.839811325073242
PCA_MLP,1550,10.825576782226562,10.272116661071777
PCA_MLP,1551,10.47861099243164,11.055990219116211
PCA_MLP,1552,10.76584243774414,10.666641235351562
PCA_MLP,1553,11.374011993408203,10.70447063446045
PCA_MLP,1554,11.402459144592285,10.364632606506348
PCA_MLP,1555,10.611616134643555,11.504781723022461
PCA_MLP,1556,11.219618797302246,10.432055473327637
PCA_MLP,1557,11.19521713256836,10.266984939575195
PCA_MLP,1558,11.046554565429688,11.130054473876953
PCA_MLP,1559,9.837238311767578,11.009218215942383
PCA_MLP,1560,11.088319778442383,10.540334701538086
PCA_MLP,1561,11.394440650939941,10.552349090576172
PCA_MLP,1562,10.277183532714844,11.129167556762695
PCA_MLP,1563,10.330633163452148,10.277040481567383
PCA_MLP,1564,10.958970069885254,10.864027976989746
PCA_MLP,1565,10.030304908752441,10.453750610351562
PCA_MLP,1566,10.268426895141602,10.270005226135254
PCA_MLP,1567,10.668371200561523,10.57290267944336
PCA_MLP,1568,10.305008888244629,11.200310707092285
PCA_MLP,1569,10.853489875793457,10.531296730041504
PCA_MLP,1570,10.689229011535645,10.265530586242676
PCA_MLP,1571,10.883536338806152,11.262124061584473
PCA_MLP,1572,11.189057350158691,10.687873840332031
PCA_MLP,1573,10.916254043579102,10.762367248535156
PCA_MLP,1574,10.807330131530762,10.834634780883789
PCA_MLP,1575,11.053275108337402,10.837508201599121
PCA_MLP,1576,10.831344604492188,10.58973503112793
PCA_MLP,1577,11.320985794067383,11.683357238769531
PCA_MLP,1578,11.031418800354004,10.59045124053955
PCA_MLP,1579,11.36945629119873,10.601962089538574
PCA_MLP,1580,11.059782028198242,10.55894947052002
PCA_MLP,1581,10.709115982055664,10.856573104858398
PCA_MLP,1582,10.639253616333008,10.726449966430664
PCA_MLP,1583,11.363969802856445,10.51367473602295
PCA_MLP,1584,10.505658149719238,10.732988357543945
PCA_MLP,1585,10.910219192504883,10.759929656982422
PCA_MLP,1586,11.138949394226074,10.86298942565918
PCA_MLP,1587,10.332813262939453,11.533596992492676
PCA_MLP,1588,10.97323226928711,10.001581192016602
PCA_MLP,1589,11.748893737792969,10.802543640136719
PCA_MLP,1590,10.795480728149414,11.05044937133789
PCA_MLP,1591,10.499960899353027,11.774227142333984
PCA_MLP,1592,10.468738555908203,10.749787330627441
PCA_MLP,1593,10.796479225158691,11.342450141906738
PCA_MLP,1594,11.639163970947266,11.235254287719727
PCA_MLP,1595,10.933813095092773,10.131142616271973
PCA_MLP,1596,10.56912612915039,12.43159008026123
PCA_MLP,1597,10.358123779296875,11.448479652404785
PCA_MLP,1598,11.574188232421875,10.920808792114258
PCA_MLP,1599,10.385189056396484,11.058043479919434
PCA_MLP,1600,10.585174560546875,11.761119842529297
PCA_MLP,1601,10.712716102600098,10.924877166748047
PCA_MLP,1602,10.622679710388184,11.67961311340332
PCA_MLP,1603,10.821830749511719,10.840998649597168
PCA_MLP,1604,10.465738296508789,10.580385208129883
PCA_MLP,1605,10.898772239685059,10.535104751586914
PCA_MLP,1606,11.3093843460083,10.47441291809082
PCA_MLP,1607,10.933691024780273,10.833559036254883
PCA_MLP,1608,11.782732009887695,11.960725784301758
PCA_MLP,1609,10.585487365722656,10.281909942626953
PCA_MLP,1610,10.594861030578613,11.268733978271484
PCA_MLP,1611,10.760638236999512,11.480278015136719
PCA_MLP,1612,10.471796035766602,11.430978775024414
PCA_MLP,1613,11.020334243774414,11.460633277893066
PCA_MLP,1614,10.25648021697998,10.633916854858398
PCA_MLP,1615,10.35501480102539,10.968127250671387
PCA_MLP,1616,11.291282653808594,11.134176254272461
PCA_MLP,1617,10.64210033416748,11.550337791442871
PCA_MLP,1618,10.818737030029297,10.86505126953125
PCA_MLP,1619,10.966495513916016,10.979194641113281
PCA_MLP,1620,10.786651611328125,10.069305419921875
PCA_MLP,1621,11.558330535888672,10.891616821289062
PCA_MLP,1622,10.356589317321777,11.161373138427734
PCA_MLP,1623,10.72900390625,10.361581802368164
PCA_MLP,1624,10.058758735656738,10.428215026855469
PCA_MLP,1625,11.280696868896484,11.378437042236328
PCA_MLP,1626,11.110828399658203,11.209953308105469
PCA_MLP,1627,10.786169052124023,9.744536399841309
PCA_MLP,1628,10.37295150756836,10.67963981628418
PCA_MLP,1629,10.427541732788086,10.47845458984375
PCA_MLP,1630,10.310498237609863,10.650957107543945
PCA_MLP,1631,10.452571868896484,10.595492362976074
PCA_MLP,1632,11.094717025756836,10.746113777160645
PCA_MLP,1633,10.550853729248047,11.069952011108398
PCA_MLP,1634,10.629305839538574,10.782075881958008
PCA_MLP,1635,10.30528450012207,10.995256423950195
PCA_MLP,1636,10.872702598571777,10.317350387573242
PCA_MLP,1637,11.665178298950195,10.698820114135742
PCA_MLP,1638,10.205695152282715,10.808063507080078
PCA_MLP,1639,10.133641242980957,10.650068283081055
PCA_MLP,1640,10.497774124145508,10.308290481567383
PCA_MLP,1641,11.062488555908203,11.255224227905273
PCA_MLP,1642,11.391782760620117,10.915655136108398
PCA_MLP,1643,11.759912490844727,10.53829288482666
PCA_MLP,1644,11.674924850463867,11.008459091186523
PCA_MLP,1645,10.938350677490234,10.591561317443848
PCA_MLP,1646,11.11025619506836,11.19262409210205
PCA_MLP,1647,10.40089225769043,11.510505676269531
PCA_MLP,1648,11.457684516906738,11.483255386352539
PCA_MLP,1649,11.149763107299805,9.997123718261719
PCA_MLP,1650,10.45557975769043,12.121818542480469
PCA_MLP,1651,11.069689750671387,10.787477493286133
PCA_MLP,1652,10.863591194152832,10.424524307250977
PCA_MLP,1653,11.049314498901367,10.837690353393555
PCA_MLP,1654,10.835811614990234,10.68398666381836
PCA_MLP,1655,11.432304382324219,10.362312316894531
PCA_MLP,1656,12.131179809570312,10.32275676727295
PCA_MLP,1657,10.848724365234375,10.84484577178955
PCA_MLP,1658,10.095565795898438,11.494163513183594
PCA_MLP,1659,11.369688987731934,10.833137512207031
PCA_MLP,1660,11.293426513671875,11.144220352172852
PCA_MLP,1661,11.674524307250977,10.124066352844238
PCA_MLP,1662,10.61526870727539,10.88191032409668
PCA_MLP,1663,11.708778381347656,10.682889938354492
PCA_MLP,1664,11.926912307739258,11.712858200073242
PCA_MLP,1665,11.067023277282715,11.750710487365723
PCA_MLP,1666,11.618728637695312,11.327713012695312
PCA_MLP,1667,11.771930694580078,11.300684928894043
PCA_MLP,1668,10.346899032592773,11.024059295654297
PCA_MLP,1669,10.624921798706055,11.200277328491211
PCA_MLP,1670,11.56850814819336,10.82481861114502
PCA_MLP,1671,10.438358306884766,11.588033676147461
PCA_MLP,1672,10.971606254577637,11.226814270019531
PCA_MLP,1673,10.609286308288574,11.041053771972656
PCA_MLP,1674,10.713153839111328,10.679909706115723
PCA_MLP,1675,10.890196800231934,10.887364387512207
PCA_MLP,1676,10.739381790161133,10.219686508178711
PCA_MLP,1677,11.114480018615723,10.741909980773926
PCA_MLP,1678,11.404462814331055,10.76078987121582
PCA_MLP,1679,10.660943984985352,11.198416709899902
PCA_MLP,1680,10.455955505371094,11.189281463623047
PCA_MLP,1681,10.6703519821167,11.029147148132324
PCA_MLP,1682,11.069923400878906,11.474150657653809
PCA_MLP,1683,10.861604690551758,10.627476692199707
PCA_MLP,1684,10.692208290100098,11.297025680541992
PCA_MLP,1685,10.737255096435547,10.927921295166016
PCA_MLP,1686,10.930181503295898,10.1270751953125
PCA_MLP,1687,11.518709182739258,10.177854537963867
PCA_MLP,1688,10.330060958862305,10.906067848205566
PCA_MLP,1689,11.093284606933594,10.76174545288086
PCA_MLP,1690,10.980225563049316,10.652328491210938
PCA_MLP,1691,10.003662109375,9.970743179321289
PCA_MLP,1692,10.58920669555664,9.970071792602539
PCA_MLP,1693,11.265775680541992,10.9463472366333
PCA_MLP,1694,10.785247802734375,10.647554397583008
PCA_MLP,1695,10.570857048034668,10.185647964477539
PCA_MLP,1696,10.857867240905762,10.671783447265625
PCA_MLP,1697,10.546396255493164,11.524694442749023
PCA_MLP,1698,11.261064529418945,9.917654037475586
PCA_MLP,1699,11.198697090148926,10.485710144042969
PCA_MLP,1700,10.641202926635742,10.733651161193848
PCA_MLP,1701,9.775836944580078,10.211268424987793
PCA_MLP,1702,11.88862419128418,11.444475173950195
PCA_MLP,1703,11.158802032470703,10.63035774230957
PCA_MLP,1704,11.605932235717773,10.372851371765137
PCA_MLP,1705,10.736600875854492,11.041413307189941
PCA_MLP,1706,11.893340110778809,10.7489595413208
PCA_MLP,1707,10.290765762329102,10.750038146972656
PCA_MLP,1708,11.358592987060547,10.552331924438477
PCA_MLP,1709,11.048906326293945,10.848672866821289
PCA_MLP,1710,10.899506568908691,10.635229110717773
PCA_MLP,1711,10.631232261657715,11.167627334594727
PCA_MLP,1712,11.628729820251465,11.304040908813477
PCA_MLP,1713,9.991239547729492,11.233248710632324
PCA_MLP,1714,10.580472946166992,10.148784637451172
PCA_MLP,1715,10.157905578613281,10.086013793945312
PCA_MLP,1716,10.222494125366211,10.257230758666992
PCA_MLP,1717,10.862810134887695,10.183757781982422
PCA_MLP,1718,10.853187561035156,10.149679183959961
PCA_MLP,1719,10.619195938110352,11.27646255493164
PCA_MLP,1720,11.043883323669434,11.129732131958008
PCA_MLP,1721,11.762086868286133,10.782695770263672
PCA_MLP,1722,11.228456497192383,10.880614280700684
PCA_MLP,1723,11.053274154663086,10.758015632629395
PCA_MLP,1724,10.981775283813477,10.825149536132812
PCA_MLP,1725,10.442780494689941,10.83767318725586
PCA_MLP,1726,9.898651123046875,10.836705207824707
PCA_MLP,1727,11.43791389465332,11.018376350402832
PCA_MLP,1728,10.955702781677246,11.264530181884766
PCA_MLP,1729,10.609397888183594,11.588529586791992
PCA_MLP,1730,9.771039962768555,10.818195343017578
PCA_MLP,1731,9.620868682861328,10.791397094726562
PCA_MLP,1732,10.683277130126953,10.979514122009277
PCA_MLP,1733,10.417850494384766,10.440369606018066
PCA_MLP,1734,11.132503509521484,9.802112579345703
PCA_MLP,1735,10.646855354309082,11.190032958984375
PCA_MLP,1736,10.173776626586914,10.599180221557617
PCA_MLP,1737,10.90883731842041,11.138768196105957
PCA_MLP,1738,11.015582084655762,10.693572998046875
PCA_MLP,1739,11.828817367553711,10.43016242980957
PCA_MLP,1740,10.468514442443848,11.764411926269531
PCA_MLP,1741,10.421119689941406,11.354520797729492
PCA_MLP,1742,10.86294174194336,11.12022590637207
PCA_MLP,1743,11.042001724243164,10.711954116821289
PCA_MLP,1744,10.273453712463379,10.488333702087402
PCA_MLP,1745,10.490915298461914,11.150958061218262
PCA_MLP,1746,10.681753158569336,10.889812469482422
PCA_MLP,1747,11.315962791442871,10.800474166870117
PCA_MLP,1748,10.632135391235352,11.08297348022461
PCA_MLP,1749,11.222679138183594,11.133431434631348
PCA_MLP,1750,11.21776294708252,10.547334671020508
PCA_MLP,1751,11.023833274841309,10.757305145263672
PCA_MLP,1752,11.23259449005127,11.11370849609375
PCA_MLP,1753,11.769876480102539,11.294853210449219
PCA_MLP,1754,11.792037963867188,10.328498840332031
PCA_MLP,1755,10.711889266967773,10.740080833435059
PCA_MLP,1756,10.421354293823242,10.851118087768555
PCA_MLP,1757,11.279135704040527,11.347463607788086
PCA_MLP,1758,11.173480033874512,11.253589630126953
PCA_MLP,1759,10.513154983520508,10.904332160949707
PCA_MLP,1760,10.88560676574707,10.677711486816406
PCA_MLP,1761,11.070767402648926,11.26341724395752
PCA_MLP,1762,10.980899810791016,10.499958038330078
PCA_MLP,1763,11.327720642089844,10.942901611328125
PCA_MLP,1764,10.953089714050293,10.608119010925293
PCA_MLP,1765,10.813823699951172,10.360433578491211
PCA_MLP,1766,11.09424114227295,11.08302116394043
PCA_MLP,1767,10.610345840454102,10.474699020385742
PCA_MLP,1768,10.932845115661621,10.290990829467773
PCA_MLP,1769,10.296585083007812,10.88788890838623
PCA_MLP,1770,11.288225173950195,10.948991775512695
PCA_MLP,1771,11.08586311340332,11.895673751831055
PCA_MLP,1772,10.587602615356445,11.715571403503418
PCA_MLP,1773,11.689647674560547,11.581890106201172
PCA_MLP,1774,10.537067413330078,10.545095443725586
PCA_MLP,1775,10.872030258178711,11.157535552978516
PCA_MLP,1776,10.189390182495117,10.52180004119873
PCA_MLP,1777,11.773475646972656,11.74719524383545
PCA_MLP,1778,11.509310722351074,11.257434844970703
PCA_MLP,1779,11.057394027709961,10.337406158447266
PCA_MLP,1780,11.572444915771484,10.912134170532227
PCA_MLP,1781,10.852598190307617,11.177177429199219
PCA_MLP,1782,10.284893989562988,11.712194442749023
PCA_MLP,1783,11.156956672668457,11.077775955200195
PCA_MLP,1784,10.782342910766602,10.217896461486816
PCA_MLP,1785,11.248132705688477,10.01236343383789
PCA_MLP,1786,10.753252029418945,11.619065284729004
PCA_MLP,1787,11.037162780761719,11.002199172973633
PCA_MLP,1788,11.101762771606445,10.459731101989746
PCA_MLP,1789,12.14260196685791,10.365854263305664
PCA_MLP,1790,10.477767944335938,11.211193084716797
PCA_MLP,1791,11.184606552124023,10.918807983398438
PCA_MLP,1792,11.415914535522461,11.223287582397461
PCA_MLP,1793,10.9002685546875,11.068849563598633
PCA_MLP,1794,10.774585723876953,11.043882369995117
PCA_MLP,1795,9.63642692565918,11.095043182373047
PCA_MLP,1796,10.745603561401367,10.828075408935547
PCA_MLP,1797,11.287737846374512,12.148223876953125
PCA_MLP,1798,10.556953430175781,10.382522583007812
PCA_MLP,1799,10.572031021118164,10.679403305053711
PCA_MLP,1800,10.493001937866211,10.546167373657227
PCA_MLP,1801,10.804971694946289,10.944913864135742
PCA_MLP,1802,10.900554656982422,9.849956512451172
PCA_MLP,1803,10.44668197631836,10.274279594421387
PCA_MLP,1804,10.694976806640625,10.659097671508789
PCA_MLP,1805,10.774057388305664,10.785262107849121
PCA_MLP,1806,10.783979415893555,10.940305709838867
PCA_MLP,1807,10.188749313354492,10.627954483032227
PCA_MLP,1808,10.476985931396484,10.076469421386719
PCA_MLP,1809,11.39613151550293,10.328929901123047
PCA_MLP,1810,11.795169830322266,10.793108940124512
PCA_MLP,1811,11.127317428588867,9.568977355957031
PCA_MLP,1812,11.049371719360352,11.240386962890625
PCA_MLP,1813,10.990047454833984,10.761028289794922
PCA_MLP,1814,10.360406875610352,10.830243110656738
PCA_MLP,1815,11.119014739990234,10.802806854248047
PCA_MLP,1816,10.40932846069336,10.349336624145508
PCA_MLP,1817,11.090192794799805,9.919604301452637
PCA_MLP,1818,11.300924301147461,11.169870376586914
PCA_MLP,1819,10.245494842529297,11.66600513458252
PCA_MLP,1820,11.01266860961914,10.695060729980469
PCA_MLP,1821,10.916362762451172,11.351104736328125
PCA_MLP,1822,11.130495071411133,10.63292121887207
PCA_MLP,1823,10.293821334838867,10.811492919921875
PCA_MLP,1824,10.591378211975098,10.776323318481445
PCA_MLP,1825,10.492517471313477,11.350274085998535
PCA_MLP,1826,11.098078727722168,11.738969802856445
PCA_MLP,1827,10.228294372558594,11.368170738220215
PCA_MLP,1828,9.982906341552734,10.755508422851562
PCA_MLP,1829,10.768278121948242,11.134937286376953
PCA_MLP,1830,11.022924423217773,10.951044082641602
PCA_MLP,1831,10.457849502563477,10.275372505187988
PCA_MLP,1832,11.23259449005127,11.514694213867188
PCA_MLP,1833,10.737634658813477,10.527664184570312
PCA_MLP,1834,10.636881828308105,11.433937072753906
PCA_MLP,1835,11.184019088745117,10.489238739013672
PCA_MLP,1836,10.919841766357422,10.762239456176758
PCA_MLP,1837,10.454365730285645,10.755916595458984
PCA_MLP,1838,10.807441711425781,10.02105712890625
PCA_MLP,1839,11.300384521484375,10.162531852722168
PCA_MLP,1840,11.82697868347168,10.29920768737793
PCA_MLP,1841,10.76050090789795,10.259988784790039
PCA_MLP,1842,10.763731002807617,11.084457397460938
PCA_MLP,1843,10.788006782531738,10.705907821655273
PCA_MLP,1844,11.152412414550781,10.591793060302734
PCA_MLP,1845,11.339921951293945,11.126195907592773
PCA_MLP,1846,11.095555305480957,10.819113731384277
PCA_MLP,1847,10.507856369018555,11.014608383178711
PCA_MLP,1848,11.086790084838867,10.568740844726562
PCA_MLP,1849,10.805784225463867,10.806745529174805
PCA_MLP,1850,11.257291793823242,10.618565559387207
PCA_MLP,1851,11.355880737304688,11.096811294555664
PCA_MLP,1852,10.326169967651367,11.106891632080078
PCA_MLP,1853,11.647720336914062,10.321701049804688
PCA_MLP,1854,10.95368766784668,10.413808822631836
PCA_MLP,1855,10.693584442138672,11.321028709411621
PCA_MLP,1856,10.168371200561523,10.682846069335938
PCA_MLP,1857,10.67981243133545,11.151214599609375
PCA_MLP,1858,10.65632438659668,11.56820297241211
PCA_MLP,1859,11.013717651367188,11.112573623657227
PCA_MLP,1860,11.395002365112305,11.039193153381348
PCA_MLP,1861,11.617104530334473,10.702924728393555
PCA_MLP,1862,9.89002799987793,11.128954887390137
PCA_MLP,1863,10.933452606201172,10.726998329162598
PCA_MLP,1864,11.133681297302246,11.005084991455078
PCA_MLP,1865,10.738114356994629,11.060354232788086
PCA_MLP,1866,10.676227569580078,11.209287643432617
PCA_MLP,1867,10.9343843460083,11.478561401367188
PCA_MLP,1868,10.705367088317871,10.858856201171875
PCA_MLP,1869,10.940034866333008,10.562326431274414
PCA_MLP,1870,10.993783950805664,10.75981330871582
PCA_MLP,1871,10.914191246032715,10.58898639678955
PCA_MLP,1872,10.469137191772461,11.277618408203125
PCA_MLP,1873,10.522285461425781,10.87732982635498
PCA_MLP,1874,10.505514144897461,11.047821044921875
PCA_MLP,1875,11.119132995605469,10.505615234375
PCA_MLP,1876,11.433710098266602,10.493146896362305
PCA_MLP,1877,10.429367065429688,10.341178894042969
PCA_MLP,1878,11.519364356994629,10.96327018737793
PCA_MLP,1879,10.700353622436523,10.600717544555664
PCA_MLP,1880,10.997541427612305,10.911202430725098
PCA_MLP,1881,10.563036918640137,10.427788734436035
PCA_MLP,1882,11.220592498779297,10.502636909484863
PCA_MLP,1883,10.197105407714844,11.196151733398438
PCA_MLP,1884,10.8368501663208,10.990483283996582
PCA_MLP,1885,11.698081016540527,11.806854248046875
PCA_MLP,1886,10.150016784667969,10.748726844787598
PCA_MLP,1887,11.715570449829102,11.341988563537598
PCA_MLP,1888,10.855142593383789,10.853872299194336
PCA_MLP,1889,11.588398933410645,9.82980728149414
PCA_MLP,1890,10.371023178100586,11.127372741699219
PCA_MLP,1891,10.611349105834961,9.79548454284668
PCA_MLP,1892,10.494085311889648,11.276365280151367
PCA_MLP,1893,10.450638771057129,11.282730102539062
PCA_MLP,1894,10.579025268554688,10.95000171661377
PCA_MLP,1895,11.036355018615723,10.21203899383545
PCA_MLP,1896,11.6947603225708,10.981829643249512
PCA_MLP,1897,11.547012329101562,10.265077590942383
PCA_MLP,1898,10.536514282226562,11.183168411254883
PCA_MLP,1899,10.514168739318848,10.635358810424805
PCA_MLP,1900,10.851884841918945,9.879316329956055
PCA_MLP,1901,11.716429710388184,10.407766342163086
PCA_MLP,1902,11.102110862731934,11.012458801269531
PCA_MLP,1903,10.675102233886719,10.537736892700195
PCA_MLP,1904,10.973323822021484,11.173246383666992
PCA_MLP,1905,10.83468246459961,10.822139739990234
PCA_MLP,1906,10.916034698486328,10.957733154296875
PCA_MLP,1907,11.28300666809082,11.23112964630127
PCA_MLP,1908,10.735591888427734,11.409761428833008
PCA_MLP,1909,11.325214385986328,10.676526069641113
PCA_MLP,1910,10.350239753723145,11.270729064941406
PCA_MLP,1911,10.544085502624512,10.523551940917969
PCA_MLP,1912,10.96930980682373,10.461231231689453
PCA_MLP,1913,10.733232498168945,10.735749244689941
PCA_MLP,1914,11.235007286071777,10.981739044189453
PCA_MLP,1915,10.346884727478027,11.134038925170898
PCA_MLP,1916,10.33559799194336,10.960237503051758
PCA_MLP,1917,10.477142333984375,10.706544876098633
PCA_MLP,1918,10.955158233642578,11.020769119262695
PCA_MLP,1919,10.648937225341797,11.459015846252441
PCA_MLP,1920,10.503707885742188,10.585390090942383
PCA_MLP,1921,11.469766616821289,10.680994033813477
PCA_MLP,1922,11.48801326751709,11.290787696838379
PCA_MLP,1923,10.248452186584473,10.820639610290527
PCA_MLP,1924,10.503726959228516,10.693191528320312
PCA_MLP,1925,11.132386207580566,11.042125701904297
PCA_MLP,1926,10.426210403442383,11.305051803588867
PCA_MLP,1927,10.803089141845703,11.184098243713379
PCA_MLP,1928,10.426806449890137,10.071438789367676
PCA_MLP,1929,10.323610305786133,10.502947807312012
PCA_MLP,1930,11.411397933959961,10.432382583618164
PCA_MLP,1931,11.079595565795898,11.533526420593262
PCA_MLP,1932,11.594596862792969,10.982431411743164
PCA_MLP,1933,10.816478729248047,10.284473419189453
PCA_MLP,1934,11.268298149108887,10.816774368286133
PCA_MLP,1935,11.098542213439941,10.316924095153809
PCA_MLP,1936,10.751133918762207,9.918198585510254
PCA_MLP,1937,10.483400344848633,10.235052108764648
PCA_MLP,1938,10.798749923706055,10.252355575561523
PCA_MLP,1939,11.530977249145508,11.144783020019531
PCA_MLP,1940,10.33668327331543,11.184511184692383
PCA_MLP,1941,11.822961807250977,10.74947738647461
PCA_MLP,1942,10.579599380493164,10.695531845092773
PCA_MLP,1943,10.901285171508789,10.842192649841309
PCA_MLP,1944,10.764291763305664,11.878416061401367
PCA_MLP,1945,11.00006103515625,11.270248413085938
PCA_MLP,1946,10.464375495910645,10.947296142578125
PCA_MLP,1947,11.347769737243652,11.279024124145508
PCA_MLP,1948,11.29570198059082,11.284265518188477
PCA_MLP,1949,10.503347396850586,9.690000534057617
PCA_MLP,1950,10.692824363708496,10.235970497131348
PCA_MLP,1951,10.5286283493042,10.064064025878906
PCA_MLP,1952,11.303281784057617,11.133355140686035
PCA_MLP,1953,10.602986335754395,11.510614395141602
PCA_MLP,1954,11.643152236938477,10.72110366821289
PCA_MLP,1955,12.068828582763672,11.159560203552246
PCA_MLP,1956,9.870550155639648,11.512372970581055
PCA_MLP,1957,11.104768753051758,11.742157936096191
PCA_MLP,1958,10.66079330444336,10.875670433044434
PCA_MLP,1959,11.628525733947754,11.303812026977539
PCA_MLP,1960,10.288179397583008,11.25971794128418
PCA_MLP,1961,10.88972282409668,10.56379508972168
PCA_MLP,1962,11.003351211547852,10.52198314666748
PCA_MLP,1963,11.169708251953125,11.292678833007812
PCA_MLP,1964,10.610352516174316,10.675813674926758
PCA_MLP,1965,10.69860553741455,10.190706253051758
PCA_MLP,1966,10.421347618103027,10.157224655151367
PCA_MLP,1967,10.778404235839844,10.903898239135742
PCA_MLP,1968,10.527070045471191,11.529327392578125
PCA_MLP,1969,10.95936393737793,11.14107608795166
PCA_MLP,1970,10.774991989135742,10.80427360534668
PCA_MLP,1971,11.439159393310547,11.184011459350586
PCA_MLP,1972,11.06704330444336,10.977365493774414
PCA_MLP,1973,10.965557098388672,11.001729965209961
PCA_MLP,1974,11.125545501708984,11.718645095825195
PCA_MLP,1975,10.072400093078613,10.376760482788086
PCA_MLP,1976,11.107658386230469,10.800577163696289
PCA_MLP,1977,10.435644149780273,10.429143905639648
PCA_MLP,1978,11.199317932128906,10.952560424804688
PCA_MLP,1979,10.920544624328613,10.642168045043945
PCA_MLP,1980,10.720094680786133,11.22476863861084
PCA_MLP,1981,10.660526275634766,10.414844512939453
PCA_MLP,1982,10.637155532836914,10.691788673400879
PCA_MLP,1983,10.84896469116211,10.234285354614258
PCA_MLP,1984,10.669851303100586,11.135490417480469
PCA_MLP,1985,10.859305381774902,10.052329063415527
PCA_MLP,1986,10.909821510314941,11.112467765808105
PCA_MLP,1987,10.700472831726074,11.259586334228516
PCA_MLP,1988,10.497990608215332,10.982677459716797
PCA_MLP,1989,10.746358871459961,10.454050064086914
PCA_MLP,1990,11.165414810180664,11.051267623901367
PCA_MLP,1991,10.787242889404297,11.508995056152344
PCA_MLP,1992,10.752685546875,11.104087829589844
PCA_MLP,1993,10.061192512512207,10.80387020111084
PCA_MLP,1994,10.62463665008545,11.269379615783691
PCA_MLP,1995,10.622831344604492,10.98220443725586
PCA_MLP,1996,10.58082389831543,11.464311599731445
PCA_MLP,1997,10.697090148925781,11.270206451416016
PCA_MLP,1998,11.116504669189453,10.375117301940918
PCA_MLP,1999,11.157888412475586,9.81962776184082
PCA_MLP,2000,10.007373809814453,11.138772964477539
PCA_MLP,2001,10.371882438659668,11.456976890563965
PCA_MLP,2002,10.548074722290039,10.826570510864258
PCA_MLP,2003,10.696868896484375,11.077966690063477
PCA_MLP,2004,10.881567001342773,10.827388763427734
PCA_MLP,2005,10.886675834655762,10.25784683227539
PCA_MLP,2006,10.730030059814453,10.389698028564453
PCA_MLP,2007,10.750784873962402,10.069114685058594
PCA_MLP,2008,9.845684051513672,10.574241638183594
PCA_MLP,2009,11.041465759277344,10.845645904541016
PCA_MLP,2010,10.409504890441895,11.199170112609863
PCA_MLP,2011,10.594030380249023,10.695982933044434
PCA_MLP,2012,11.089902877807617,10.581291198730469
PCA_MLP,2013,11.143953323364258,10.888715744018555
PCA_MLP,2014,10.916366577148438,10.083751678466797
PCA_MLP,2015,10.861642837524414,10.825297355651855
PCA_MLP,2016,11.135002136230469,11.612701416015625
PCA_MLP,2017,10.597423553466797,10.726301193237305
PCA_MLP,2018,10.127883911132812,10.842216491699219
PCA_MLP,2019,10.191899299621582,12.038840293884277
PCA_MLP,2020,10.943456649780273,10.877634048461914
PCA_MLP,2021,10.485530853271484,11.115480422973633
PCA_MLP,2022,11.070616722106934,11.145157814025879
PCA_MLP,2023,11.545965194702148,11.649590492248535
PCA_MLP,2024,11.826852798461914,11.31658935546875
PCA_MLP,2025,10.789312362670898,10.10440444946289
PCA_MLP,2026,10.442584991455078,9.508441925048828
PCA_MLP,2027,10.430235862731934,10.812211036682129
PCA_MLP,2028,11.659709930419922,11.06515121459961
PCA_MLP,2029,10.26225757598877,10.285318374633789
PCA_MLP,2030,11.636626243591309,10.349373817443848
PCA_MLP,2031,11.287849426269531,10.97923755645752
PCA_MLP,2032,11.349315643310547,10.726055145263672
PCA_MLP,2033,10.63306713104248,10.22035026550293
PCA_MLP,2034,11.021016120910645,10.942235946655273
PCA_MLP,2035,10.363964080810547,10.52531623840332
PCA_MLP,2036,10.80472183227539,10.277551651000977
PCA_MLP,2037,10.208869934082031,10.709890365600586
PCA_MLP,2038,10.875814437866211,10.455142974853516
PCA_MLP,2039,10.705636978149414,10.347565650939941
PCA_MLP,2040,10.436846733093262,10.322138786315918
PCA_MLP,2041,11.12240219116211,11.132394790649414
PCA_MLP,2042,10.621816635131836,10.964801788330078
PCA_MLP,2043,10.848346710205078,10.376972198486328
PCA_MLP,2044,11.470306396484375,11.285806655883789
PCA_MLP,2045,10.574682235717773,10.711740493774414
PCA_MLP,2046,11.117919921875,10.522102355957031
PCA_MLP,2047,11.077646255493164,10.620773315429688
PCA_MLP,2048,10.34253215789795,10.887455940246582
PCA_MLP,2049,11.391234397888184,11.073905944824219
PCA_MLP,2050,10.599092483520508,10.761746406555176
PCA_MLP,2051,10.989032745361328,11.003133773803711
PCA_MLP,2052,10.436908721923828,10.59750747680664
PCA_MLP,2053,11.71633243560791,10.10983657836914
PCA_MLP,2054,9.589792251586914,11.17647933959961
PCA_MLP,2055,11.527650833129883,10.724746704101562
PCA_MLP,2056,11.383844375610352,11.250661849975586
PCA_MLP,2057,11.490873336791992,10.997383117675781
PCA_MLP,2058,10.653751373291016,10.269267082214355
PCA_MLP,2059,11.646723747253418,10.295605659484863
PCA_MLP,2060,11.497106552124023,10.302976608276367
PCA_MLP,2061,10.921475410461426,11.651763916015625
PCA_MLP,2062,11.66084098815918,10.896082878112793
PCA_MLP,2063,11.01871395111084,11.015575408935547
PCA_MLP,2064,11.364327430725098,11.984254837036133
PCA_MLP,2065,11.16639518737793,10.905738830566406
PCA_MLP,2066,11.390191078186035,11.013418197631836
PCA_MLP,2067,10.180191040039062,10.228021621704102
PCA_MLP,2068,10.69845962524414,10.722031593322754
PCA_MLP,2069,11.055291175842285,11.11159896850586
PCA_MLP,2070,10.862775802612305,10.616416931152344
PCA_MLP,2071,10.71507453918457,10.731184005737305
PCA_MLP,2072,11.394289016723633,11.148348808288574
PCA_MLP,2073,10.183023452758789,10.212331771850586
PCA_MLP,2074,11.40963077545166,10.46920394897461
PCA_MLP,2075,10.886489868164062,10.309228897094727
PCA_MLP,2076,11.100667953491211,11.950857162475586
PCA_MLP,2077,11.232521057128906,11.066847801208496
PCA_MLP,2078,10.116117477416992,10.401532173156738
PCA_MLP,2079,10.511062622070312,10.577951431274414
PCA_MLP,2080,11.028945922851562,11.107880592346191
PCA_MLP,2081,11.020036697387695,9.807001113891602
PCA_MLP,2082,10.37948989868164,10.843282699584961
PCA_MLP,2083,10.976755142211914,10.942419052124023
PCA_MLP,2084,10.517892837524414,10.913896560668945
PCA_MLP,2085,11.06594467163086,12.123323440551758
PCA_MLP,2086,10.360620498657227,10.787435531616211
PCA_MLP,2087,10.424633026123047,11.36062240600586
PCA_MLP,2088,10.74356460571289,10.899515151977539
PCA_MLP,2089,11.203069686889648,11.564494132995605
PCA_MLP,2090,10.652854919433594,10.8873872756958
PCA_MLP,2091,10.821846961975098,11.1797456741333
PCA_MLP,2092,11.267221450805664,10.793953895568848
PCA_MLP,2093,9.837553977966309,10.748958587646484
PCA_MLP,2094,10.288481712341309,10.838156700134277
PCA_MLP,2095,10.43925666809082,10.242196083068848
PCA_MLP,2096,11.29408073425293,10.972427368164062
PCA_MLP,2097,10.555374145507812,10.52480411529541
PCA_MLP,2098,10.384190559387207,11.42143440246582
PCA_MLP,2099,11.016305923461914,10.985220909118652
PCA_MLP,2100,11.126428604125977,11.199491500854492
PCA_MLP,2101,10.845873832702637,10.639827728271484
PCA_MLP,2102,10.651178359985352,11.42393970489502
PCA_MLP,2103,11.446466445922852,10.867313385009766
PCA_MLP,2104,10.538985252380371,11.038928985595703
PCA_MLP,2105,11.027505874633789,10.864126205444336
PCA_MLP,2106,11.172874450683594,10.720616340637207
PCA_MLP,2107,11.121379852294922,11.128501892089844
PCA_MLP,2108,10.577668190002441,11.444035530090332
PCA_MLP,2109,10.232403755187988,10.230674743652344
PCA_MLP,2110,10.935105323791504,10.689708709716797
PCA_MLP,2111,11.215507507324219,10.84166145324707
PCA_MLP,2112,10.682394981384277,11.562613487243652
PCA_MLP,2113,10.630067825317383,11.246280670166016
PCA_MLP,2114,10.436225891113281,11.370882034301758
PCA_MLP,2115,10.163519859313965,11.311840057373047
PCA_MLP,2116,9.706687927246094,11.335431098937988
PCA_MLP,2117,10.986363410949707,10.933802604675293
PCA_MLP,2118,11.298545837402344,11.125197410583496
PCA_MLP,2119,11.034001350402832,11.127191543579102
PCA_MLP,2120,10.733509063720703,10.836756706237793
PCA_MLP,2121,10.46101188659668,10.686842918395996
PCA_MLP,2122,10.861579895019531,11.21091365814209
PCA_MLP,2123,10.74487590789795,11.02351188659668
PCA_MLP,2124,10.733055114746094,11.373845100402832
PCA_MLP,2125,10.382627487182617,11.728314399719238
PCA_MLP,2126,10.833063125610352,10.157190322875977
PCA_MLP,2127,10.343734741210938,11.338848114013672
PCA_MLP,2128,11.137008666992188,11.351201057434082
PCA_MLP,2129,11.293716430664062,11.505268096923828
PCA_MLP,2130,10.972220420837402,10.66572093963623
PCA_MLP,2131,10.989249229431152,11.772890090942383
PCA_MLP,2132,10.478124618530273,11.645637512207031
PCA_MLP,2133,10.738539695739746,11.67923355102539
PCA_MLP,2134,10.085051536560059,10.727636337280273
PCA_MLP,2135,10.136106491088867,11.174485206604004
PCA_MLP,2136,10.956518173217773,10.37752628326416
PCA_MLP,2137,11.391837120056152,10.721040725708008
PCA_MLP,2138,10.712764739990234,10.54321575164795
PCA_MLP,2139,11.290645599365234,10.354290008544922
PCA_MLP,2140,10.772605895996094,11.305696487426758
PCA_MLP,2141,11.197479248046875,10.534174919128418
PCA_MLP,2142,11.517509460449219,10.388607025146484
PCA_MLP,2143,10.28380298614502,11.557500839233398
PCA_MLP,2144,10.463680267333984,11.199848175048828
PCA_MLP,2145,11.330965042114258,10.388618469238281
PCA_MLP,2146,10.50628662109375,11.219329833984375
PCA_MLP,2147,10.880919456481934,11.185897827148438
PCA_MLP,2148,11.508077621459961,11.099119186401367
PCA_MLP,2149,10.340598106384277,11.808126449584961
PCA_MLP,2150,10.686006546020508,10.980921745300293
PCA_MLP,2151,11.246277809143066,10.993409156799316
PCA_MLP,2152,10.493619918823242,10.798334121704102
PCA_MLP,2153,10.695670127868652,10.968934059143066
PCA_MLP,2154,9.942892074584961,10.561285018920898
PCA_MLP,2155,10.36091136932373,10.629340171813965
PCA_MLP,2156,10.907367706298828,10.264769554138184
PCA_MLP,2157,10.232661247253418,10.277066230773926
PCA_MLP,2158,10.809178352355957,10.999267578125
PCA_MLP,2159,10.467757225036621,10.546274185180664
PCA_MLP,2160,11.426031112670898,11.060972213745117
PCA_MLP,2161,10.228005409240723,11.257863998413086
PCA_MLP,2162,11.464727401733398,10.7669038772583
PCA_MLP,2163,10.33236026763916,10.89504623413086
PCA_MLP,2164,10.397611618041992,11.538864135742188
PCA_MLP,2165,10.955537796020508,11.410971641540527
PCA_MLP,2166,10.04324722290039,10.883648872375488
PCA_MLP,2167,11.669480323791504,11.067647933959961
PCA_MLP,2168,10.777645111083984,11.314334869384766
PCA_MLP,2169,10.261260032653809,11.181265830993652
PCA_MLP,2170,10.445377349853516,10.46234130859375
PCA_MLP,2171,10.872130393981934,11.192848205566406
PCA_MLP,2172,11.250627517700195,10.99574089050293
PCA_MLP,2173,10.450246810913086,10.410123825073242
PCA_MLP,2174,10.310773849487305,11.27218246459961
PCA_MLP,2175,11.078254699707031,10.647077560424805
PCA_MLP,2176,10.38892650604248,10.23814582824707
PCA_MLP,2177,10.774892807006836,10.99605941772461
PCA_MLP,2178,11.287769317626953,11.192742347717285
PCA_MLP,2179,11.741043090820312,9.98706340789795
PCA_MLP,2180,10.64010238647461,10.332345962524414
PCA_MLP,2181,10.443473815917969,11.836502075195312
PCA_MLP,2182,11.642401695251465,9.88882064819336
PCA_MLP,2183,11.36862850189209,11.070148468017578
PCA_MLP,2184,10.316521644592285,10.844535827636719
PCA_MLP,2185,11.55826187133789,10.483491897583008
PCA_MLP,2186,11.049972534179688,10.732481002807617
PCA_MLP,2187,10.441990852355957,10.842852592468262
PCA_MLP,2188,10.487420082092285,10.694149017333984
PCA_MLP,2189,11.064592361450195,10.745597839355469
PCA_MLP,2190,10.612022399902344,10.966608047485352
PCA_MLP,2191,10.628387451171875,11.0098295211792
PCA_MLP,2192,10.514322280883789,10.634794235229492
PCA_MLP,2193,10.933185577392578,11.064187049865723
PCA_MLP,2194,10.442784309387207,10.891420364379883
PCA_MLP,2195,11.479146957397461,10.788515090942383
PCA_MLP,2196,10.691394805908203,10.411102294921875
PCA_MLP,2197,11.506001472473145,10.197772979736328
PCA_MLP,2198,11.042633056640625,11.014274597167969
PCA_MLP,2199,10.660032272338867,10.901505470275879
PCA_MLP,2200,10.73712158203125,10.820195198059082
PCA_MLP,2201,11.101556777954102,11.26906967163086
PCA_MLP,2202,10.459075927734375,10.876243591308594
PCA_MLP,2203,10.442832946777344,11.960271835327148
PCA_MLP,2204,10.905208587646484,10.387746810913086
PCA_MLP,2205,11.225237846374512,11.225187301635742
PCA_MLP,2206,10.398236274719238,10.669305801391602
PCA_MLP,2207,10.348549842834473,10.744831085205078
PCA_MLP,2208,11.063244819641113,10.88582992553711
PCA_MLP,2209,10.139104843139648,11.478584289550781
PCA_MLP,2210,10.708970069885254,9.929813385009766
PCA_MLP,2211,11.28946590423584,11.43096923828125
PCA_MLP,2212,10.875101089477539,11.14954948425293
PCA_MLP,2213,11.047788619995117,11.43810749053955
PCA_MLP,2214,10.727633476257324,10.500079154968262
PCA_MLP,2215,11.529993057250977,10.678613662719727
PCA_MLP,2216,10.533785820007324,10.865849494934082
PCA_MLP,2217,9.806376457214355,10.838091850280762
PCA_MLP,2218,10.954387664794922,10.30221176147461
PCA_MLP,2219,11.406610488891602,11.011208534240723
PCA_MLP,2220,10.846890449523926,11.246654510498047
PCA_MLP,2221,10.041470527648926,11.307369232177734
PCA_MLP,2222,10.296614646911621,10.880596160888672
PCA_MLP,2223,11.745513916015625,10.887561798095703
PCA_MLP,2224,11.121636390686035,10.801071166992188
PCA_MLP,2225,10.975330352783203,10.910111427307129
PCA_MLP,2226,10.370448112487793,9.98690128326416
PCA_MLP,2227,10.991056442260742,11.174420356750488
PCA_MLP,2228,11.1882905960083,9.801438331604004
PCA_MLP,2229,12.07170295715332,11.916055679321289
PCA_MLP,2230,11.095863342285156,11.495832443237305
PCA_MLP,2231,10.943964004516602,10.036808967590332
PCA_MLP,2232,10.60297966003418,10.765714645385742
PCA_MLP,2233,10.752488136291504,11.280221939086914
PCA_MLP,2234,11.080177307128906,11.05324935913086
PCA_MLP,2235,10.466047286987305,10.152312278747559
PCA_MLP,2236,10.363840103149414,10.585983276367188
PCA_MLP,2237,10.905073165893555,10.456920623779297
PCA_MLP,2238,10.874542236328125,10.084527969360352
PCA_MLP,2239,11.146353721618652,11.196776390075684
PCA_MLP,2240,10.703187942504883,10.84406566619873
PCA_MLP,2241,10.407310485839844,11.485823631286621
PCA_MLP,2242,10.627079010009766,10.893380165100098
PCA_MLP,2243,11.342856407165527,11.33422565460205
PCA_MLP,2244,11.152680397033691,10.687627792358398
PCA_MLP,2245,10.71272087097168,11.118268013000488
PCA_MLP,2246,11.099174499511719,10.373978614807129
PCA_MLP,2247,10.352441787719727,10.86289119720459
PCA_MLP,2248,11.132089614868164,10.426294326782227
PCA_MLP,2249,11.117609024047852,10.322737693786621
PCA_MLP,2250,11.141374588012695,10.639881134033203
PCA_MLP,2251,11.093551635742188,10.757698059082031
PCA_MLP,2252,10.84004020690918,10.838438034057617
PCA_MLP,2253,10.222829818725586,10.901386260986328
PCA_MLP,2254,10.924354553222656,11.83012866973877
PCA_MLP,2255,11.025350570678711,9.983626365661621
PCA_MLP,2256,10.908522605895996,11.447543144226074
PCA_MLP,2257,10.340608596801758,11.52189826965332
PCA_MLP,2258,10.12031364440918,11.426353454589844
PCA_MLP,2259,10.801403045654297,10.818252563476562
PCA_MLP,2260,10.456722259521484,10.600890159606934
PCA_MLP,2261,10.778396606445312,10.82738971710205
PCA_MLP,2262,10.847463607788086,10.182694435119629
PCA_MLP,2263,11.002918243408203,10.911225318908691
PCA_MLP,2264,10.837831497192383,11.069148063659668
PCA_MLP,2265,10.991107940673828,10.076690673828125
PCA_MLP,2266,10.90870189666748,10.99627685546875
PCA_MLP,2267,11.467720031738281,9.899686813354492
PCA_MLP,2268,11.216758728027344,10.318479537963867
PCA_MLP,2269,10.870940208435059,10.817248344421387
PCA_MLP,2270,9.87759780883789,11.277557373046875
PCA_MLP,2271,10.932897567749023,11.085801124572754
PCA_MLP,2272,10.984197616577148,11.16221809387207
PCA_MLP,2273,10.698533058166504,10.653548240661621
PCA_MLP,2274,11.090616226196289,11.564257621765137
PCA_MLP,2275,10.616851806640625,11.147401809692383
PCA_MLP,2276,10.8555908203125,10.096866607666016
PCA_MLP,2277,10.4820556640625,10.768789291381836
PCA_MLP,2278,10.570646286010742,10.766158103942871
PCA_MLP,2279,11.084136962890625,11.18596076965332
PCA_MLP,2280,10.55618667602539,10.308465957641602
PCA_MLP,2281,10.672018051147461,10.408788681030273
PCA_MLP,2282,10.912363052368164,10.944223403930664
PCA_MLP,2283,9.989948272705078,10.808870315551758
PCA_MLP,2284,10.018606185913086,10.45501708984375
PCA_MLP,2285,11.073476791381836,11.456269264221191
PCA_MLP,2286,11.610984802246094,11.351922988891602
PCA_MLP,2287,11.160726547241211,10.287176132202148
PCA_MLP,2288,10.81173038482666,10.551688194274902
PCA_MLP,2289,10.59715747833252,11.352285385131836
PCA_MLP,2290,10.558277130126953,10.94042682647705
PCA_MLP,2291,10.155865669250488,11.439826965332031
PCA_MLP,2292,10.660127639770508,10.59510612487793
PCA_MLP,2293,11.806703567504883,10.375154495239258
PCA_MLP,2294,11.31212043762207,11.260889053344727
PCA_MLP,2295,11.309825897216797,11.941424369812012
PCA_MLP,2296,10.444371223449707,10.93006706237793
PCA_MLP,2297,10.54258918762207,11.975168228149414
PCA_MLP,2298,10.764898300170898,10.471141815185547
PCA_MLP,2299,10.428857803344727,11.183343887329102
PCA_MLP,2300,10.633018493652344,11.196456909179688
PCA_MLP,2301,12.225521087646484,10.26246166229248
PCA_MLP,2302,10.898941040039062,10.447625160217285
PCA_MLP,2303,11.218353271484375,10.459846496582031
PCA_MLP,2304,10.152734756469727,10.32745361328125
PCA_MLP,2305,10.525521278381348,10.184305191040039
PCA_MLP,2306,10.826837539672852,11.293767929077148
PCA_MLP,2307,10.66854476928711,10.313410758972168
PCA_MLP,2308,10.969955444335938,10.180867195129395
PCA_MLP,2309,10.765974044799805,11.094419479370117
PCA_MLP,2310,10.711874008178711,11.726858139038086
PCA_MLP,2311,10.62047004699707,11.426506042480469
PCA_MLP,2312,10.733772277832031,11.829217910766602
PCA_MLP,2313,10.358100891113281,10.344860076904297
PCA_MLP,2314,10.451157569885254,11.068183898925781
PCA_MLP,2315,11.364421844482422,10.8892822265625
PCA_MLP,2316,11.49138355255127,11.190893173217773
PCA_MLP,2317,11.536876678466797,11.19369888305664
PCA_MLP,2318,11.337947845458984,10.838273048400879
PCA_MLP,2319,10.818479537963867,10.119945526123047
PCA_MLP,2320,11.040679931640625,10.243451118469238
PCA_MLP,2321,10.788042068481445,10.5087890625
PCA_MLP,2322,10.494279861450195,10.763875961303711
PCA_MLP,2323,10.881885528564453,10.851458549499512
PCA_MLP,2324,9.79519271850586,10.999981880187988
PCA_MLP,2325,11.161121368408203,11.383793830871582
PCA_MLP,2326,10.640753746032715,11.34886646270752
PCA_MLP,2327,10.4603910446167,10.857686042785645
PCA_MLP,2328,11.018536567687988,10.891475677490234
PCA_MLP,2329,10.683540344238281,11.43253231048584
PCA_MLP,2330,11.724713325500488,11.1768217086792
PCA_MLP,2331,10.841233253479004,11.085906982421875
PCA_MLP,2332,10.654537200927734,10.323873519897461
PCA_MLP,2333,9.736231803894043,11.093589782714844
PCA_MLP,2334,10.136650085449219,10.955071449279785
PCA_MLP,2335,10.889183044433594,10.764076232910156
PCA_MLP,2336,10.557638168334961,9.880043029785156
PCA_MLP,2337,11.795724868774414,10.698105812072754
PCA_MLP,2338,10.417181015014648,10.198448181152344
PCA_MLP,2339,10.397041320800781,10.990883827209473
PCA_MLP,2340,10.607613563537598,10.935029983520508
PCA_MLP,2341,10.687450408935547,11.358932495117188
PCA_MLP,2342,10.966390609741211,11.027141571044922
PCA_MLP,2343,11.594575881958008,11.438760757446289
PCA_MLP,2344,10.342201232910156,11.106789588928223
PCA_MLP,2345,10.20980167388916,10.901277542114258
PCA_MLP,2346,10.780498504638672,10.54077434539795
PCA_MLP,2347,10.323871612548828,11.247974395751953
PCA_MLP,2348,11.31576919555664,11.059192657470703
PCA_MLP,2349,10.896656036376953,10.22811508178711
PCA_MLP,2350,10.499773979187012,10.680261611938477
PCA_MLP,2351,10.480255126953125,10.952895164489746
PCA_MLP,2352,10.653046607971191,10.399252891540527
PCA_MLP,2353,9.961297988891602,10.890420913696289
PCA_MLP,2354,12.101083755493164,11.230226516723633
PCA_MLP,2355,10.959047317504883,10.006961822509766
PCA_MLP,2356,10.853673934936523,10.642253875732422
PCA_MLP,2357,10.529725074768066,11.148333549499512
PCA_MLP,2358,10.273218154907227,11.041143417358398
PCA_MLP,2359,11.048678398132324,11.156615257263184
PCA_MLP,2360,10.827171325683594,11.200058937072754
PCA_MLP,2361,10.892812728881836,11.283208847045898
PCA_MLP,2362,11.19405746459961,10.658937454223633
PCA_MLP,2363,10.506654739379883,11.217145919799805
PCA_MLP,2364,10.666669845581055,10.939262390136719
PCA_MLP,2365,10.844062805175781,10.874942779541016
PCA_MLP,2366,10.285372734069824,10.083415031433105
PCA_MLP,2367,11.218340873718262,10.579448699951172
PCA_MLP,2368,11.62817668914795,10.503118515014648
PCA_MLP,2369,10.055187225341797,10.350050926208496
PCA_MLP,2370,11.181251525878906,11.387660026550293
PCA_MLP,2371,11.063081741333008,10.647403717041016
PCA_MLP,2372,10.531427383422852,10.93265151977539
PCA_MLP,2373,10.314109802246094,11.067150115966797
PCA_MLP,2374,10.180522918701172,10.439455032348633
PCA_MLP,2375,10.765666961669922,11.170148849487305
PCA_MLP,2376,10.64626693725586,11.368972778320312
PCA_MLP,2377,10.47791862487793,10.65104866027832
PCA_MLP,2378,10.86686897277832,10.716812133789062
PCA_MLP,2379,10.577516555786133,11.117863655090332
PCA_MLP,2380,10.320151329040527,10.875524520874023
PCA_MLP,2381,10.057584762573242,10.827873229980469
PCA_MLP,2382,11.28385066986084,11.260246276855469
PCA_MLP,2383,10.642515182495117,10.612948417663574
PCA_MLP,2384,11.63466739654541,11.33051872253418
PCA_MLP,2385,10.66445255279541,10.428146362304688
PCA_MLP,2386,10.9683837890625,10.853455543518066
PCA_MLP,2387,10.792557716369629,11.26865005493164
PCA_MLP,2388,10.694694519042969,10.926484107971191
PCA_MLP,2389,10.290738105773926,10.95287799835205
PCA_MLP,2390,10.859869003295898,11.026519775390625
PCA_MLP,2391,11.19640064239502,10.61532211303711
PCA_MLP,2392,10.60093879699707,10.959725379943848
PCA_MLP,2393,11.052587509155273,9.370573043823242
PCA_MLP,2394,10.927125930786133,10.588838577270508
PCA_MLP,2395,10.572080612182617,11.23902416229248
PCA_MLP,2396,10.791379928588867,10.548563957214355
PCA_MLP,2397,10.922830581665039,11.798181533813477
PCA_MLP,2398,10.945133209228516,10.903863906860352
PCA_MLP,2399,9.994827270507812,10.331844329833984
PCA_MLP,2400,10.60401725769043,11.122241020202637
PCA_MLP,2401,10.461675643920898,10.063739776611328
PCA_MLP,2402,11.053428649902344,11.03622055053711
PCA_MLP,2403,10.405832290649414,10.05264663696289
PCA_MLP,2404,10.728266716003418,10.475357055664062
PCA_MLP,2405,11.26324462890625,9.855927467346191
PCA_MLP,2406,10.87188720703125,11.12137222290039
PCA_MLP,2407,11.301843643188477,10.602899551391602
PCA_MLP,2408,10.967031478881836,11.049670219421387
PCA_MLP,2409,10.709406852722168,10.776251792907715
PCA_MLP,2410,10.925834655761719,11.014657974243164
PCA_MLP,2411,9.725881576538086,10.59435749053955
PCA_MLP,2412,10.645793914794922,10.827627182006836
PCA_MLP,2413,11.73464298248291,11.21484375
PCA_MLP,2414,10.076644897460938,10.526312828063965
PCA_MLP,2415,10.738208770751953,11.018163681030273
PCA_MLP,2416,11.18313217163086,11.052486419677734
PCA_MLP,2417,10.818422317504883,11.001279830932617
PCA_MLP,2418,10.926192283630371,11.303977966308594
PCA_MLP,2419,10.829530715942383,10.475948333740234
PCA_MLP,2420,10.994895935058594,10.851197242736816
PCA_MLP,2421,11.376279830932617,11.231778144836426
PCA_MLP,2422,10.062719345092773,11.019758224487305
PCA_MLP,2423,10.968406677246094,9.71514892578125
PCA_MLP,2424,11.661346435546875,11.553202629089355
PCA_MLP,2425,10.626384735107422,10.775640487670898
PCA_MLP,2426,10.656730651855469,10.147674560546875
PCA_MLP,2427,10.728690147399902,11.113370895385742
PCA_MLP,2428,10.5146484375,11.108024597167969
PCA_MLP,2429,10.85741138458252,10.249163627624512
PCA_MLP,2430,11.391181945800781,10.127762794494629
PCA_MLP,2431,11.182086944580078,10.507242202758789
PCA_MLP,2432,10.825743675231934,10.556168556213379
PCA_MLP,2433,11.557656288146973,11.287406921386719
PCA_MLP,2434,10.645933151245117,11.03814697265625
PCA_MLP,2435,11.000181198120117,10.450296401977539
PCA_MLP,2436,11.364946365356445,10.36831283569336
PCA_MLP,2437,11.1890230178833,10.750177383422852
PCA_MLP,2438,10.263809204101562,10.599103927612305
PCA_MLP,2439,10.412683486938477,10.552352905273438
PCA_MLP,2440,10.84482192993164,11.129289627075195
PCA_MLP,2441,9.905248641967773,11.541585922241211
PCA_MLP,2442,11.463083267211914,9.715009689331055
PCA_MLP,2443,10.71169662475586,10.724881172180176
PCA_MLP,2444,11.423810005187988,10.89460277557373
PCA_MLP,2445,10.731861114501953,10.647740364074707
PCA_MLP,2446,10.67725658416748,10.654889106750488
PCA_MLP,2447,10.683329582214355,11.663752555847168
PCA_MLP,2448,10.818187713623047,10.48057746887207
PCA_MLP,2449,9.687614440917969,10.853450775146484
PCA_MLP,2450,10.812948226928711,11.93002700805664
PCA_MLP,2451,10.155654907226562,10.405536651611328
PCA_MLP,2452,10.756767272949219,11.066753387451172
PCA_MLP,2453,11.552144050598145,10.622270584106445
PCA_MLP,2454,10.387471199035645,10.8856201171875
PCA_MLP,2455,11.712764739990234,10.758077621459961
PCA_MLP,2456,10.85444164276123,11.182971954345703
PCA_MLP,2457,10.849903106689453,10.610616683959961
PCA_MLP,2458,10.655359268188477,10.997397422790527
PCA_MLP,2459,10.491165161132812,11.66077995300293
PCA_MLP,2460,9.837785720825195,11.597848892211914
PCA_MLP,2461,10.841351509094238,11.077224731445312
PCA_MLP,2462,10.178179740905762,10.924150466918945
PCA_MLP,2463,11.725419998168945,10.797743797302246
PCA_MLP,2464,11.228334426879883,10.471957206726074
PCA_MLP,2465,11.217775344848633,11.708489418029785
PCA_MLP,2466,11.918065071105957,11.281933784484863
PCA_MLP,2467,10.386869430541992,11.056608200073242
PCA_MLP,2468,10.907171249389648,10.623819351196289
PCA_MLP,2469,10.48779582977295,11.503077507019043
PCA_MLP,2470,10.402278900146484,10.846960067749023
PCA_MLP,2471,11.636602401733398,11.4833402633667
PCA_MLP,2472,10.593518257141113,10.714056968688965
PCA_MLP,2473,10.680057525634766,11.107256889343262
PCA_MLP,2474,11.031755447387695,9.844884872436523
PCA_MLP,2475,10.696989059448242,10.613594055175781
PCA_MLP,2476,10.508593559265137,10.901209831237793
PCA_MLP,2477,10.935991287231445,10.106119155883789
PCA_MLP,2478,10.636991500854492,11.357648849487305
PCA_MLP,2479,11.282825469970703,11.28031063079834
PCA_MLP,2480,10.746450424194336,10.479036331176758
PCA_MLP,2481,11.336038589477539,10.443446159362793
PCA_MLP,2482,11.092192649841309,11.047340393066406
PCA_MLP,2483,10.690143585205078,10.499094009399414
PCA_MLP,2484,11.019264221191406,10.35090446472168
PCA_MLP,2485,10.065027236938477,10.411737442016602
PCA_MLP,2486,10.526480674743652,11.354897499084473
PCA_MLP,2487,11.097814559936523,11.29387092590332
PCA_MLP,2488,10.643959045410156,10.378019332885742
PCA_MLP,2489,10.230923652648926,11.05556583404541
PCA_MLP,2490,10.541545867919922,11.579627990722656
PCA_MLP,2491,9.771690368652344,10.42345905303955
PCA_MLP,2492,11.377700805664062,10.54071044921875
PCA_MLP,2493,9.917827606201172,10.147481918334961
PCA_MLP,2494,10.818479537963867,10.776656150817871
PCA_MLP,2495,11.645570755004883,10.368501663208008
PCA_MLP,2496,10.58262825012207,10.783710479736328
PCA_MLP,2497,11.421809196472168,9.884148597717285
PCA_MLP,2498,11.639299392700195,10.1681547164917
PCA_MLP,2499,11.27767562866211,11.180635452270508
PCA_MLP,2500,10.748108863830566,11.004549980163574
PCA_MLP,2501,10.59585952758789,11.33697509765625
PCA_MLP,2502,10.728483200073242,10.835243225097656
PCA_MLP,2503,11.276334762573242,10.969322204589844
PCA_MLP,2504,10.871593475341797,11.100593566894531
PCA_MLP,2505,9.997171401977539,11.232269287109375
PCA_MLP,2506,11.310062408447266,11.469758987426758
PCA_MLP,2507,10.827605247497559,10.516989707946777
PCA_MLP,2508,10.545734405517578,10.2582426071167
PCA_MLP,2509,10.733105659484863,10.90030574798584
PCA_MLP,2510,10.932151794433594,10.68099594116211
PCA_MLP,2511,11.177558898925781,10.622706413269043
PCA_MLP,2512,10.56740665435791,10.22709846496582
PCA_MLP,2513,10.878296852111816,10.396074295043945
PCA_MLP,2514,10.335531234741211,10.659732818603516
PCA_MLP,2515,11.386541366577148,11.066606521606445
PCA_MLP,2516,11.11013412475586,11.043004989624023
PCA_MLP,2517,10.485798835754395,11.131345748901367
PCA_MLP,2518,10.679534912109375,10.827375411987305
PCA_MLP,2519,10.220428466796875,10.78048038482666
PCA_MLP,2520,10.579259872436523,11.641000747680664
PCA_MLP,2521,10.94369888305664,10.92759895324707
PCA_MLP,2522,10.801179885864258,11.095488548278809
PCA_MLP,2523,10.040971755981445,10.895756721496582
PCA_MLP,2524,11.407581329345703,11.014019012451172
PCA_MLP,2525,10.232824325561523,10.710943222045898
PCA_MLP,2526,10.733345031738281,10.757184982299805
PCA_MLP,2527,11.24696159362793,11.414432525634766
PCA_MLP,2528,11.531579971313477,11.280226707458496
PCA_MLP,2529,10.526533126831055,10.04804801940918
PCA_MLP,2530,10.456398963928223,10.646756172180176
PCA_MLP,2531,9.855409622192383,9.690011978149414
PCA_MLP,2532,10.633398056030273,11.171846389770508
PCA_MLP,2533,11.224339485168457,10.501819610595703
PCA_MLP,2534,10.750404357910156,10.996081352233887
PCA_MLP,2535,10.871755599975586,11.254352569580078
PCA_MLP,2536,11.750319480895996,10.87529468536377
PCA_MLP,2537,10.822900772094727,10.401803970336914
PCA_MLP,2538,10.781686782836914,10.933152198791504
PCA_MLP,2539,10.938827514648438,10.578678131103516
PCA_MLP,2540,11.005516052246094,10.63728141784668
PCA_MLP,2541,10.598480224609375,10.894301414489746
PCA_MLP,2542,10.457967758178711,10.050760269165039
PCA_MLP,2543,10.871564865112305,10.719244003295898
PCA_MLP,2544,11.851287841796875,10.598493576049805
PCA_MLP,2545,11.087726593017578,11.38947868347168
PCA_MLP,2546,11.419662475585938,11.272041320800781
PCA_MLP,2547,10.825928688049316,10.42149543762207
PCA_MLP,2548,11.374528884887695,10.50919246673584
PCA_MLP,2549,11.46005630493164,10.886178970336914
PCA_MLP,2550,10.42327880859375,10.463554382324219
PCA_MLP,2551,11.423042297363281,10.862236022949219
PCA_MLP,2552,11.210504531860352,10.914512634277344
PCA_MLP,2553,10.873753547668457,11.079765319824219
PCA_MLP,2554,10.372798919677734,10.707816123962402
PCA_MLP,2555,10.61970329284668,10.946700096130371
PCA_MLP,2556,10.698453903198242,11.770727157592773
PCA_MLP,2557,11.183177947998047,11.124448776245117
PCA_MLP,2558,10.65578842163086,11.110706329345703
PCA_MLP,2559,10.754046440124512,10.097484588623047
PCA_MLP,2560,10.561187744140625,10.583276748657227
PCA_MLP,2561,10.694751739501953,11.243305206298828
PCA_MLP,2562,10.986412048339844,10.726236343383789
PCA_MLP,2563,10.436245918273926,11.626830101013184
PCA_MLP,2564,10.635356903076172,10.158421516418457
PCA_MLP,2565,10.78125286102295,10.103346824645996
PCA_MLP,2566,10.82779312133789,10.920817375183105
PCA_MLP,2567,10.624073028564453,11.171032905578613
PCA_MLP,2568,10.309134483337402,11.410531044006348
PCA_MLP,2569,10.799072265625,10.715773582458496
PCA_MLP,2570,10.639439582824707,11.293943405151367
PCA_MLP,2571,9.767566680908203,10.290850639343262
PCA_MLP,2572,11.005743026733398,10.652742385864258
PCA_MLP,2573,10.770462036132812,10.925371170043945
PCA_MLP,2574,10.019847869873047,10.96847915649414
PCA_MLP,2575,10.669777870178223,10.633415222167969
PCA_MLP,2576,10.887314796447754,10.671205520629883
PCA_MLP,2577,11.49406623840332,10.817672729492188
PCA_MLP,2578,11.431596755981445,10.898080825805664
PCA_MLP,2579,10.995691299438477,10.935988426208496
PCA_MLP,2580,10.513282775878906,10.747472763061523
PCA_MLP,2581,10.588109970092773,10.386310577392578
PCA_MLP,2582,11.21277141571045,11.116357803344727
PCA_MLP,2583,10.385448455810547,10.296886444091797
PCA_MLP,2584,11.234968185424805,10.805858612060547
PCA_MLP,2585,10.824930191040039,11.784516334533691
PCA_MLP,2586,11.241212844848633,10.630834579467773
PCA_MLP,2587,10.971113204956055,10.444933891296387
PCA_MLP,2588,11.645126342773438,10.554105758666992
PCA_MLP,2589,11.058116912841797,10.360207557678223
PCA_MLP,2590,10.510467529296875,10.923418998718262
PCA_MLP,2591,10.8936128616333,10.87277603149414
PCA_MLP,2592,10.600847244262695,11.212875366210938
PCA_MLP,2593,11.264213562011719,11.981782913208008
PCA_MLP,2594,9.899394035339355,10.970734596252441
PCA_MLP,2595,10.617591857910156,10.662470817565918
PCA_MLP,2596,11.102043151855469,10.239690780639648
PCA_MLP,2597,10.898746490478516,10.99306869506836
PCA_MLP,2598,11.4459867477417,10.984357833862305
PCA_MLP,2599,10.404464721679688,10.234865188598633
PCA_MLP,2600,10.938169479370117,10.938150405883789
PCA_MLP,2601,10.42560863494873,10.313209533691406
PCA_MLP,2602,10.951401710510254,11.065138816833496
PCA_MLP,2603,10.07486343383789,10.03603458404541
PCA_MLP,2604,11.151100158691406,10.773710250854492
PCA_MLP,2605,10.727474212646484,10.94541072845459
PCA_MLP,2606,11.70663833618164,11.54002571105957
PCA_MLP,2607,10.73354721069336,11.850841522216797
PCA_MLP,2608,11.70721435546875,9.942388534545898
PCA_MLP,2609,10.366817474365234,10.955976486206055
PCA_MLP,2610,10.136051177978516,10.2073974609375
PCA_MLP,2611,10.924811363220215,10.814878463745117
PCA_MLP,2612,11.081494331359863,11.862709999084473
PCA_MLP,2613,10.831274032592773,11.168107032775879
PCA_MLP,2614,10.849014282226562,10.8729248046875
PCA_MLP,2615,10.892496109008789,11.904377937316895
PCA_MLP,2616,10.813361167907715,10.649286270141602
PCA_MLP,2617,10.083013534545898,11.070209503173828
PCA_MLP,2618,10.680557250976562,10.461124420166016
PCA_MLP,2619,10.647589683532715,10.173517227172852
PCA_MLP,2620,10.729610443115234,11.61159896850586
PCA_MLP,2621,10.805747032165527,10.174858093261719
PCA_MLP,2622,10.500409126281738,10.845483779907227
PCA_MLP,2623,10.849108695983887,10.659361839294434
PCA_MLP,2624,11.186171531677246,10.817010879516602
PCA_MLP,2625,11.342068672180176,9.877128601074219
PCA_MLP,2626,11.384627342224121,11.229034423828125
PCA_MLP,2627,10.710195541381836,10.353796005249023
PCA_MLP,2628,10.435894012451172,10.491680145263672
PCA_MLP,2629,10.627981185913086,10.200098037719727
PCA_MLP,2630,11.584782600402832,10.580464363098145
PCA_MLP,2631,10.558365821838379,9.728240966796875
PCA_MLP,2632,11.202537536621094,11.242768287658691
PCA_MLP,2633,10.779001235961914,10.462470054626465
PCA_MLP,2634,11.489826202392578,10.86457347869873
PCA_MLP,2635,11.708429336547852,10.228184700012207
PCA_MLP,2636,9.862546920776367,10.199983596801758
PCA_MLP,2637,10.469425201416016,10.587127685546875
PCA_MLP,2638,10.845242500305176,10.461437225341797
PCA_MLP,2639,10.649151802062988,10.611083984375
PCA_MLP,2640,10.875360488891602,10.421795845031738
PCA_MLP,2641,10.632901191711426,11.13258171081543
PCA_MLP,2642,11.407115936279297,10.60055923461914
PCA_MLP,2643,11.132209777832031,10.295236587524414
PCA_MLP,2644,10.972825050354004,10.566740036010742
PCA_MLP,2645,11.172462463378906,9.597478866577148
PCA_MLP,2646,10.887423515319824,10.848705291748047
PCA_MLP,2647,10.061588287353516,10.305054664611816
PCA_MLP,2648,11.459308624267578,10.047282218933105
PCA_MLP,2649,9.975105285644531,10.477293014526367
PCA_MLP,2650,11.38968276977539,10.423114776611328
PCA_MLP,2651,11.259364128112793,11.014007568359375
PCA_MLP,2652,10.645787239074707,10.679374694824219
PCA_MLP,2653,10.407769203186035,10.487480163574219
PCA_MLP,2654,10.351640701293945,11.513553619384766
PCA_MLP,2655,11.388639450073242,11.577499389648438
PCA_MLP,2656,11.627023696899414,10.912581443786621
PCA_MLP,2657,11.174266815185547,10.835153579711914
PCA_MLP,2658,10.559200286865234,10.672560691833496
PCA_MLP,2659,10.654558181762695,10.800987243652344
PCA_MLP,2660,10.895618438720703,10.265892028808594
PCA_MLP,2661,11.421241760253906,10.733503341674805
PCA_MLP,2662,11.570168495178223,11.434389114379883
PCA_MLP,2663,10.859325408935547,10.192662239074707
PCA_MLP,2664,10.706226348876953,10.830545425415039
PCA_MLP,2665,10.145398139953613,10.221324920654297
PCA_MLP,2666,9.912582397460938,10.660238265991211
PCA_MLP,2667,10.295543670654297,10.928050994873047
PCA_MLP,2668,10.24905014038086,10.350231170654297
PCA_MLP,2669,10.616935729980469,10.718853950500488
PCA_MLP,2670,11.108697891235352,11.040581703186035
PCA_MLP,2671,10.462570190429688,10.901809692382812
PCA_MLP,2672,10.843825340270996,10.416016578674316
PCA_MLP,2673,10.1744384765625,10.32251262664795
PCA_MLP,2674,10.82546615600586,10.880537033081055
PCA_MLP,2675,10.646738052368164,10.429645538330078
PCA_MLP,2676,10.446920394897461,10.684493064880371
PCA_MLP,2677,10.364112854003906,10.369942665100098
PCA_MLP,2678,10.502129554748535,11.17552375793457
PCA_MLP,2679,10.443222045898438,11.345653533935547
PCA_MLP,2680,10.861356735229492,11.520956993103027
PCA_MLP,2681,11.423149108886719,10.490850448608398
PCA_MLP,2682,10.987850189208984,10.330029487609863
PCA_MLP,2683,10.890178680419922,10.341611862182617
PCA_MLP,2684,10.801450729370117,11.294023513793945
PCA_MLP,2685,11.75423526763916,10.565176010131836
PCA_MLP,2686,10.56904411315918,10.825149536132812
PCA_MLP,2687,11.006429672241211,11.028013229370117
PCA_MLP,2688,10.024970054626465,10.306412696838379
PCA_MLP,2689,10.690346717834473,10.763130187988281
PCA_MLP,2690,10.242841720581055,10.315896987915039
PCA_MLP,2691,11.381805419921875,11.2962007522583
PCA_MLP,2692,10.623291969299316,10.887977600097656
PCA_MLP,2693,12.010246276855469,11.293720245361328
PCA_MLP,2694,11.122469902038574,10.977356910705566
PCA_MLP,2695,10.935125350952148,11.205087661743164
PCA_MLP,2696,10.71700668334961,10.435612678527832
PCA_MLP,2697,10.903528213500977,10.59454345703125
PCA_MLP,2698,11.623462677001953,11.011981964111328
PCA_MLP,2699,11.231121063232422,10.423572540283203
PCA_MLP,2700,10.98318099975586,10.768444061279297
PCA_MLP,2701,10.631843566894531,11.489313125610352
PCA_MLP,2702,10.878850936889648,9.992321014404297
PCA_MLP,2703,10.83997917175293,9.970657348632812
PCA_MLP,2704,10.942554473876953,11.027765274047852
PCA_MLP,2705,11.481866836547852,10.90576171875
PCA_MLP,2706,11.284996032714844,9.93709945678711
PCA_MLP,2707,11.03898811340332,11.439716339111328
PCA_MLP,2708,10.84421157836914,11.98288345336914
PCA_MLP,2709,10.964090347290039,10.480878829956055
PCA_MLP,2710,10.123825073242188,10.94791030883789
PCA_MLP,2711,10.852498054504395,10.960502624511719
PCA_MLP,2712,11.18670654296875,10.959625244140625
PCA_MLP,2713,11.260177612304688,11.33796215057373
PCA_MLP,2714,11.358237266540527,10.628921508789062
PCA_MLP,2715,10.124561309814453,10.890464782714844
PCA_MLP,2716,11.14014720916748,11.895998001098633
PCA_MLP,2717,11.022826194763184,11.386560440063477
PCA_MLP,2718,10.91614055633545,11.293601989746094
PCA_MLP,2719,11.1002836227417,10.892671585083008
PCA_MLP,2720,10.606622695922852,10.056008338928223
PCA_MLP,2721,10.339818954467773,11.007674217224121
PCA_MLP,2722,10.899566650390625,11.748398780822754
PCA_MLP,2723,10.770248413085938,10.32270622253418
PCA_MLP,2724,10.419864654541016,10.227840423583984
PCA_MLP,2725,10.652037620544434,11.497395515441895
PCA_MLP,2726,10.711484909057617,11.466191291809082
PCA_MLP,2727,11.3916654586792,11.62673568725586
PCA_MLP,2728,11.465778350830078,10.357002258300781
PCA_MLP,2729,11.081840515136719,11.687029838562012
PCA_MLP,2730,10.766692161560059,11.100713729858398
PCA_MLP,2731,11.373211860656738,11.1621675491333
PCA_MLP,2732,10.556539535522461,10.813983917236328
PCA_MLP,2733,10.830562591552734,9.880332946777344
PCA_MLP,2734,11.241737365722656,11.07802677154541
PCA_MLP,2735,12.313240051269531,10.91079330444336
PCA_MLP,2736,10.690585136413574,9.915077209472656
PCA_MLP,2737,11.049736022949219,9.713939666748047
PCA_MLP,2738,10.123237609863281,10.477520942687988
PCA_MLP,2739,10.722406387329102,10.091222763061523
PCA_MLP,2740,11.359899520874023,10.28702163696289
PCA_MLP,2741,11.251017570495605,10.915459632873535
PCA_MLP,2742,10.35953426361084,11.256864547729492
PCA_MLP,2743,10.93117618560791,11.279845237731934
PCA_MLP,2744,10.318029403686523,10.928332328796387
PCA_MLP,2745,10.255792617797852,10.669578552246094
PCA_MLP,2746,11.599433898925781,10.296567916870117
PCA_MLP,2747,11.62098503112793,10.663177490234375
PCA_MLP,2748,10.46279525756836,10.654500961303711
PCA_MLP,2749,11.445639610290527,11.092625617980957
PCA_MLP,2750,10.436172485351562,10.723258972167969
PCA_MLP,2751,11.687934875488281,10.411550521850586
PCA_MLP,2752,11.589811325073242,10.537540435791016
PCA_MLP,2753,10.882224082946777,11.420696258544922
PCA_MLP,2754,10.305197715759277,10.098193168640137
PCA_MLP,2755,10.933661460876465,10.727910041809082
PCA_MLP,2756,10.64373779296875,11.63224983215332
PCA_MLP,2757,11.09565544128418,10.978793144226074
PCA_MLP,2758,10.541833877563477,12.043132781982422
PCA_MLP,2759,10.37434196472168,10.738618850708008
PCA_MLP,2760,11.109304428100586,10.792327880859375
PCA_MLP,2761,10.746244430541992,11.175960540771484
PCA_MLP,2762,11.71554946899414,10.32022476196289
PCA_MLP,2763,11.364396095275879,10.490234375
PCA_MLP,2764,10.602046012878418,10.590551376342773
PCA_MLP,2765,10.68230152130127,10.327094078063965
PCA_MLP,2766,11.243460655212402,10.854484558105469
PCA_MLP,2767,11.207794189453125,11.520454406738281
PCA_MLP,2768,10.83886432647705,10.991697311401367
PCA_MLP,2769,11.072839736938477,10.704296112060547
PCA_MLP,2770,10.832366943359375,11.473061561584473
PCA_MLP,2771,10.969175338745117,10.641701698303223
PCA_MLP,2772,10.89405632019043,10.828596115112305
PCA_MLP,2773,11.829244613647461,10.738603591918945
PCA_MLP,2774,10.54429817199707,10.932339668273926
PCA_MLP,2775,9.915945053100586,10.831136703491211
PCA_MLP,2776,11.052427291870117,10.974603652954102
PCA_MLP,2777,10.63668441772461,10.669929504394531
PCA_MLP,2778,10.635787963867188,10.467330932617188
PCA_MLP,2779,11.11359977722168,10.52330207824707
PCA_MLP,2780,11.265897750854492,10.161107063293457
PCA_MLP,2781,10.66268253326416,10.33061695098877
PCA_MLP,2782,11.733491897583008,11.389385223388672
PCA_MLP,2783,10.765639305114746,11.094329833984375
PCA_MLP,2784,10.72743034362793,11.14984130859375
PCA_MLP,2785,10.237483024597168,11.2046480178833
PCA_MLP,2786,11.17374038696289,10.466570854187012
PCA_MLP,2787,10.675453186035156,10.754436492919922
PCA_MLP,2788,10.637557983398438,9.815999984741211
PCA_MLP,2789,10.726200103759766,10.871770858764648
PCA_MLP,2790,11.290765762329102,10.970592498779297
PCA_MLP,2791,10.506718635559082,11.58168888092041
PCA_MLP,2792,10.744853973388672,10.242815017700195
PCA_MLP,2793,11.309286117553711,10.815169334411621
PCA_MLP,2794,10.268817901611328,10.454477310180664
PCA_MLP,2795,9.453329086303711,10.964563369750977
PCA_MLP,2796,10.885653495788574,10.864374160766602
PCA_MLP,2797,10.576715469360352,10.099784851074219
PCA_MLP,2798,10.612283706665039,9.905183792114258
PCA_MLP,2799,10.344778060913086,10.700448036193848
PCA_MLP,2800,11.226761817932129,11.000685691833496
PCA_MLP,2801,10.151182174682617,9.928522109985352
PCA_MLP,2802,11.300649642944336,10.531700134277344
PCA_MLP,2803,11.000144958496094,11.0661039352417
PCA_MLP,2804,11.238271713256836,10.506368637084961
PCA_MLP,2805,10.553674697875977,10.898103713989258
PCA_MLP,2806,11.006282806396484,10.612278938293457
PCA_MLP,2807,11.407135009765625,10.797798156738281
PCA_MLP,2808,11.098987579345703,11.466083526611328
PCA_MLP,2809,11.107929229736328,10.386561393737793
PCA_MLP,2810,11.067566871643066,10.424711227416992
PCA_MLP,2811,10.144412994384766,10.226362228393555
PCA_MLP,2812,10.652490615844727,9.766214370727539
PCA_MLP,2813,11.93201732635498,11.01306438446045
PCA_MLP,2814,11.584729194641113,10.406779289245605
PCA_MLP,2815,11.421222686767578,10.963594436645508
PCA_MLP,2816,11.073862075805664,11.558807373046875
PCA_MLP,2817,11.477850914001465,10.913832664489746
PCA_MLP,2818,11.22868537902832,10.707391738891602
PCA_MLP,2819,10.910455703735352,11.128503799438477
PCA_MLP,2820,10.523106575012207,11.04282283782959
PCA_MLP,2821,11.136012077331543,11.354111671447754
PCA_MLP,2822,10.256500244140625,10.504535675048828
PCA_MLP,2823,10.618758201599121,11.257316589355469
PCA_MLP,2824,10.925946235656738,10.193204879760742
PCA_MLP,2825,10.760499954223633,10.999356269836426
PCA_MLP,2826,10.680137634277344,10.942625045776367
PCA_MLP,2827,10.589752197265625,10.790910720825195
PCA_MLP,2828,11.202197074890137,10.887248039245605
PCA_MLP,2829,10.4631929397583,10.933623313903809
PCA_MLP,2830,10.747135162353516,10.888991355895996
PCA_MLP,2831,10.982244491577148,11.375740051269531
PCA_MLP,2832,10.850204467773438,11.337910652160645
PCA_MLP,2833,10.37032699584961,10.691644668579102
PCA_MLP,2834,11.22152042388916,10.831649780273438
PCA_MLP,2835,11.680778503417969,10.833632469177246
PCA_MLP,2836,11.165176391601562,10.42353630065918
PCA_MLP,2837,11.242106437683105,11.44446849822998
PCA_MLP,2838,10.764959335327148,11.538983345031738
PCA_MLP,2839,11.007270812988281,10.461248397827148
PCA_MLP,2840,10.826688766479492,10.792122840881348
PCA_MLP,2841,11.057784080505371,10.465856552124023
PCA_MLP,2842,11.023612976074219,11.260842323303223
PCA_MLP,2843,11.223400115966797,10.661186218261719
PCA_MLP,2844,10.684686660766602,10.956502914428711
PCA_MLP,2845,10.881118774414062,10.664080619812012
PCA_MLP,2846,10.781786918640137,11.743364334106445
PCA_MLP,2847,11.282896995544434,10.238274574279785
PCA_MLP,2848,11.358285903930664,11.674201965332031
PCA_MLP,2849,10.688682556152344,10.354435920715332
PCA_MLP,2850,10.702386856079102,11.394732475280762
PCA_MLP,2851,11.060220718383789,11.289050102233887
PCA_MLP,2852,10.737972259521484,10.22772216796875
PCA_MLP,2853,11.159018516540527,11.11728572845459
PCA_MLP,2854,10.769387245178223,11.22213363647461
PCA_MLP,2855,11.356687545776367,11.186885833740234
PCA_MLP,2856,10.483597755432129,10.32528305053711
PCA_MLP,2857,11.376004219055176,9.880058288574219
PCA_MLP,2858,11.088200569152832,10.225994110107422
PCA_MLP,2859,10.484695434570312,11.147394180297852
PCA_MLP,2860,11.039328575134277,10.460315704345703
PCA_MLP,2861,11.049079895019531,11.18612289428711
PCA_MLP,2862,10.928459167480469,10.753683090209961
PCA_MLP,2863,10.922484397888184,10.723812103271484
PCA_MLP,2864,10.735071182250977,10.76319408416748
PCA_MLP,2865,10.689871788024902,10.208698272705078
PCA_MLP,2866,10.798236846923828,11.240435600280762
PCA_MLP,2867,10.07625961303711,10.14832878112793
PCA_MLP,2868,10.805889129638672,11.444648742675781
PCA_MLP,2869,10.621307373046875,10.54615306854248
PCA_MLP,2870,10.568756103515625,10.041953086853027
PCA_MLP,2871,11.508018493652344,11.204444885253906
PCA_MLP,2872,10.013557434082031,10.470247268676758
PCA_MLP,2873,10.724011421203613,10.912065505981445
PCA_MLP,2874,10.40334701538086,10.668059349060059
PCA_MLP,2875,11.954330444335938,9.910728454589844
PCA_MLP,2876,10.11115837097168,11.154483795166016
PCA_MLP,2877,10.877154350280762,11.10680866241455
PCA_MLP,2878,11.301780700683594,11.04549503326416
PCA_MLP,2879,10.520751953125,11.338586807250977
PCA_MLP,2880,11.122260093688965,10.390037536621094
PCA_MLP,2881,10.155797958374023,10.378915786743164
PCA_MLP,2882,11.489458084106445,10.843611717224121
PCA_MLP,2883,10.100914001464844,9.924951553344727
PCA_MLP,2884,11.476619720458984,11.112406730651855
PCA_MLP,2885,11.931692123413086,11.14834213256836
PCA_MLP,2886,10.718168258666992,9.889945983886719
PCA_MLP,2887,10.809738159179688,10.844786643981934
PCA_MLP,2888,11.023509979248047,10.700276374816895
PCA_MLP,2889,10.527084350585938,9.912517547607422
PCA_MLP,2890,10.103837966918945,11.21743392944336
PCA_MLP,2891,10.535526275634766,10.886598587036133
PCA_MLP,2892,11.034971237182617,11.373903274536133
PCA_MLP,2893,10.538561820983887,10.584245681762695
PCA_MLP,2894,10.514095306396484,10.154336929321289
PCA_MLP,2895,11.065881729125977,10.318872451782227
PCA_MLP,2896,11.153045654296875,11.25753402709961
PCA_MLP,2897,10.821982383728027,11.241683959960938
PCA_MLP,2898,10.398825645446777,11.499199867248535
PCA_MLP,2899,10.738415718078613,11.10257339477539
PCA_MLP,2900,10.53676986694336,10.19890308380127
PCA_MLP,2901,11.186447143554688,10.49574089050293
PCA_MLP,2902,11.073592185974121,11.036186218261719
PCA_MLP,2903,9.646206855773926,11.41834545135498
PCA_MLP,2904,11.924567222595215,11.019927024841309
PCA_MLP,2905,11.33365249633789,11.779427528381348
PCA_MLP,2906,10.803650856018066,10.86626148223877
PCA_MLP,2907,10.527591705322266,11.161877632141113
PCA_MLP,2908,10.576314926147461,11.205537796020508
PCA_MLP,2909,11.101922988891602,10.811524391174316
PCA_MLP,2910,10.680017471313477,10.008161544799805
PCA_MLP,2911,12.264036178588867,11.997575759887695
PCA_MLP,2912,10.330573081970215,11.426932334899902
PCA_MLP,2913,10.340043067932129,10.565735816955566
PCA_MLP,2914,10.552501678466797,11.068721771240234
PCA_MLP,2915,11.224614143371582,10.462949752807617
PCA_MLP,2916,10.853938102722168,10.851837158203125
PCA_MLP,2917,11.129425048828125,10.761847496032715
PCA_MLP,2918,11.178715705871582,10.69658374786377
PCA_MLP,2919,11.216315269470215,10.509639739990234
PCA_MLP,2920,11.47709846496582,10.937244415283203
PCA_MLP,2921,9.77719497680664,11.332405090332031
PCA_MLP,2922,10.791608810424805,11.60521125793457
PCA_MLP,2923,11.524494171142578,10.409791946411133
PCA_MLP,2924,11.12108039855957,10.205472946166992
PCA_MLP,2925,10.20172119140625,10.713281631469727
PCA_MLP,2926,10.850189208984375,11.337053298950195
PCA_MLP,2927,11.738265991210938,10.87552261352539
PCA_MLP,2928,9.828628540039062,10.547574043273926
PCA_MLP,2929,10.580577850341797,11.497596740722656
PCA_MLP,2930,11.06849193572998,10.71699047088623
PCA_MLP,2931,11.351105690002441,11.558589935302734
PCA_MLP,2932,11.10032844543457,10.757406234741211
PCA_MLP,2933,11.795071601867676,11.240735054016113
PCA_MLP,2934,10.353407859802246,10.952934265136719
PCA_MLP,2935,10.718656539916992,9.844902038574219
PCA_MLP,2936,10.584026336669922,10.650341033935547
PCA_MLP,2937,10.371776580810547,11.192802429199219
PCA_MLP,2938,10.941339492797852,10.417649269104004
PCA_MLP,2939,11.075643539428711,11.087982177734375
PCA_MLP,2940,10.839489936828613,10.146652221679688
PCA_MLP,2941,11.354074478149414,10.39944076538086
PCA_MLP,2942,9.909489631652832,11.820218086242676
PCA_MLP,2943,11.233951568603516,11.789953231811523
PCA_MLP,2944,11.039493560791016,10.704595565795898
PCA_MLP,2945,11.14905071258545,11.33820915222168
PCA_MLP,2946,11.471168518066406,11.216192245483398
PCA_MLP,2947,11.989545822143555,11.099546432495117
PCA_MLP,2948,10.143243789672852,10.349897384643555
PCA_MLP,2949,9.929483413696289,10.95815372467041
PCA_MLP,2950,10.439056396484375,10.693535804748535
PCA_MLP,2951,10.489914894104004,10.574132919311523
PCA_MLP,2952,10.153886795043945,11.162285804748535
PCA_MLP,2953,11.088844299316406,10.888680458068848
PCA_MLP,2954,10.467351913452148,10.675113677978516
PCA_MLP,2955,10.154703140258789,10.543338775634766
PCA_MLP,2956,11.142797470092773,11.19385051727295
PCA_MLP,2957,10.953975677490234,11.248346328735352
PCA_MLP,2958,10.46400260925293,9.68985366821289
PCA_MLP,2959,10.430529594421387,10.188880920410156
PCA_MLP,2960,11.12039566040039,11.731388092041016
PCA_MLP,2961,10.29321002960205,11.596599578857422
PCA_MLP,2962,11.92297649383545,10.474136352539062
PCA_MLP,2963,11.300378799438477,10.735610961914062
PCA_MLP,2964,11.364797592163086,10.361732482910156
PCA_MLP,2965,11.225309371948242,11.256467819213867
PCA_MLP,2966,10.501363754272461,10.743250846862793
PCA_MLP,2967,10.737716674804688,11.2274808883667
PCA_MLP,2968,10.732044219970703,10.657770156860352
PCA_MLP,2969,11.167003631591797,11.20323371887207
PCA_MLP,2970,10.241954803466797,10.482783317565918
PCA_MLP,2971,10.814712524414062,10.222007751464844
PCA_MLP,2972,10.381779670715332,10.872190475463867
PCA_MLP,2973,10.537199020385742,10.94068717956543
PCA_MLP,2974,10.840450286865234,11.459699630737305
PCA_MLP,2975,11.346311569213867,11.006258010864258
PCA_MLP,2976,10.188348770141602,11.139426231384277
PCA_MLP,2977,11.177776336669922,11.599249839782715
PCA_MLP,2978,10.875971794128418,10.845117568969727
PCA_MLP,2979,11.032266616821289,11.215808868408203
PCA_MLP,2980,9.785778045654297,10.725728034973145
PCA_MLP,2981,11.169928550720215,10.639261245727539
PCA_MLP,2982,11.253385543823242,11.287609100341797
PCA_MLP,2983,10.889206886291504,11.031179428100586
PCA_MLP,2984,11.671046257019043,10.480831146240234
PCA_MLP,2985,10.371760368347168,10.976327896118164
PCA_MLP,2986,10.456296920776367,11.145891189575195
PCA_MLP,2987,10.669731140136719,10.668293952941895
PCA_MLP,2988,10.472936630249023,10.831482887268066
PCA_MLP,2989,10.204977035522461,10.928449630737305
PCA_MLP,2990,10.378437042236328,10.07085132598877
PCA_MLP,2991,11.041877746582031,10.08929443359375
PCA_MLP,2992,11.632092475891113,11.161649703979492
PCA_MLP,2993,10.017160415649414,10.423879623413086
PCA_MLP,2994,10.15194320678711,10.797274589538574
PCA_MLP,2995,11.113702774047852,10.058992385864258
PCA_MLP,2996,10.09736156463623,10.558977127075195
PCA_MLP,2997,11.307388305664062,10.70094108581543
PCA_MLP,2998,10.746967315673828,11.615386962890625
PCA_MLP,2999,10.989068984985352,10.166651725769043
PCA_MLP,3000,10.951595306396484,10.368892669677734
PCA_MLP,3001,9.788958549499512,10.555405616760254
PCA_MLP,3002,11.480487823486328,11.304924964904785
PCA_MLP,3003,10.702211380004883,10.73476505279541
PCA_MLP,3004,10.85855770111084,10.862491607666016
PCA_MLP,3005,10.717582702636719,11.202146530151367
PCA_MLP,3006,10.346147537231445,11.252839088439941
PCA_MLP,3007,10.011898040771484,10.9043550491333
PCA_MLP,3008,10.515363693237305,10.913518905639648
PCA_MLP,3009,10.712545394897461,10.726829528808594
PCA_MLP,3010,11.123434066772461,11.092904090881348
PCA_MLP,3011,11.25609016418457,11.213787078857422
PCA_MLP,3012,10.090497970581055,10.079787254333496
PCA_MLP,3013,10.667715072631836,11.106759071350098
PCA_MLP,3014,10.361013412475586,11.099117279052734
PCA_MLP,3015,10.706024169921875,10.83833122253418
PCA_MLP,3016,11.158761978149414,10.328417778015137
PCA_MLP,3017,11.479151725769043,10.920365333557129
PCA_MLP,3018,9.898815155029297,11.09262466430664
PCA_MLP,3019,10.982002258300781,10.18360710144043
PCA_MLP,3020,10.72484016418457,10.1929931640625
PCA_MLP,3021,10.60848331451416,11.643696784973145
PCA_MLP,3022,10.90274715423584,11.342716217041016
PCA_MLP,3023,11.275863647460938,10.716897964477539
PCA_MLP,3024,10.953455924987793,11.730630874633789
PCA_MLP,3025,10.791864395141602,11.756133079528809
PCA_MLP,3026,11.329394340515137,11.3978853225708
PCA_MLP,3027,10.646411895751953,11.22116756439209
PCA_MLP,3028,10.085363388061523,10.591638565063477
PCA_MLP,3029,10.715555191040039,11.472772598266602
PCA_MLP,3030,11.506142616271973,10.873147010803223
PCA_MLP,3031,10.471614837646484,11.708381652832031
PCA_MLP,3032,11.709854125976562,10.835186958312988
PCA_MLP,3033,10.864011764526367,11.111753463745117
PCA_MLP,3034,10.79259204864502,9.901665687561035
PCA_MLP,3035,10.86068058013916,11.952856063842773
PCA_MLP,3036,11.6995849609375,11.650041580200195
PCA_MLP,3037,11.390020370483398,11.43089771270752
PCA_MLP,3038,10.943232536315918,11.362262725830078
PCA_MLP,3039,10.413555145263672,11.065061569213867
PCA_MLP,3040,10.50113296508789,10.757331848144531
PCA_MLP,3041,11.111343383789062,11.019916534423828
PCA_MLP,3042,10.7531156539917,10.859886169433594
PCA_MLP,3043,10.22159194946289,10.636975288391113
PCA_MLP,3044,10.907022476196289,11.454416275024414
PCA_MLP,3045,10.846609115600586,11.04702091217041
PCA_MLP,3046,9.587751388549805,10.462102890014648
PCA_MLP,3047,10.877384185791016,11.554605484008789
PCA_MLP,3048,11.071168899536133,11.402862548828125
PCA_MLP,3049,11.077463150024414,11.09107494354248
PCA_MLP,3050,10.751873016357422,11.231438636779785
PCA_MLP,3051,10.939201354980469,11.12533950805664
PCA_MLP,3052,10.975794792175293,10.983148574829102
PCA_MLP,3053,11.706439971923828,11.174152374267578
PCA_MLP,3054,10.453279495239258,10.90980339050293
PCA_MLP,3055,11.594867706298828,10.551637649536133
PCA_MLP,3056,10.288473129272461,10.949028015136719
PCA_MLP,3057,11.390259742736816,10.700128555297852
PCA_MLP,3058,11.028593063354492,10.724642753601074
PCA_MLP,3059,10.31220817565918,11.282444953918457
PCA_MLP,3060,10.054916381835938,10.749979972839355
PCA_MLP,3061,11.162803649902344,10.902565002441406
PCA_MLP,3062,10.859542846679688,10.975278854370117
PCA_MLP,3063,10.629606246948242,10.498089790344238
PCA_MLP,3064,10.988476753234863,10.460052490234375
PCA_MLP,3065,10.547296524047852,10.321151733398438
PCA_MLP,3066,10.628715515136719,11.159289360046387
PCA_MLP,3067,9.707380294799805,11.159643173217773
PCA_MLP,3068,10.843240737915039,11.015259742736816
PCA_MLP,3069,10.991312980651855,10.26026725769043
PCA_MLP,3070,11.785422325134277,11.044384002685547
PCA_MLP,3071,11.370966911315918,10.686759948730469
PCA_MLP,3072,11.365081787109375,11.27359390258789
PCA_MLP,3073,10.167021751403809,10.384939193725586
PCA_MLP,3074,10.404865264892578,11.938396453857422
PCA_MLP,3075,11.10914421081543,10.598429679870605
PCA_MLP,3076,10.865169525146484,10.887956619262695
PCA_MLP,3077,11.608610153198242,11.23440933227539
PCA_MLP,3078,11.513867378234863,10.854402542114258
PCA_MLP,3079,11.541677474975586,10.580190658569336
PCA_MLP,3080,11.628440856933594,11.281332015991211
PCA_MLP,3081,10.713178634643555,10.54392147064209
PCA_MLP,3082,11.033119201660156,10.178447723388672
PCA_MLP,3083,10.927803039550781,11.032262802124023
PCA_MLP,3084,11.335418701171875,11.034706115722656
PCA_MLP,3085,11.49721908569336,10.531448364257812
PCA_MLP,3086,10.42774772644043,10.691547393798828
PCA_MLP,3087,11.486604690551758,10.222204208374023
PCA_MLP,3088,10.070367813110352,10.721256256103516
PCA_MLP,3089,10.856016159057617,11.338667869567871
PCA_MLP,3090,10.891580581665039,10.46930980682373
PCA_MLP,3091,10.956904411315918,10.83670425415039
PCA_MLP,3092,11.326802253723145,10.610532760620117
PCA_MLP,3093,10.463263511657715,10.570245742797852
PCA_MLP,3094,9.75981330871582,10.979074478149414
PCA_MLP,3095,10.448190689086914,11.031320571899414
PCA_MLP,3096,10.534507751464844,10.664681434631348
PCA_MLP,3097,10.323585510253906,11.26595687866211
PCA_MLP,3098,10.999024391174316,10.094596862792969
PCA_MLP,3099,10.521072387695312,10.482555389404297
PCA_MLP,3100,11.04637622833252,11.270658493041992
PCA_MLP,3101,10.022165298461914,11.24526309967041
PCA_MLP,3102,10.853544235229492,10.1731595993042
PCA_MLP,3103,10.705301284790039,11.454610824584961
PCA_MLP,3104,10.290014266967773,10.852754592895508
PCA_MLP,3105,10.565363883972168,10.303351402282715
PCA_MLP,3106,10.407949447631836,10.97209358215332
PCA_MLP,3107,10.12736988067627,11.027088165283203
PCA_MLP,3108,10.914474487304688,10.953163146972656
PCA_MLP,3109,11.776481628417969,10.449932098388672
PCA_MLP,3110,10.705716133117676,10.996543884277344
PCA_MLP,3111,11.092142105102539,10.858606338500977
PCA_MLP,3112,11.42031478881836,10.32377815246582
PCA_MLP,3113,11.004898071289062,10.459168434143066
PCA_MLP,3114,10.397832870483398,10.526233673095703
PCA_MLP,3115,11.485856056213379,10.196188926696777
PCA_MLP,3116,10.825624465942383,10.672163009643555
PCA_MLP,3117,10.909725189208984,12.412132263183594
PCA_MLP,3118,10.152910232543945,10.976004600524902
PCA_MLP,3119,10.03700065612793,10.982894897460938
PCA_MLP,3120,11.431109428405762,9.949254035949707
PCA_MLP,3121,11.042922973632812,10.221446990966797
PCA_MLP,3122,10.045883178710938,10.452378273010254
PCA_MLP,3123,10.291183471679688,10.308076858520508
PCA_MLP,3124,11.815630912780762,11.326864242553711
PCA_MLP,3125,9.759339332580566,10.82766056060791
PCA_MLP,3126,10.865825653076172,11.349832534790039
PCA_MLP,3127,10.830561637878418,10.184770584106445
PCA_MLP,3128,11.2741117477417,10.442646980285645
PCA_MLP,3129,10.448392868041992,9.739726066589355
PCA_MLP,3130,10.648157119750977,10.51095962524414
PCA_MLP,3131,11.126276016235352,10.530517578125
PCA_MLP,3132,9.982124328613281,10.606110572814941
PCA_MLP,3133,10.92713737487793,10.825782775878906
PCA_MLP,3134,10.534112930297852,9.98864459991455
PCA_MLP,3135,10.99491024017334,10.653125762939453
PCA_MLP,3136,10.8602933883667,10.625127792358398
PCA_MLP,3137,11.207894325256348,11.122598648071289
PCA_MLP,3138,11.776893615722656,11.311777114868164
PCA_MLP,3139,10.625401496887207,10.263906478881836
PCA_MLP,3140,11.023048400878906,10.143922805786133
PCA_MLP,3141,11.384474754333496,11.044458389282227
PCA_MLP,3142,11.935894012451172,11.171189308166504
PCA_MLP,3143,11.221853256225586,11.325881958007812
PCA_MLP,3144,11.040738105773926,10.541781425476074
PCA_MLP,3145,11.094953536987305,11.009468078613281
PCA_MLP,3146,11.345242500305176,11.041664123535156
PCA_MLP,3147,11.114831924438477,11.091185569763184
PCA_MLP,3148,10.346405982971191,11.061433792114258
PCA_MLP,3149,11.214545249938965,11.161672592163086
PCA_MLP,3150,10.950894355773926,11.158543586730957
PCA_MLP,3151,10.467620849609375,11.160903930664062
PCA_MLP,3152,10.365484237670898,12.05710220336914
PCA_MLP,3153,10.678741455078125,10.606475830078125
PCA_MLP,3154,10.610166549682617,11.237683296203613
PCA_MLP,3155,10.851655960083008,11.497118949890137
PCA_MLP,3156,11.095916748046875,10.675956726074219
PCA_MLP,3157,10.7152099609375,10.205144882202148
PCA_MLP,3158,10.306591987609863,10.78839111328125
PCA_MLP,3159,11.03495979309082,11.051458358764648
PCA_MLP,3160,11.082256317138672,10.00822639465332
PCA_MLP,3161,11.641775131225586,10.357978820800781
PCA_MLP,3162,11.018590927124023,9.96795654296875
PCA_MLP,3163,11.010507583618164,10.784036636352539
PCA_MLP,3164,11.097625732421875,11.160833358764648
PCA_MLP,3165,10.757939338684082,11.024806022644043
PCA_MLP,3166,10.918252944946289,10.68230152130127
PCA_MLP,3167,10.709868431091309,10.014303207397461
PCA_MLP,3168,11.522430419921875,10.115562438964844
PCA_MLP,3169,10.973869323730469,10.528909683227539
PCA_MLP,3170,10.630905151367188,11.136404037475586
PCA_MLP,3171,10.759681701660156,11.09117317199707
PCA_MLP,3172,11.036373138427734,10.72625732421875
PCA_MLP,3173,9.429973602294922,11.176192283630371
PCA_MLP,3174,10.701218605041504,11.650164604187012
PCA_MLP,3175,10.892757415771484,10.198853492736816
PCA_MLP,3176,10.799811363220215,10.591485023498535
PCA_MLP,3177,10.748048782348633,10.692712783813477
PCA_MLP,3178,10.654258728027344,10.080124855041504
PCA_MLP,3179,11.658788681030273,10.123079299926758
PCA_MLP,3180,10.748638153076172,10.569244384765625
PCA_MLP,3181,11.117656707763672,10.666025161743164
PCA_MLP,3182,10.6392183303833,9.975797653198242
PCA_MLP,3183,10.307172775268555,10.567434310913086
PCA_MLP,3184,11.625186920166016,10.630998611450195
PCA_MLP,3185,10.347888946533203,9.859618186950684
PCA_MLP,3186,11.314284324645996,10.57746696472168
PCA_MLP,3187,10.259624481201172,10.817319869995117
PCA_MLP,3188,10.505179405212402,10.725567817687988
PCA_MLP,3189,10.350131034851074,11.114362716674805
PCA_MLP,3190,10.023336410522461,11.409139633178711
PCA_MLP,3191,11.044854164123535,10.683605194091797
PCA_MLP,3192,10.087959289550781,10.098686218261719
PCA_MLP,3193,10.91918659210205,10.592004776000977
PCA_MLP,3194,10.881148338317871,11.282261848449707
PCA_MLP,3195,11.338495254516602,11.034780502319336
PCA_MLP,3196,10.356480598449707,11.027423858642578
PCA_MLP,3197,9.629331588745117,11.54354476928711
PCA_MLP,3198,10.650596618652344,10.112060546875
PCA_MLP,3199,11.827669143676758,11.232233047485352
PCA_MLP,3200,10.35447883605957,11.128255844116211
PCA_MLP,3201,10.877263069152832,11.403131484985352
PCA_MLP,3202,11.10145092010498,10.777780532836914
PCA_MLP,3203,10.288039207458496,11.05698299407959
PCA_MLP,3204,10.813932418823242,10.846336364746094
PCA_MLP,3205,11.519636154174805,11.377326965332031
PCA_MLP,3206,11.073424339294434,10.735550880432129
PCA_MLP,3207,11.02462100982666,11.298978805541992
PCA_MLP,3208,11.349285125732422,11.234685897827148
PCA_MLP,3209,11.090950965881348,11.380167007446289
PCA_MLP,3210,10.984169006347656,10.633441925048828
PCA_MLP,3211,11.047287940979004,10.71903133392334
PCA_MLP,3212,11.095575332641602,10.722302436828613
PCA_MLP,3213,10.216781616210938,11.12367057800293
PCA_MLP,3214,11.266952514648438,10.617757797241211
PCA_MLP,3215,10.618073463439941,10.365151405334473
PCA_MLP,3216,11.451677322387695,11.517854690551758
PCA_MLP,3217,10.666598320007324,11.596126556396484
PCA_MLP,3218,10.199579238891602,11.19257926940918
PCA_MLP,3219,11.487312316894531,10.131681442260742
PCA_MLP,3220,11.340673446655273,11.105855941772461
PCA_MLP,3221,10.268549919128418,10.68288803100586
PCA_MLP,3222,10.842052459716797,10.280237197875977
PCA_MLP,3223,9.903778076171875,10.44432258605957
PCA_MLP,3224,10.905592918395996,10.41627311706543
PCA_MLP,3225,11.214815139770508,10.131118774414062
PCA_MLP,3226,10.413179397583008,11.775714874267578
PCA_MLP,3227,11.449323654174805,10.769962310791016
PCA_MLP,3228,10.350467681884766,11.80061149597168
PCA_MLP,3229,10.990449905395508,10.707815170288086
PCA_MLP,3230,11.273309707641602,10.45234489440918
PCA_MLP,3231,10.92735767364502,10.000103950500488
PCA_MLP,3232,11.268763542175293,10.749555587768555
PCA_MLP,3233,11.440301895141602,11.196449279785156
PCA_MLP,3234,10.630908966064453,9.972454071044922
PCA_MLP,3235,10.744060516357422,10.140386581420898
PCA_MLP,3236,10.555582046508789,10.988734245300293
PCA_MLP,3237,10.287628173828125,10.948983192443848
PCA_MLP,3238,10.861668586730957,11.28077507019043
PCA_MLP,3239,11.002755165100098,10.883827209472656
PCA_MLP,3240,10.857134819030762,10.319711685180664
PCA_MLP,3241,10.961217880249023,10.378212928771973
PCA_MLP,3242,11.207012176513672,10.306418418884277
PCA_MLP,3243,10.935023307800293,10.940448760986328
PCA_MLP,3244,11.37160587310791,10.749422073364258
PCA_MLP,3245,10.965675354003906,11.064998626708984
PCA_MLP,3246,10.671015739440918,11.21068000793457
PCA_MLP,3247,10.819047927856445,11.599767684936523
PCA_MLP,3248,10.528119087219238,9.669111251831055
PCA_MLP,3249,10.563289642333984,10.240338325500488
PCA_MLP,3250,11.379444122314453,11.313125610351562
PCA_MLP,3251,10.990495681762695,10.919997215270996
PCA_MLP,3252,11.201227188110352,10.84251594543457
PCA_MLP,3253,10.915922164916992,10.304117202758789
PCA_MLP,3254,9.827045440673828,10.45826530456543
PCA_MLP,3255,10.243370056152344,11.279398918151855
PCA_MLP,3256,11.715224266052246,10.979850769042969
PCA_MLP,3257,11.259292602539062,10.345002174377441
PCA_MLP,3258,10.422675132751465,10.705397605895996
PCA_MLP,3259,10.63095474243164,10.512979507446289
PCA_MLP,3260,11.329660415649414,9.981352806091309
PCA_MLP,3261,10.500788688659668,10.233195304870605
PCA_MLP,3262,10.470354080200195,11.137029647827148
PCA_MLP,3263,10.993059158325195,10.53618049621582
PCA_MLP,3264,10.549348831176758,10.55638313293457
PCA_MLP,3265,10.579587936401367,11.052392959594727
PCA_MLP,3266,10.974483489990234,10.952764511108398
PCA_MLP,3267,10.710929870605469,10.127703666687012
PCA_MLP,3268,10.936067581176758,10.536401748657227
PCA_MLP,3269,10.386774063110352,11.08000373840332
PCA_MLP,3270,10.214203834533691,10.791777610778809
PCA_MLP,3271,11.414811134338379,10.42924690246582
PCA_MLP,3272,11.470291137695312,11.392932891845703
PCA_MLP,3273,11.019826889038086,10.748771667480469
PCA_MLP,3274,9.878898620605469,10.277790069580078
PCA_MLP,3275,10.961742401123047,10.371641159057617
PCA_MLP,3276,9.761905670166016,9.958760261535645
PCA_MLP,3277,10.125093460083008,11.638582229614258
PCA_MLP,3278,11.000654220581055,10.393937110900879
PCA_MLP,3279,11.148319244384766,11.162747383117676
PCA_MLP,3280,10.275655746459961,10.267472267150879
PCA_MLP,3281,10.437835693359375,12.064462661743164
PCA_MLP,3282,11.148619651794434,10.79134750366211
PCA_MLP,3283,11.082046508789062,10.721190452575684
PCA_MLP,3284,10.719377517700195,10.991416931152344
PCA_MLP,3285,10.781488418579102,10.824546813964844
PCA_MLP,3286,10.422828674316406,10.179450988769531
PCA_MLP,3287,10.702400207519531,10.2061767578125
PCA_MLP,3288,10.385831832885742,10.739046096801758
PCA_MLP,3289,10.752073287963867,10.137426376342773
PCA_MLP,3290,10.934508323669434,10.80007553100586
PCA_MLP,3291,11.567272186279297,10.755478858947754
PCA_MLP,3292,10.798538208007812,10.684219360351562
PCA_MLP,3293,10.845451354980469,11.010202407836914
PCA_MLP,3294,10.057158470153809,10.645112991333008
PCA_MLP,3295,10.710618019104004,10.256706237792969
PCA_MLP,3296,9.70516586303711,10.623451232910156
PCA_MLP,3297,10.164555549621582,10.305275917053223
PCA_MLP,3298,10.773736953735352,11.07227611541748
PCA_MLP,3299,11.176652908325195,10.686480522155762
PCA_MLP,3300,10.376615524291992,11.366456031799316
PCA_MLP,3301,10.185144424438477,10.97442626953125
PCA_MLP,3302,10.462738037109375,11.43568229675293
PCA_MLP,3303,10.969773292541504,11.111780166625977
PCA_MLP,3304,10.456977844238281,11.088504791259766
PCA_MLP,3305,11.446571350097656,10.020041465759277
PCA_MLP,3306,11.455205917358398,10.166167259216309
PCA_MLP,3307,10.506969451904297,10.076247215270996
PCA_MLP,3308,10.22802734375,10.171072959899902
PCA_MLP,3309,10.480781555175781,10.415746688842773
PCA_MLP,3310,11.438560485839844,11.05194091796875
PCA_MLP,3311,10.381869316101074,10.499872207641602
PCA_MLP,3312,10.469035148620605,10.81921672821045
PCA_MLP,3313,11.633740425109863,11.58915901184082
PCA_MLP,3314,10.898675918579102,10.634427070617676
PCA_MLP,3315,11.233280181884766,10.96536922454834
PCA_MLP,3316,10.303853988647461,10.673465728759766
PCA_MLP,3317,10.240477561950684,10.214471817016602
PCA_MLP,3318,10.880430221557617,11.185786247253418
PCA_MLP,3319,10.468381881713867,10.950113296508789
PCA_MLP,3320,11.04472541809082,10.548975944519043
PCA_MLP,3321,10.443984985351562,11.255093574523926
PCA_MLP,3322,11.009176254272461,11.040051460266113
PCA_MLP,3323,11.265336990356445,10.849231719970703
PCA_MLP,3324,11.030730247497559,10.096124649047852
PCA_MLP,3325,10.618987083435059,11.350712776184082
PCA_MLP,3326,10.324631690979004,11.173731803894043
PCA_MLP,3327,11.003528594970703,10.76449966430664
PCA_MLP,3328,10.480695724487305,11.26023006439209
PCA_MLP,3329,10.755857467651367,10.431026458740234
PCA_MLP,3330,10.604146957397461,10.7630033493042
PCA_MLP,3331,12.27742862701416,10.610281944274902
PCA_MLP,3332,10.63667106628418,11.509193420410156
PCA_MLP,3333,10.73177719116211,10.22365665435791
PCA_MLP,3334,10.265220642089844,10.957500457763672
PCA_MLP,3335,10.34526252746582,10.941143989562988
PCA_MLP,3336,10.793058395385742,11.133124351501465
PCA_MLP,3337,10.902191162109375,10.783050537109375
PCA_MLP,3338,10.969837188720703,10.978879928588867
PCA_MLP,3339,11.03958511352539,10.278477668762207
PCA_MLP,3340,11.265993118286133,10.390335083007812
PCA_MLP,3341,11.12280559539795,10.234212875366211
PCA_MLP,3342,10.804778099060059,10.345026016235352
PCA_MLP,3343,10.585063934326172,10.780248641967773
PCA_MLP,3344,11.031561851501465,10.522818565368652
PCA_MLP,3345,10.815563201904297,10.72714900970459
PCA_MLP,3346,10.673940658569336,10.526496887207031
PCA_MLP,3347,10.64810562133789,11.136141777038574
PCA_MLP,3348,10.228913307189941,10.856550216674805
PCA_MLP,3349,11.575782775878906,9.939937591552734
PCA_MLP,3350,10.991064071655273,10.58607292175293
PCA_MLP,3351,12.024374961853027,10.829842567443848
PCA_MLP,3352,10.11221694946289,11.008036613464355
PCA_MLP,3353,11.514470100402832,10.830110549926758
PCA_MLP,3354,10.805634498596191,10.328531265258789
PCA_MLP,3355,10.991147994995117,10.695308685302734
PCA_MLP,3356,10.705469131469727,11.398626327514648
PCA_MLP,3357,10.882843971252441,11.3978271484375
PCA_MLP,3358,11.219000816345215,10.861894607543945
PCA_MLP,3359,10.341501235961914,10.750768661499023
PCA_MLP,3360,11.248835563659668,10.911107063293457
PCA_MLP,3361,10.421512603759766,11.164312362670898
PCA_MLP,3362,10.228033065795898,11.173742294311523
PCA_MLP,3363,10.769521713256836,9.868370056152344
PCA_MLP,3364,11.64954662322998,10.351280212402344
PCA_MLP,3365,10.953330993652344,10.918827056884766
PCA_MLP,3366,11.01355266571045,11.366270065307617
PCA_MLP,3367,11.842493057250977,9.862473487854004
PCA_MLP,3368,10.578329086303711,11.764711380004883
PCA_MLP,3369,11.685823440551758,10.783552169799805
PCA_MLP,3370,11.587169647216797,10.621196746826172
PCA_MLP,3371,10.971806526184082,10.301714897155762
PCA_MLP,3372,11.142923355102539,10.866661071777344
PCA_MLP,3373,11.04963207244873,11.45466423034668
PCA_MLP,3374,10.850188255310059,10.413742065429688
PCA_MLP,3375,10.71804428100586,9.43043041229248
PCA_MLP,3376,10.716721534729004,11.128101348876953
PCA_MLP,3377,11.022947311401367,10.502555847167969
PCA_MLP,3378,9.863000869750977,11.396028518676758
PCA_MLP,3379,10.556772232055664,10.886885643005371
PCA_MLP,3380,10.61844253540039,10.710071563720703
PCA_MLP,3381,10.73043441772461,10.857978820800781
PCA_MLP,3382,11.285902976989746,11.305337905883789
PCA_MLP,3383,11.042569160461426,11.045372009277344
PCA_MLP,3384,10.183355331420898,10.147608757019043
PCA_MLP,3385,10.47507095336914,10.447093963623047
PCA_MLP,3386,10.61845874786377,11.030879974365234
PCA_MLP,3387,10.359123229980469,11.102797508239746
PCA_MLP,3388,10.382542610168457,10.94119644165039
PCA_MLP,3389,10.824482917785645,10.755119323730469
PCA_MLP,3390,10.335561752319336,11.250526428222656
PCA_MLP,3391,11.072053909301758,10.844154357910156
PCA_MLP,3392,10.688011169433594,10.656993865966797
PCA_MLP,3393,11.132098197937012,10.682024002075195
PCA_MLP,3394,11.092123031616211,9.880453109741211
PCA_MLP,3395,9.996732711791992,11.291242599487305
PCA_MLP,3396,10.849860191345215,10.951192855834961
PCA_MLP,3397,10.423135757446289,10.726236343383789
PCA_MLP,3398,10.085272789001465,10.62835693359375
PCA_MLP,3399,10.515810012817383,10.84157943725586
PCA_MLP,3400,10.791837692260742,10.51967716217041
PCA_MLP,3401,10.884872436523438,10.663341522216797
PCA_MLP,3402,11.53408432006836,10.496650695800781
PCA_MLP,3403,10.623542785644531,10.535425186157227
PCA_MLP,3404,10.362905502319336,10.728890419006348
PCA_MLP,3405,11.235794067382812,10.12916374206543
PCA_MLP,3406,11.085578918457031,10.929570198059082
PCA_MLP,3407,10.379438400268555,11.458871841430664
PCA_MLP,3408,10.070258140563965,11.332595825195312
PCA_MLP,3409,10.810871124267578,11.30877685546875
PCA_MLP,3410,11.858084678649902,11.014657020568848
PCA_MLP,3411,11.081725120544434,11.307938575744629
PCA_MLP,3412,10.828866958618164,10.717196464538574
PCA_MLP,3413,10.224546432495117,9.860105514526367
PCA_MLP,3414,10.837959289550781,10.830513954162598
PCA_MLP,3415,10.212091445922852,10.719217300415039
PCA_MLP,3416,10.93449592590332,11.385096549987793
PCA_MLP,3417,10.543241500854492,10.7859525680542
PCA_MLP,3418,10.877256393432617,10.913829803466797
PCA_MLP,3419,10.320579528808594,10.614538192749023
PCA_MLP,3420,10.804615020751953,10.035155296325684
PCA_MLP,3421,10.36683464050293,11.16108512878418
PCA_MLP,3422,9.724872589111328,10.58067798614502
PCA_MLP,3423,11.307576179504395,11.061031341552734
PCA_MLP,3424,10.578033447265625,10.86870288848877
PCA_MLP,3425,11.013343811035156,10.867110252380371
PCA_MLP,3426,10.212712287902832,10.854642868041992
PCA_MLP,3427,10.358054161071777,10.571250915527344
PCA_MLP,3428,10.438390731811523,10.722612380981445
PCA_MLP,3429,11.119091987609863,11.469344139099121
PCA_MLP,3430,10.707889556884766,11.048524856567383
PCA_MLP,3431,10.172852516174316,11.541060447692871
PCA_MLP,3432,10.428886413574219,11.453451156616211
PCA_MLP,3433,11.172979354858398,10.79108715057373
PCA_MLP,3434,11.074068069458008,10.664417266845703
PCA_MLP,3435,11.408429145812988,11.167003631591797
PCA_MLP,3436,10.315813064575195,11.09279727935791
PCA_MLP,3437,9.775507926940918,9.885197639465332
PCA_MLP,3438,10.30836009979248,10.678691864013672
PCA_MLP,3439,11.132587432861328,10.846134185791016
PCA_MLP,3440,10.816482543945312,10.719034194946289
PCA_MLP,3441,10.805177688598633,10.961084365844727
PCA_MLP,3442,11.192254066467285,9.976218223571777
PCA_MLP,3443,9.694602966308594,10.763984680175781
PCA_MLP,3444,10.580615997314453,10.844600677490234
PCA_MLP,3445,11.008977890014648,11.383312225341797
PCA_MLP,3446,11.34825325012207,10.48406982421875
PCA_MLP,3447,10.472391128540039,10.304842948913574
PCA_MLP,3448,10.622030258178711,10.024698257446289
PCA_MLP,3449,10.273717880249023,10.785999298095703
PCA_MLP,3450,11.560347557067871,10.468213081359863
PCA_MLP,3451,11.401825904846191,11.561234474182129
PCA_MLP,3452,10.958680152893066,10.140388488769531
PCA_MLP,3453,12.028680801391602,10.530673027038574
PCA_MLP,3454,10.769935607910156,10.648002624511719
PCA_MLP,3455,10.950756072998047,11.873294830322266
PCA_MLP,3456,10.367849349975586,10.17077350616455
PCA_MLP,3457,10.29349422454834,10.039422988891602
PCA_MLP,3458,10.493810653686523,10.159095764160156
PCA_MLP,3459,10.759769439697266,9.989694595336914
PCA_MLP,3460,10.150091171264648,11.059286117553711
PCA_MLP,3461,10.66283893585205,10.6182861328125
PCA_MLP,3462,11.197428703308105,10.481134414672852
PCA_MLP,3463,10.339130401611328,10.713516235351562
PCA_MLP,3464,10.760784149169922,10.733085632324219
PCA_MLP,3465,10.280073165893555,11.259475708007812
PCA_MLP,3466,11.30179214477539,11.293611526489258
PCA_MLP,3467,10.591191291809082,11.393798828125
PCA_MLP,3468,10.827787399291992,10.953718185424805
PCA_MLP,3469,10.83944034576416,10.465002059936523
PCA_MLP,3470,10.347911834716797,10.357544898986816
PCA_MLP,3471,10.02437973022461,11.559648513793945
PCA_MLP,3472,11.590006828308105,11.293313026428223
PCA_MLP,3473,10.639115333557129,11.781282424926758
PCA_MLP,3474,10.257102966308594,10.33690071105957
PCA_MLP,3475,11.21097469329834,9.8367280960083
PCA_MLP,3476,10.796433448791504,11.68139934539795
PCA_MLP,3477,10.81881332397461,10.188695907592773
PCA_MLP,3478,10.354798316955566,11.051246643066406
PCA_MLP,3479,10.457840919494629,10.544246673583984
PCA_MLP,3480,11.014969825744629,11.36811637878418
PCA_MLP,3481,11.679305076599121,11.12761116027832
PCA_MLP,3482,10.726264953613281,10.927906036376953
PCA_MLP,3483,11.325432777404785,10.129201889038086
PCA_MLP,3484,10.435152053833008,9.982154846191406
PCA_MLP,3485,10.613106727600098,11.12077522277832
PCA_MLP,3486,10.435470581054688,10.227193832397461
PCA_MLP,3487,10.99276351928711,11.494157791137695
PCA_MLP,3488,10.09280014038086,10.164384841918945
PCA_MLP,3489,10.669593811035156,10.779226303100586
PCA_MLP,3490,11.444862365722656,11.004331588745117
PCA_MLP,3491,11.172685623168945,10.53746223449707
PCA_MLP,3492,11.216558456420898,10.879220962524414
PCA_MLP,3493,10.151862144470215,11.33530044555664
PCA_MLP,3494,11.450067520141602,10.81472396850586
PCA_MLP,3495,10.897436141967773,10.660067558288574
PCA_MLP,3496,10.477200508117676,11.02593994140625
PCA_MLP,3497,10.98803997039795,10.400203704833984
PCA_MLP,3498,10.677265167236328,10.829524040222168
PCA_MLP,3499,10.550113677978516,10.66285514831543
PCA_MLP,3500,9.939496040344238,10.824220657348633
PCA_MLP,3501,11.193634033203125,11.352028846740723
PCA_MLP,3502,11.806671142578125,10.555621147155762
PCA_MLP,3503,10.342452049255371,10.865188598632812
PCA_MLP,3504,10.9743013381958,10.592037200927734
PCA_MLP,3505,11.508474349975586,10.331761360168457
PCA_MLP,3506,9.994308471679688,11.04118537902832
PCA_MLP,3507,10.283188819885254,11.129666328430176
PCA_MLP,3508,11.933036804199219,10.608963966369629
PCA_MLP,3509,10.853041648864746,11.3267240524292
PCA_MLP,3510,10.493118286132812,10.98246955871582
PCA_MLP,3511,10.385076522827148,11.228482246398926
PCA_MLP,3512,11.120283126831055,11.725194931030273
PCA_MLP,3513,10.363253593444824,10.411819458007812
PCA_MLP,3514,10.731208801269531,10.464412689208984
PCA_MLP,3515,11.556236267089844,11.040691375732422
PCA_MLP,3516,11.003690719604492,10.77515983581543
PCA_MLP,3517,10.771669387817383,10.181509017944336
PCA_MLP,3518,10.517900466918945,10.883480072021484
PCA_MLP,3519,10.707501411437988,10.694807052612305
PCA_MLP,3520,10.999174118041992,10.784760475158691
PCA_MLP,3521,11.485176086425781,10.976667404174805
PCA_MLP,3522,10.35680866241455,10.405598640441895
PCA_MLP,3523,11.050621032714844,10.446684837341309
PCA_MLP,3524,10.595383644104004,11.06550407409668
PCA_MLP,3525,11.238687515258789,10.465429306030273
PCA_MLP,3526,10.853065490722656,9.922809600830078
PCA_MLP,3527,10.624042510986328,11.199626922607422
PCA_MLP,3528,10.515995025634766,10.952719688415527
PCA_MLP,3529,10.652498245239258,11.740730285644531
PCA_MLP,3530,10.65692138671875,10.90725040435791
PCA_MLP,3531,11.467403411865234,10.97861099243164
PCA_MLP,3532,10.621908187866211,10.586750030517578
PCA_MLP,3533,10.761932373046875,10.738462448120117
PCA_MLP,3534,11.333621978759766,10.184799194335938
PCA_MLP,3535,11.100093841552734,11.038732528686523
PCA_MLP,3536,11.156970977783203,10.719616889953613
PCA_MLP,3537,10.675724029541016,10.90743637084961
PCA_MLP,3538,10.404033660888672,10.277384757995605
PCA_MLP,3539,11.00790023803711,10.43458366394043
PCA_MLP,3540,11.223873138427734,10.38784408569336
PCA_MLP,3541,11.076021194458008,9.734452247619629
PCA_MLP,3542,10.819744110107422,10.233110427856445
PCA_MLP,3543,11.160987854003906,10.249750137329102
PCA_MLP,3544,10.032623291015625,10.46226692199707
PCA_MLP,3545,10.700798988342285,10.980367660522461
PCA_MLP,3546,10.392999649047852,10.705055236816406
PCA_MLP,3547,10.234536170959473,10.54465103149414
PCA_MLP,3548,10.074440956115723,11.266014099121094
PCA_MLP,3549,10.830977439880371,10.7415189743042
PCA_MLP,3550,10.880266189575195,10.430732727050781
PCA_MLP,3551,11.087587356567383,11.535161972045898
PCA_MLP,3552,11.489458084106445,10.890853881835938
PCA_MLP,3553,11.629958152770996,11.492809295654297
PCA_MLP,3554,10.065648078918457,10.147012710571289
PCA_MLP,3555,11.04546070098877,10.50676155090332
PCA_MLP,3556,10.332073211669922,11.010030746459961
PCA_MLP,3557,10.760274887084961,11.465065002441406
PCA_MLP,3558,10.701379776000977,10.471202850341797
PCA_MLP,3559,11.367155075073242,10.232145309448242
PCA_MLP,3560,10.346526145935059,10.11662483215332
PCA_MLP,3561,10.500694274902344,10.962078094482422
PCA_MLP,3562,10.810215950012207,10.198010444641113
PCA_MLP,3563,11.08188247680664,10.230250358581543
PCA_MLP,3564,11.016864776611328,10.887258529663086
PCA_MLP,3565,11.293537139892578,9.488971710205078
PCA_MLP,3566,9.981142044067383,10.56100845336914
PCA_MLP,3567,11.383587837219238,11.239381790161133
PCA_MLP,3568,10.536144256591797,11.165092468261719
PCA_MLP,3569,11.064057350158691,11.464861869812012
PCA_MLP,3570,10.420867919921875,11.267439842224121
PCA_MLP,3571,11.737163543701172,10.454967498779297
PCA_MLP,3572,11.118158340454102,10.98163890838623
PCA_MLP,3573,11.558387756347656,11.081652641296387
PCA_MLP,3574,11.355998992919922,11.08187484741211
PCA_MLP,3575,10.687117576599121,9.88211441040039
PCA_MLP,3576,11.205564498901367,10.99612045288086
PCA_MLP,3577,9.75448226928711,10.56942081451416
PCA_MLP,3578,11.107690811157227,11.340413093566895
PCA_MLP,3579,11.668871879577637,10.323297500610352
PCA_MLP,3580,10.879875183105469,11.833287239074707
PCA_MLP,3581,10.546754837036133,10.857072830200195
PCA_MLP,3582,11.614459037780762,10.387500762939453
PCA_MLP,3583,10.591166496276855,10.983251571655273
PCA_MLP,3584,10.994184494018555,11.118698120117188
PCA_MLP,3585,10.747417449951172,10.754074096679688
PCA_MLP,3586,10.716451644897461,11.021425247192383
PCA_MLP,3587,10.155534744262695,10.939346313476562
PCA_MLP,3588,10.859313011169434,11.145150184631348
PCA_MLP,3589,10.52338981628418,11.126791000366211
PCA_MLP,3590,10.018929481506348,10.828254699707031
PCA_MLP,3591,10.788911819458008,11.455881118774414
PCA_MLP,3592,11.482471466064453,11.27688217163086
PCA_MLP,3593,10.649662017822266,10.30997085571289
PCA_MLP,3594,10.038373947143555,10.971125602722168
PCA_MLP,3595,9.89674186706543,9.79788589477539
PCA_MLP,3596,11.122696876525879,10.73283576965332
PCA_MLP,3597,11.412878036499023,11.481480598449707
PCA_MLP,3598,10.747987747192383,9.620841026306152
PCA_MLP,3599,10.095077514648438,10.200323104858398
PCA_MLP,3600,10.50075626373291,11.318916320800781
PCA_MLP,3601,11.857521057128906,11.347810745239258
PCA_MLP,3602,10.616511344909668,11.302053451538086
PCA_MLP,3603,10.52820110321045,11.304681777954102
PCA_MLP,3604,11.471424102783203,10.63773250579834
PCA_MLP,3605,11.544675827026367,11.01291275024414
PCA_MLP,3606,10.084798812866211,10.42572021484375
PCA_MLP,3607,11.151558876037598,10.88739013671875
PCA_MLP,3608,11.293924331665039,10.578755378723145
PCA_MLP,3609,11.082530975341797,11.47951889038086
PCA_MLP,3610,10.801769256591797,11.318144798278809
PCA_MLP,3611,10.866569519042969,10.388330459594727
PCA_MLP,3612,10.849411010742188,11.106342315673828
PCA_MLP,3613,11.068458557128906,10.265644073486328
PCA_MLP,3614,10.564413070678711,10.873669624328613
PCA_MLP,3615,11.147639274597168,11.437215805053711
PCA_MLP,3616,9.727617263793945,10.203218460083008
PCA_MLP,3617,10.655924797058105,9.800491333007812
PCA_MLP,3618,11.327383041381836,10.820943832397461
PCA_MLP,3619,10.260056495666504,11.476652145385742
PCA_MLP,3620,10.299301147460938,11.156610488891602
PCA_MLP,3621,11.188456535339355,10.813756942749023
PCA_MLP,3622,11.919784545898438,10.529504776000977
PCA_MLP,3623,10.835770606994629,10.214363098144531
PCA_MLP,3624,10.765583038330078,10.650731086730957
PCA_MLP,3625,10.374177932739258,11.654211044311523
PCA_MLP,3626,11.583307266235352,10.828224182128906
PCA_MLP,3627,11.028783798217773,11.527117729187012
PCA_MLP,3628,10.563901901245117,10.629240989685059
PCA_MLP,3629,10.947209358215332,9.99331283569336
PCA_MLP,3630,10.880620002746582,10.340213775634766
PCA_MLP,3631,11.256847381591797,10.425837516784668
PCA_MLP,3632,10.767789840698242,9.625981330871582
PCA_MLP,3633,10.692463874816895,10.46568489074707
PCA_MLP,3634,10.619037628173828,11.48063850402832
PCA_MLP,3635,10.418185234069824,10.744606971740723
PCA_MLP,3636,10.418785095214844,10.433021545410156
PCA_MLP,3637,10.439002990722656,10.287789344787598
PCA_MLP,3638,10.238628387451172,10.395505905151367
PCA_MLP,3639,11.292646408081055,11.402059555053711
PCA_MLP,3640,11.198433876037598,10.197744369506836
PCA_MLP,3641,11.371233940124512,10.449274063110352
PCA_MLP,3642,9.836342811584473,10.995443344116211
PCA_MLP,3643,10.559890747070312,10.770120620727539
PCA_MLP,3644,10.467422485351562,10.7702054977417
PCA_MLP,3645,10.223743438720703,11.126240730285645
PCA_MLP,3646,11.079365730285645,11.939966201782227
PCA_MLP,3647,10.623807907104492,10.332836151123047
PCA_MLP,3648,10.992576599121094,10.887544631958008
PCA_MLP,3649,10.706520080566406,10.382265090942383
PCA_MLP,3650,10.617242813110352,10.655071258544922
PCA_MLP,3651,10.884681701660156,11.30609130859375
PCA_MLP,3652,10.51303768157959,10.3906831741333
PCA_MLP,3653,10.64072036743164,11.266074180603027
PCA_MLP,3654,10.661992073059082,10.536827087402344
PCA_MLP,3655,11.330389976501465,11.4850492477417
PCA_MLP,3656,10.627264022827148,11.247525215148926
PCA_MLP,3657,9.71513557434082,10.760059356689453
PCA_MLP,3658,11.165018081665039,10.6456880569458
PCA_MLP,3659,11.728269577026367,10.485945701599121
PCA_MLP,3660,10.767560958862305,10.735993385314941
PCA_MLP,3661,10.954570770263672,10.994180679321289
PCA_MLP,3662,9.695068359375,10.915753364562988
PCA_MLP,3663,11.009653091430664,11.888359069824219
PCA_MLP,3664,10.919565200805664,11.252052307128906
PCA_MLP,3665,10.131364822387695,10.887574195861816
PCA_MLP,3666,10.504903793334961,10.487772941589355
PCA_MLP,3667,11.524564743041992,11.151444435119629
PCA_MLP,3668,11.48828125,11.246639251708984
PCA_MLP,3669,10.859054565429688,10.315109252929688
PCA_MLP,3670,10.72494125366211,11.191049575805664
PCA_MLP,3671,10.496528625488281,9.94245719909668
PCA_MLP,3672,10.091411590576172,10.447935104370117
PCA_MLP,3673,10.575727462768555,10.131633758544922
PCA_MLP,3674,10.54565715789795,11.464214324951172
PCA_MLP,3675,10.699064254760742,10.770345687866211
PCA_MLP,3676,11.031394958496094,9.988359451293945
PCA_MLP,3677,10.878732681274414,11.156282424926758
PCA_MLP,3678,10.740669250488281,10.930318832397461
PCA_MLP,3679,10.758451461791992,11.02214241027832
PCA_MLP,3680,10.2526216506958,10.39244556427002
PCA_MLP,3681,10.211660385131836,10.3566255569458
PCA_MLP,3682,10.118514060974121,10.95858383178711
PCA_MLP,3683,11.276777267456055,11.654858589172363
PCA_MLP,3684,10.881285667419434,11.122794151306152
PCA_MLP,3685,10.377326011657715,11.386117935180664
PCA_MLP,3686,11.54939079284668,9.784706115722656
PCA_MLP,3687,10.610406875610352,11.360099792480469
PCA_MLP,3688,10.337159156799316,11.384601593017578
PCA_MLP,3689,10.811403274536133,9.795162200927734
PCA_MLP,3690,10.573317527770996,10.418785095214844
PCA_MLP,3691,10.595625877380371,10.5791015625
PCA_MLP,3692,10.856656074523926,11.013101577758789
PCA_MLP,3693,10.687177658081055,10.931751251220703
PCA_MLP,3694,10.490938186645508,11.239320755004883
PCA_MLP,3695,11.522762298583984,10.933043479919434
PCA_MLP,3696,11.442543029785156,11.04466438293457
PCA_MLP,3697,11.262828826904297,10.86915397644043
PCA_MLP,3698,10.457525253295898,10.33443832397461
PCA_MLP,3699,11.284797668457031,10.421759605407715
PCA_MLP,3700,10.894525527954102,10.821593284606934
PCA_MLP,3701,11.014562606811523,10.564125061035156
PCA_MLP,3702,11.168083190917969,11.04469108581543
PCA_MLP,3703,10.40194320678711,10.786418914794922
PCA_MLP,3704,11.089993476867676,10.655657768249512
PCA_MLP,3705,9.523405075073242,10.552595138549805
PCA_MLP,3706,10.9896240234375,10.904317855834961
PCA_MLP,3707,11.895243644714355,11.265054702758789
PCA_MLP,3708,11.004807472229004,10.623190879821777
PCA_MLP,3709,10.755227088928223,11.1722412109375
PCA_MLP,3710,10.707977294921875,10.671923637390137
PCA_MLP,3711,10.81483268737793,10.792677879333496
PCA_MLP,3712,10.680481910705566,10.085634231567383
PCA_MLP,3713,10.901777267456055,10.517974853515625
PCA_MLP,3714,11.4570894241333,10.361591339111328
PCA_MLP,3715,10.537856101989746,10.969388008117676
PCA_MLP,3716,10.416385650634766,10.413503646850586
PCA_MLP,3717,11.082267761230469,10.828588485717773
PCA_MLP,3718,11.14480209350586,10.814297676086426
PCA_MLP,3719,10.345829010009766,11.108949661254883
PCA_MLP,3720,10.669820785522461,11.165973663330078
PCA_MLP,3721,10.297775268554688,10.851633071899414
PCA_MLP,3722,10.323951721191406,10.333845138549805
PCA_MLP,3723,11.359315872192383,10.972111701965332
PCA_MLP,3724,11.26025390625,10.69709587097168
PCA_MLP,3725,10.16442584991455,11.171765327453613
PCA_MLP,3726,10.622983932495117,10.849485397338867
PCA_MLP,3727,11.541498184204102,10.54002571105957
PCA_MLP,3728,10.434282302856445,10.286770820617676
PCA_MLP,3729,10.291448593139648,12.272790908813477
PCA_MLP,3730,11.42364501953125,10.504390716552734
PCA_MLP,3731,11.124378204345703,11.924276351928711
PCA_MLP,3732,10.90896987915039,10.931920051574707
PCA_MLP,3733,10.806707382202148,11.003310203552246
PCA_MLP,3734,10.818633079528809,10.15794563293457
PCA_MLP,3735,10.812697410583496,11.245293617248535
PCA_MLP,3736,11.464738845825195,10.950509071350098
PCA_MLP,3737,11.004621505737305,10.274812698364258
PCA_MLP,3738,10.060956001281738,10.99319839477539
PCA_MLP,3739,11.393680572509766,9.90623950958252
PCA_MLP,3740,11.054868698120117,10.929322242736816
PCA_MLP,3741,10.386452674865723,11.272099494934082
PCA_MLP,3742,10.935105323791504,10.541913986206055
PCA_MLP,3743,10.897539138793945,10.804033279418945
PCA_MLP,3744,11.382940292358398,11.166532516479492
PCA_MLP,3745,10.1167573928833,10.855033874511719
PCA_MLP,3746,12.014070510864258,10.661104202270508
PCA_MLP,3747,11.070905685424805,10.7432279586792
PCA_MLP,3748,10.587507247924805,10.231366157531738
PCA_MLP,3749,10.400054931640625,10.351136207580566
PCA_MLP,3750,10.687857627868652,11.23763656616211
PCA_MLP,3751,10.87839126586914,10.703242301940918
PCA_MLP,3752,11.214021682739258,10.469758987426758
PCA_MLP,3753,10.570045471191406,11.391948699951172
PCA_MLP,3754,10.06403636932373,10.657114028930664
PCA_MLP,3755,11.179879188537598,10.426095008850098
PCA_MLP,3756,11.081539154052734,10.758176803588867
PCA_MLP,3757,10.556306838989258,11.222735404968262
PCA_MLP,3758,10.543288230895996,11.350072860717773
PCA_MLP,3759,10.470117568969727,10.793790817260742
PCA_MLP,3760,11.086381912231445,10.783690452575684
PCA_MLP,3761,11.31130599975586,11.611421585083008
PCA_MLP,3762,11.468018531799316,10.979382514953613
PCA_MLP,3763,11.185957908630371,11.230488777160645
PCA_MLP,3764,10.097376823425293,10.881162643432617
PCA_MLP,3765,10.887687683105469,10.363317489624023
PCA_MLP,3766,12.023405075073242,10.904261589050293
PCA_MLP,3767,10.850691795349121,10.82155990600586
PCA_MLP,3768,11.737878799438477,10.769351959228516
PCA_MLP,3769,10.95402717590332,10.134178161621094
PCA_MLP,3770,10.761810302734375,11.16189193725586
PCA_MLP,3771,10.402549743652344,10.337636947631836
PCA_MLP,3772,11.659400939941406,10.97591495513916
PCA_MLP,3773,10.979235649108887,10.4940824508667
PCA_MLP,3774,10.241752624511719,11.040295600891113
PCA_MLP,3775,10.433531761169434,11.662546157836914
PCA_MLP,3776,11.4369478225708,10.625523567199707
PCA_MLP,3777,10.725088119506836,11.946222305297852
PCA_MLP,3778,10.553771018981934,11.20472240447998
PCA_MLP,3779,10.945697784423828,10.522186279296875
PCA_MLP,3780,11.564054489135742,10.951245307922363
PCA_MLP,3781,10.038503646850586,11.050750732421875
PCA_MLP,3782,10.14373779296875,10.622818946838379
PCA_MLP,3783,11.399198532104492,11.04330825805664
PCA_MLP,3784,10.672506332397461,11.050461769104004
PCA_MLP,3785,9.709798812866211,11.589295387268066
PCA_MLP,3786,10.753931045532227,10.740827560424805
PCA_MLP,3787,10.404485702514648,10.898231506347656
PCA_MLP,3788,10.438739776611328,11.439133644104004
PCA_MLP,3789,11.52348518371582,10.870809555053711
PCA_MLP,3790,10.689300537109375,10.244436264038086
PCA_MLP,3791,10.793464660644531,11.615331649780273
PCA_MLP,3792,10.388289451599121,10.699321746826172
PCA_MLP,3793,10.131471633911133,11.528417587280273
PCA_MLP,3794,11.709333419799805,10.921913146972656
PCA_MLP,3795,10.876522064208984,10.365893363952637
PCA_MLP,3796,10.479679107666016,11.17066764831543
PCA_MLP,3797,11.22989273071289,10.74831771850586
PCA_MLP,3798,9.933060646057129,10.503746032714844
PCA_MLP,3799,11.31981086730957,10.795897483825684
PCA_MLP,3800,10.362222671508789,10.691411972045898
PCA_MLP,3801,10.605491638183594,10.808889389038086
PCA_MLP,3802,11.024993896484375,10.638677597045898
PCA_MLP,3803,10.72146224975586,10.665030479431152
PCA_MLP,3804,10.74283504486084,10.390914916992188
PCA_MLP,3805,10.614591598510742,10.904733657836914
PCA_MLP,3806,10.353528022766113,11.427839279174805
PCA_MLP,3807,10.993451118469238,9.885881423950195
PCA_MLP,3808,10.000045776367188,10.647857666015625
PCA_MLP,3809,11.538724899291992,11.02786636352539
PCA_MLP,3810,10.486047744750977,11.460535049438477
PCA_MLP,3811,12.067066192626953,10.72779655456543
PCA_MLP,3812,11.034403800964355,9.91828727722168
PCA_MLP,3813,10.24917221069336,11.05527400970459
PCA_MLP,3814,11.002857208251953,10.469400405883789
PCA_MLP,3815,10.747892379760742,10.640795707702637
PCA_MLP,3816,10.208443641662598,10.888751983642578
PCA_MLP,3817,10.35264778137207,10.679643630981445
PCA_MLP,3818,11.410852432250977,10.200523376464844
PCA_MLP,3819,11.670917510986328,11.636335372924805
PCA_MLP,3820,11.018094062805176,11.74544906616211
PCA_MLP,3821,11.400132179260254,10.568063735961914
PCA_MLP,3822,10.705389976501465,10.265546798706055
PCA_MLP,3823,10.705711364746094,10.183119773864746
PCA_MLP,3824,10.987935066223145,10.923095703125
PCA_MLP,3825,11.331007957458496,10.768070220947266
PCA_MLP,3826,11.325776100158691,11.355120658874512
PCA_MLP,3827,10.797066688537598,10.196051597595215
PCA_MLP,3828,10.587841987609863,10.818559646606445
PCA_MLP,3829,10.108606338500977,10.35042953491211
PCA_MLP,3830,11.851343154907227,11.41226863861084
PCA_MLP,3831,10.893088340759277,10.681526184082031
PCA_MLP,3832,10.466068267822266,11.502765655517578
PCA_MLP,3833,10.861223220825195,11.314149856567383
PCA_MLP,3834,10.54066276550293,10.259220123291016
PCA_MLP,3835,10.779739379882812,10.998517990112305
PCA_MLP,3836,10.879290580749512,10.774733543395996
PCA_MLP,3837,10.248278617858887,11.117826461791992
PCA_MLP,3838,10.513998985290527,11.715763092041016
PCA_MLP,3839,10.45069408416748,10.025333404541016
PCA_MLP,3840,10.674761772155762,9.90281867980957
PCA_MLP,3841,10.85167121887207,10.981024742126465
PCA_MLP,3842,11.00748062133789,10.109357833862305
PCA_MLP,3843,10.762141227722168,10.667972564697266
PCA_MLP,3844,11.396988868713379,11.297319412231445
PCA_MLP,3845,10.767333030700684,10.596135139465332
PCA_MLP,3846,10.444807052612305,9.184671401977539
PCA_MLP,3847,11.42108154296875,10.832056045532227
PCA_MLP,3848,10.54397964477539,10.919107437133789
PCA_MLP,3849,10.519953727722168,10.51463508605957
PCA_MLP,3850,10.429109573364258,11.10924243927002
PCA_MLP,3851,11.117490768432617,10.903739929199219
PCA_MLP,3852,10.277168273925781,10.632795333862305
PCA_MLP,3853,10.412240028381348,10.556535720825195
PCA_MLP,3854,10.692011833190918,11.20059871673584
PCA_MLP,3855,10.808513641357422,11.813655853271484
PCA_MLP,3856,11.271635055541992,10.350381851196289
PCA_MLP,3857,11.189104080200195,11.83400821685791
PCA_MLP,3858,10.386554718017578,10.862594604492188
PCA_MLP,3859,10.729795455932617,10.95061206817627
PCA_MLP,3860,10.961028099060059,10.673471450805664
PCA_MLP,3861,10.964871406555176,10.94917106628418
PCA_MLP,3862,10.01488971710205,10.161994934082031
PCA_MLP,3863,10.044321060180664,11.059576988220215
PCA_MLP,3864,9.83881664276123,11.273070335388184
PCA_MLP,3865,10.268179893493652,11.145976066589355
PCA_MLP,3866,11.129155158996582,11.244342803955078
PCA_MLP,3867,10.639787673950195,10.938142776489258
PCA_MLP,3868,11.137502670288086,11.019745826721191
PCA_MLP,3869,11.007244110107422,11.400111198425293
PCA_MLP,3870,10.216208457946777,10.442089080810547
PCA_MLP,3871,10.934148788452148,9.838854789733887
PCA_MLP,3872,11.081169128417969,11.167556762695312
PCA_MLP,3873,11.397043228149414,11.648902893066406
PCA_MLP,3874,10.539485931396484,11.040715217590332
PCA_MLP,3875,10.497156143188477,11.423755645751953
PCA_MLP,3876,10.629638671875,11.224447250366211
PCA_MLP,3877,9.785072326660156,10.659867286682129
PCA_MLP,3878,10.370367050170898,10.346738815307617
PCA_MLP,3879,10.006802558898926,10.68586540222168
PCA_MLP,3880,10.936420440673828,11.540778160095215
PCA_MLP,3881,10.956317901611328,10.266400337219238
PCA_MLP,3882,11.019525527954102,10.620992660522461
PCA_MLP,3883,11.03867244720459,10.963428497314453
PCA_MLP,3884,10.441174507141113,10.886455535888672
PCA_MLP,3885,11.249250411987305,10.227767944335938
PCA_MLP,3886,10.772570610046387,10.914734840393066
PCA_MLP,3887,10.936868667602539,10.971708297729492
PCA_MLP,3888,10.805830001831055,10.415714263916016
PCA_MLP,3889,10.571422576904297,10.210216522216797
PCA_MLP,3890,10.704992294311523,11.440200805664062
PCA_MLP,3891,11.767683029174805,10.663637161254883
PCA_MLP,3892,10.976973533630371,10.732672691345215
PCA_MLP,3893,11.099552154541016,10.802833557128906
PCA_MLP,3894,11.84530258178711,10.11695671081543
PCA_MLP,3895,11.335854530334473,11.184101104736328
PCA_MLP,3896,10.937644958496094,10.461118698120117
PCA_MLP,3897,10.478793144226074,10.347451210021973
PCA_MLP,3898,10.402139663696289,10.667198181152344
PCA_MLP,3899,10.620039939880371,10.43525505065918
PCA_MLP,3900,10.650758743286133,10.839536666870117
PCA_MLP,3901,10.223114013671875,10.400508880615234
PCA_MLP,3902,10.466944694519043,10.53764533996582
PCA_MLP,3903,10.32969856262207,10.45754623413086
PCA_MLP,3904,11.638162612915039,10.822343826293945
PCA_MLP,3905,10.317619323730469,10.033487319946289
PCA_MLP,3906,10.759571075439453,10.65736198425293
PCA_MLP,3907,10.419990539550781,10.750740051269531
PCA_MLP,3908,10.463003158569336,11.88541316986084
PCA_MLP,3909,11.39937973022461,12.695728302001953
PCA_MLP,3910,10.860823631286621,10.682905197143555
PCA_MLP,3911,10.52607536315918,11.422208786010742
PCA_MLP,3912,10.749357223510742,11.194184303283691
PCA_MLP,3913,9.958821296691895,10.636319160461426
PCA_MLP,3914,11.014395713806152,10.893791198730469
PCA_MLP,3915,10.587154388427734,10.698087692260742
PCA_MLP,3916,11.070952415466309,10.895931243896484
PCA_MLP,3917,9.994913101196289,11.076290130615234
PCA_MLP,3918,11.072280883789062,11.118585586547852
PCA_MLP,3919,11.173497200012207,11.037748336791992
PCA_MLP,3920,11.024703979492188,10.801074981689453
PCA_MLP,3921,10.461935043334961,10.992759704589844
PCA_MLP,3922,11.688041687011719,10.908452987670898
PCA_MLP,3923,11.161890029907227,11.058231353759766
PCA_MLP,3924,10.355633735656738,9.997270584106445
PCA_MLP,3925,10.628995895385742,10.583014488220215
PCA_MLP,3926,10.945220947265625,10.867912292480469
PCA_MLP,3927,11.926267623901367,11.234991073608398
PCA_MLP,3928,11.191165924072266,9.941560745239258
PCA_MLP,3929,10.745794296264648,10.014738082885742
PCA_MLP,3930,11.700855255126953,12.255366325378418
PCA_MLP,3931,11.179400444030762,10.529722213745117
PCA_MLP,3932,10.48684310913086,11.17091178894043
PCA_MLP,3933,11.006107330322266,10.67048454284668
PCA_MLP,3934,10.37158489227295,11.655075073242188
PCA_MLP,3935,10.90029525756836,10.899845123291016
PCA_MLP,3936,10.164894104003906,10.452016830444336
PCA_MLP,3937,10.03526496887207,11.187335968017578
PCA_MLP,3938,10.245659828186035,10.68652057647705
PCA_MLP,3939,9.784631729125977,11.252878189086914
PCA_MLP,3940,10.589361190795898,10.811147689819336
PCA_MLP,3941,10.711305618286133,10.953266143798828
PCA_MLP,3942,10.44276237487793,9.700445175170898
PCA_MLP,3943,10.338382720947266,11.264155387878418
PCA_MLP,3944,11.435894012451172,10.66665267944336
PCA_MLP,3945,11.399263381958008,10.511421203613281
PCA_MLP,3946,11.181917190551758,10.38595962524414
PCA_MLP,3947,10.854316711425781,11.254822731018066
PCA_MLP,3948,11.12138843536377,10.942569732666016
PCA_MLP,3949,10.702885627746582,10.823171615600586
PCA_MLP,3950,10.728425979614258,10.650960922241211
PCA_MLP,3951,11.642776489257812,10.622611999511719
PCA_MLP,3952,11.055728912353516,10.521480560302734
PCA_MLP,3953,10.51386833190918,11.577024459838867
PCA_MLP,3954,10.666034698486328,10.724754333496094
PCA_MLP,3955,11.531990051269531,11.113987922668457
PCA_MLP,3956,10.684829711914062,11.20159912109375
PCA_MLP,3957,10.219598770141602,10.89979076385498
PCA_MLP,3958,12.016292572021484,11.163904190063477
PCA_MLP,3959,10.531745910644531,10.814476013183594
PCA_MLP,3960,10.569534301757812,11.27688217163086
PCA_MLP,3961,12.215215682983398,11.735770225524902
PCA_MLP,3962,10.430885314941406,10.632009506225586
PCA_MLP,3963,9.962053298950195,10.846500396728516
PCA_MLP,3964,10.9030179977417,11.150045394897461
PCA_MLP,3965,10.542047500610352,10.895030975341797
PCA_MLP,3966,10.351503372192383,11.017292976379395
PCA_MLP,3967,10.670848846435547,11.820018768310547
PCA_MLP,3968,11.660126686096191,10.639508247375488
PCA_MLP,3969,10.33536148071289,10.658567428588867
PCA_MLP,3970,10.035524368286133,11.266179084777832
PCA_MLP,3971,11.081989288330078,10.537144660949707
PCA_MLP,3972,11.213119506835938,10.720945358276367
PCA_MLP,3973,9.861655235290527,10.803181648254395
PCA_MLP,3974,10.47199821472168,11.966934204101562
PCA_MLP,3975,9.817981719970703,11.07901668548584
PCA_MLP,3976,10.084625244140625,10.79045295715332
PCA_MLP,3977,10.645158767700195,10.789299964904785
PCA_MLP,3978,11.092576026916504,10.996357917785645
PCA_MLP,3979,11.29771614074707,11.08491325378418
PCA_MLP,3980,11.248434066772461,10.08753490447998
PCA_MLP,3981,11.044756889343262,10.770930290222168
PCA_MLP,3982,10.620787620544434,10.189308166503906
PCA_MLP,3983,11.125298500061035,10.971441268920898
PCA_MLP,3984,11.074172973632812,11.204955101013184
PCA_MLP,3985,10.85425090789795,10.492307662963867
PCA_MLP,3986,10.883035659790039,11.632278442382812
PCA_MLP,3987,10.389749526977539,10.976581573486328
PCA_MLP,3988,10.26181411743164,10.786592483520508
PCA_MLP,3989,10.30656909942627,11.577207565307617
PCA_MLP,3990,11.44491958618164,11.10970687866211
PCA_MLP,3991,10.629435539245605,11.493675231933594
PCA_MLP,3992,10.994565963745117,11.195662498474121
PCA_MLP,3993,10.625008583068848,10.547014236450195
PCA_MLP,3994,11.410344123840332,11.034757614135742
PCA_MLP,3995,10.385120391845703,10.902159690856934
PCA_MLP,3996,11.009639739990234,10.21889877319336
PCA_MLP,3997,10.083588600158691,10.851908683776855
PCA_MLP,3998,11.3356294631958,11.062728881835938
PCA_MLP,3999,10.736699104309082,10.908712387084961
PCA_MLP,4000,11.003500938415527,11.183753967285156
PCA_MLP,4001,10.780834197998047,10.34564208984375
PCA_MLP,4002,10.906696319580078,11.908027648925781
PCA_MLP,4003,10.120914459228516,11.596023559570312
PCA_MLP,4004,10.629161834716797,10.740089416503906
PCA_MLP,4005,11.325923919677734,10.836790084838867
PCA_MLP,4006,11.038858413696289,11.29588508605957
PCA_MLP,4007,11.27182388305664,10.75480842590332
PCA_MLP,4008,10.112655639648438,10.654476165771484
PCA_MLP,4009,11.154253959655762,10.161781311035156
PCA_MLP,4010,10.595325469970703,10.64158821105957
PCA_MLP,4011,10.604530334472656,10.601398468017578
PCA_MLP,4012,10.58576774597168,10.68826675415039
PCA_MLP,4013,11.442497253417969,11.032294273376465
PCA_MLP,4014,10.46286392211914,11.245077133178711
PCA_MLP,4015,10.557178497314453,9.880043029785156
PCA_MLP,4016,10.695476531982422,10.253156661987305
PCA_MLP,4017,10.33160400390625,10.850493431091309
PCA_MLP,4018,10.282072067260742,11.02761459350586
PCA_MLP,4019,10.908437728881836,11.872238159179688
PCA_MLP,4020,10.972746849060059,10.39277458190918
PCA_MLP,4021,10.508325576782227,10.766444206237793
PCA_MLP,4022,11.206890106201172,10.970892906188965
PCA_MLP,4023,10.474937438964844,10.392793655395508
PCA_MLP,4024,10.48145866394043,11.392894744873047
PCA_MLP,4025,10.932061195373535,10.394275665283203
PCA_MLP,4026,10.544795989990234,11.231318473815918
PCA_MLP,4027,10.707502365112305,11.985746383666992
PCA_MLP,4028,11.02755355834961,10.693716049194336
PCA_MLP,4029,11.31357192993164,10.77413558959961
PCA_MLP,4030,10.778165817260742,10.881543159484863
PCA_MLP,4031,10.182268142700195,10.672639846801758
PCA_MLP,4032,11.218420028686523,11.03475284576416
PCA_MLP,4033,11.60315227508545,11.188817977905273
PCA_MLP,4034,11.031454086303711,10.932659149169922
PCA_MLP,4035,10.965324401855469,10.955867767333984
PCA_MLP,4036,11.317934036254883,11.470884323120117
PCA_MLP,4037,10.512617111206055,11.216840744018555
PCA_MLP,4038,11.132116317749023,9.711355209350586
PCA_MLP,4039,10.543464660644531,11.265954971313477
PCA_MLP,4040,10.420791625976562,10.56525993347168
PCA_MLP,4041,10.52593994140625,10.457712173461914
PCA_MLP,4042,10.582096099853516,10.990681648254395
PCA_MLP,4043,11.046226501464844,10.821941375732422
PCA_MLP,4044,10.726334571838379,11.321333885192871
PCA_MLP,4045,10.779363632202148,10.587627410888672
PCA_MLP,4046,10.117452621459961,10.080846786499023
PCA_MLP,4047,10.312345504760742,10.810400009155273
PCA_MLP,4048,11.741700172424316,11.204343795776367
PCA_MLP,4049,10.66222858428955,10.95035171508789
PCA_MLP,4050,10.637059211730957,11.022768020629883
PCA_MLP,4051,11.04041862487793,10.113525390625
PCA_MLP,4052,10.718253135681152,10.969812393188477
PCA_MLP,4053,10.297521591186523,10.47707748413086
PCA_MLP,4054,10.879435539245605,11.030426979064941
PCA_MLP,4055,10.335659980773926,10.965909004211426
PCA_MLP,4056,11.17046070098877,10.926480293273926
PCA_MLP,4057,10.81492805480957,10.818592071533203
PCA_MLP,4058,10.319986343383789,10.545318603515625
PCA_MLP,4059,10.68031120300293,11.87937068939209
PCA_MLP,4060,10.478065490722656,11.259835243225098
PCA_MLP,4061,10.735456466674805,10.745171546936035
PCA_MLP,4062,10.865705490112305,10.927474975585938
PCA_MLP,4063,10.686705589294434,10.674388885498047
PCA_MLP,4064,10.464099884033203,11.05798625946045
PCA_MLP,4065,10.663179397583008,10.631714820861816
PCA_MLP,4066,11.246255874633789,10.885499954223633
PCA_MLP,4067,10.47422981262207,10.609926223754883
PCA_MLP,4068,10.122299194335938,10.986028671264648
PCA_MLP,4069,11.968256950378418,11.103174209594727
PCA_MLP,4070,11.013105392456055,10.75409984588623
PCA_MLP,4071,11.090132713317871,11.30296516418457
PCA_MLP,4072,10.712400436401367,10.397216796875
PCA_MLP,4073,11.438098907470703,10.846480369567871
PCA_MLP,4074,11.349471092224121,10.405134201049805
PCA_MLP,4075,11.24843978881836,10.144927978515625
PCA_MLP,4076,10.468416213989258,10.931227684020996
PCA_MLP,4077,9.879837036132812,10.985697746276855
PCA_MLP,4078,10.970785140991211,10.390393257141113
PCA_MLP,4079,10.439668655395508,9.853887557983398
PCA_MLP,4080,10.898503303527832,10.47826099395752
PCA_MLP,4081,11.323728561401367,10.050338745117188
PCA_MLP,4082,10.426246643066406,10.996528625488281
PCA_MLP,4083,10.328083038330078,10.92428207397461
PCA_MLP,4084,10.428106307983398,10.411761283874512
PCA_MLP,4085,10.105594635009766,11.171060562133789
PCA_MLP,4086,10.431783676147461,10.406075477600098
PCA_MLP,4087,10.960582733154297,10.381702423095703
PCA_MLP,4088,10.635542869567871,10.624685287475586
PCA_MLP,4089,10.205317497253418,10.597440719604492
PCA_MLP,4090,11.599693298339844,10.721529960632324
PCA_MLP,4091,10.518445014953613,11.183435440063477
PCA_MLP,4092,11.392498016357422,10.895759582519531
PCA_MLP,4093,11.547990798950195,10.8483247756958
PCA_MLP,4094,10.123397827148438,10.165483474731445
PCA_MLP,4095,11.145307540893555,10.073789596557617
PCA_MLP,4096,11.47529125213623,10.629216194152832
PCA_MLP,4097,10.196191787719727,11.156513214111328
PCA_MLP,4098,11.045853614807129,11.803963661193848
PCA_MLP,4099,10.681309700012207,11.2249755859375
PCA_MLP,4100,11.504829406738281,10.949849128723145
PCA_MLP,4101,10.845943450927734,10.78703784942627
PCA_MLP,4102,10.411154747009277,10.517000198364258
PCA_MLP,4103,10.850765228271484,10.307550430297852
PCA_MLP,4104,10.563281059265137,10.49217414855957
PCA_MLP,4105,10.527975082397461,10.664443016052246
PCA_MLP,4106,10.832274436950684,10.588839530944824
PCA_MLP,4107,10.492576599121094,11.094120025634766
PCA_MLP,4108,10.03663158416748,10.838674545288086
PCA_MLP,4109,10.457952499389648,10.946670532226562
PCA_MLP,4110,10.663796424865723,9.584175109863281
PCA_MLP,4111,10.154129981994629,10.424249649047852
PCA_MLP,4112,10.712154388427734,11.90423583984375
PCA_MLP,4113,10.982386589050293,10.69533920288086
PCA_MLP,4114,11.099691390991211,10.93036937713623
PCA_MLP,4115,10.806360244750977,10.909692764282227
PCA_MLP,4116,10.927508354187012,10.023263931274414
PCA_MLP,4117,10.5369873046875,10.462605476379395
PCA_MLP,4118,10.604501724243164,11.10059928894043
PCA_MLP,4119,10.404214859008789,10.905588150024414
PCA_MLP,4120,10.352720260620117,10.487115859985352
PCA_MLP,4121,10.185728073120117,10.801597595214844
PCA_MLP,4122,10.839273452758789,10.454811096191406
PCA_MLP,4123,10.480877876281738,10.683183670043945
PCA_MLP,4124,9.661102294921875,10.383377075195312
PCA_MLP,4125,10.212791442871094,10.554092407226562
PCA_MLP,4126,10.797728538513184,10.830327987670898
PCA_MLP,4127,10.48257064819336,10.695138931274414
PCA_MLP,4128,11.12997817993164,10.181130409240723
PCA_MLP,4129,11.224279403686523,10.061297416687012
PCA_MLP,4130,10.290285110473633,9.86000919342041
PCA_MLP,4131,10.426873207092285,11.757997512817383
PCA_MLP,4132,11.026782989501953,10.472433090209961
PCA_MLP,4133,11.283866882324219,11.088417053222656
PCA_MLP,4134,10.721696853637695,11.240504264831543
PCA_MLP,4135,9.886377334594727,11.220274925231934
PCA_MLP,4136,10.340299606323242,10.893512725830078
PCA_MLP,4137,10.489986419677734,10.982603073120117
PCA_MLP,4138,11.502401351928711,10.774490356445312
PCA_MLP,4139,10.78171443939209,11.205171585083008
PCA_MLP,4140,10.997785568237305,10.637474060058594
PCA_MLP,4141,10.272122383117676,11.270962715148926
PCA_MLP,4142,10.879768371582031,10.97446346282959
PCA_MLP,4143,11.185096740722656,11.194958686828613
PCA_MLP,4144,11.615472793579102,10.797126770019531
PCA_MLP,4145,10.746748924255371,10.756227493286133
PCA_MLP,4146,10.220130920410156,10.865867614746094
PCA_MLP,4147,9.734663009643555,10.39436149597168
PCA_MLP,4148,10.98611831665039,9.872321128845215
PCA_MLP,4149,11.251078605651855,10.72253131866455
PCA_MLP,4150,10.722168922424316,11.020821571350098
PCA_MLP,4151,10.618204116821289,10.271859169006348
PCA_MLP,4152,10.836456298828125,10.249556541442871
PCA_MLP,4153,10.41458511352539,11.522703170776367
PCA_MLP,4154,10.862266540527344,11.446049690246582
PCA_MLP,4155,10.066169738769531,10.520297050476074
PCA_MLP,4156,10.873359680175781,11.371504783630371
PCA_MLP,4157,10.666532516479492,11.03175163269043
PCA_MLP,4158,10.737751007080078,10.882332801818848
PCA_MLP,4159,10.604714393615723,11.620917320251465
PCA_MLP,4160,10.706174850463867,11.02517318725586
PCA_MLP,4161,10.346002578735352,11.717424392700195
PCA_MLP,4162,11.30825424194336,10.87203598022461
PCA_MLP,4163,10.382099151611328,10.347238540649414
PCA_MLP,4164,11.132558822631836,10.459753036499023
PCA_MLP,4165,10.266121864318848,10.691099166870117
PCA_MLP,4166,10.980474472045898,10.748801231384277
PCA_MLP,4167,11.511205673217773,11.79258918762207
PCA_MLP,4168,11.880956649780273,10.91628360748291
PCA_MLP,4169,10.715882301330566,10.187858581542969
PCA_MLP,4170,10.585652351379395,10.306144714355469
PCA_MLP,4171,10.121111869812012,10.620355606079102
PCA_MLP,4172,11.556187629699707,10.750059127807617
PCA_MLP,4173,11.300528526306152,11.340736389160156
PCA_MLP,4174,11.263595581054688,10.152080535888672
PCA_MLP,4175,10.924962997436523,10.448657989501953
PCA_MLP,4176,10.502975463867188,10.546517372131348
PCA_MLP,4177,11.017473220825195,11.586542129516602
PCA_MLP,4178,11.00719928741455,10.53666877746582
PCA_MLP,4179,10.255510330200195,9.96428394317627
PCA_MLP,4180,11.343008041381836,10.20889663696289
PCA_MLP,4181,10.489354133605957,9.676165580749512
PCA_MLP,4182,10.598592758178711,10.683584213256836
PCA_MLP,4183,11.066938400268555,10.956438064575195
PCA_MLP,4184,11.354324340820312,12.013528823852539
PCA_MLP,4185,11.334564208984375,12.044414520263672
PCA_MLP,4186,11.226064682006836,11.91628646850586
PCA_MLP,4187,10.511319160461426,10.479103088378906
PCA_MLP,4188,10.406457901000977,11.296934127807617
PCA_MLP,4189,11.22825813293457,10.372055053710938
PCA_MLP,4190,10.449225425720215,10.964344024658203
PCA_MLP,4191,11.268492698669434,10.65342903137207
PCA_MLP,4192,10.37968635559082,11.59676742553711
PCA_MLP,4193,10.300522804260254,10.717620849609375
PCA_MLP,4194,10.327302932739258,10.249648094177246
PCA_MLP,4195,11.566202163696289,11.106512069702148
PCA_MLP,4196,10.776004791259766,10.326085090637207
PCA_MLP,4197,11.147552490234375,11.410741806030273
PCA_MLP,4198,11.60227108001709,10.81654167175293
PCA_MLP,4199,10.787893295288086,10.237651824951172
PCA_MLP,4200,10.52695083618164,10.493093490600586
PCA_MLP,4201,10.584721565246582,10.831510543823242
PCA_MLP,4202,11.038736343383789,10.869894027709961
PCA_MLP,4203,10.305025100708008,10.814598083496094
PCA_MLP,4204,10.783597946166992,10.069928169250488
PCA_MLP,4205,11.504202842712402,10.713088989257812
PCA_MLP,4206,10.222726821899414,11.134580612182617
PCA_MLP,4207,10.830245018005371,11.500741958618164
PCA_MLP,4208,11.004599571228027,10.945850372314453
PCA_MLP,4209,11.202390670776367,10.754070281982422
PCA_MLP,4210,10.979764938354492,10.267599105834961
PCA_MLP,4211,10.767683029174805,11.044641494750977
PCA_MLP,4212,11.034895896911621,10.762044906616211
PCA_MLP,4213,11.008718490600586,11.017972946166992
PCA_MLP,4214,10.929264068603516,10.222648620605469
PCA_MLP,4215,10.352357864379883,10.437702178955078
PCA_MLP,4216,11.264951705932617,10.890039443969727
PCA_MLP,4217,10.945154190063477,11.816032409667969
PCA_MLP,4218,10.944097518920898,10.479195594787598
PCA_MLP,4219,9.790078163146973,10.643823623657227
PCA_MLP,4220,10.685079574584961,11.184030532836914
PCA_MLP,4221,11.033609390258789,10.54974365234375
PCA_MLP,4222,10.622058868408203,10.488194465637207
PCA_MLP,4223,10.793582916259766,10.069107055664062
PCA_MLP,4224,11.342668533325195,11.215152740478516
PCA_MLP,4225,10.900627136230469,10.53209400177002
PCA_MLP,4226,10.476079940795898,11.003129959106445
PCA_MLP,4227,10.605613708496094,10.478745460510254
PCA_MLP,4228,10.734248161315918,10.029841423034668
PCA_MLP,4229,10.866610527038574,10.66671085357666
PCA_MLP,4230,11.553277969360352,10.451772689819336
PCA_MLP,4231,10.511361122131348,10.99659252166748
PCA_MLP,4232,11.11618423461914,12.011711120605469
PCA_MLP,4233,10.275541305541992,10.855798721313477
PCA_MLP,4234,10.309430122375488,11.326148986816406
PCA_MLP,4235,11.039058685302734,10.239887237548828
PCA_MLP,4236,10.632854461669922,11.204446792602539
PCA_MLP,4237,10.367650032043457,11.065530776977539
PCA_MLP,4238,9.565885543823242,10.010923385620117
PCA_MLP,4239,10.900325775146484,10.968225479125977
PCA_MLP,4240,10.27325439453125,10.685327529907227
PCA_MLP,4241,10.005327224731445,11.134244918823242
PCA_MLP,4242,10.43613052368164,11.918474197387695
PCA_MLP,4243,10.866973876953125,10.704195022583008
PCA_MLP,4244,11.059598922729492,11.450580596923828
PCA_MLP,4245,10.324637413024902,11.133520126342773
PCA_MLP,4246,11.235663414001465,11.674982070922852
PCA_MLP,4247,11.0626220703125,10.43136215209961
PCA_MLP,4248,10.831947326660156,10.756179809570312
PCA_MLP,4249,10.603906631469727,11.159482955932617
PCA_MLP,4250,10.477455139160156,11.127958297729492
PCA_MLP,4251,11.474034309387207,10.634702682495117
PCA_MLP,4252,11.08980941772461,11.220550537109375
PCA_MLP,4253,10.396753311157227,10.49031925201416
PCA_MLP,4254,10.866069793701172,11.352893829345703
PCA_MLP,4255,10.759485244750977,10.93055534362793
PCA_MLP,4256,10.605632781982422,10.515579223632812
PCA_MLP,4257,11.038281440734863,10.414469718933105
PCA_MLP,4258,11.483369827270508,12.123086929321289
PCA_MLP,4259,10.540056228637695,11.044113159179688
PCA_MLP,4260,9.981332778930664,10.81466293334961
PCA_MLP,4261,10.691437721252441,10.682753562927246
PCA_MLP,4262,10.100858688354492,10.808782577514648
PCA_MLP,4263,11.209076881408691,11.158233642578125
PCA_MLP,4264,11.151498794555664,10.668495178222656
PCA_MLP,4265,11.415848731994629,10.36262035369873
PCA_MLP,4266,11.041458129882812,10.209224700927734
PCA_MLP,4267,10.870073318481445,11.430166244506836
PCA_MLP,4268,10.618398666381836,10.855347633361816
PCA_MLP,4269,10.412281036376953,10.678735733032227
PCA_MLP,4270,10.382360458374023,10.959030151367188
PCA_MLP,4271,10.324566841125488,10.243278503417969
PCA_MLP,4272,11.033893585205078,10.576425552368164
PCA_MLP,4273,10.817564010620117,11.520036697387695
PCA_MLP,4274,9.942512512207031,10.372979164123535
PCA_MLP,4275,10.304706573486328,10.713404655456543
PCA_MLP,4276,11.548223495483398,10.613551139831543
PCA_MLP,4277,10.937613487243652,10.629240989685059
PCA_MLP,4278,10.844379425048828,10.405275344848633
PCA_MLP,4279,10.25048542022705,10.466259956359863
PCA_MLP,4280,10.854608535766602,10.110483169555664
PCA_MLP,4281,10.940169334411621,10.848337173461914
PCA_MLP,4282,10.367382049560547,10.570874214172363
PCA_MLP,4283,10.710460662841797,10.443754196166992
PCA_MLP,4284,10.215839385986328,10.943901062011719
PCA_MLP,4285,10.941424369812012,10.772151947021484
PCA_MLP,4286,11.528432846069336,10.856258392333984
PCA_MLP,4287,10.778133392333984,11.145919799804688
PCA_MLP,4288,11.24111557006836,11.133896827697754
PCA_MLP,4289,10.225672721862793,10.930156707763672
PCA_MLP,4290,10.536270141601562,10.682548522949219
PCA_MLP,4291,10.988344192504883,10.470504760742188
PCA_MLP,4292,10.176029205322266,11.111625671386719
PCA_MLP,4293,10.78816032409668,10.743612289428711
PCA_MLP,4294,10.65129280090332,10.480270385742188
PCA_MLP,4295,10.184913635253906,11.256608963012695
PCA_MLP,4296,10.940473556518555,10.069138526916504
PCA_MLP,4297,10.786962509155273,11.192375183105469
PCA_MLP,4298,10.610605239868164,10.900081634521484
PCA_MLP,4299,10.907394409179688,10.392425537109375
PCA_MLP,4300,11.068056106567383,10.710790634155273
PCA_MLP,4301,11.12653923034668,11.248306274414062
PCA_MLP,4302,11.299022674560547,11.208126068115234
PCA_MLP,4303,10.181419372558594,11.003957748413086
PCA_MLP,4304,11.063922882080078,11.506149291992188
PCA_MLP,4305,11.337748527526855,11.017228126525879
PCA_MLP,4306,11.352396011352539,11.660062789916992
PCA_MLP,4307,10.618847846984863,10.822039604187012
PCA_MLP,4308,10.266965866088867,9.906002044677734
PCA_MLP,4309,11.260650634765625,10.01169204711914
PCA_MLP,4310,11.155280113220215,10.354127883911133
PCA_MLP,4311,10.84579849243164,11.03678035736084
PCA_MLP,4312,10.127553939819336,10.046087265014648
PCA_MLP,4313,10.830068588256836,10.757408142089844
PCA_MLP,4314,10.23355484008789,11.18052864074707
PCA_MLP,4315,10.47945499420166,10.72242546081543
PCA_MLP,4316,11.133495330810547,10.122824668884277
PCA_MLP,4317,9.772562980651855,10.505659103393555
PCA_MLP,4318,11.211381912231445,11.605947494506836
PCA_MLP,4319,11.232434272766113,9.998905181884766
PCA_MLP,4320,10.709419250488281,10.761863708496094
PCA_MLP,4321,10.224573135375977,10.724119186401367
PCA_MLP,4322,10.854455947875977,10.44638442993164
PCA_MLP,4323,10.388836860656738,9.979134559631348
PCA_MLP,4324,10.98385238647461,10.670687675476074
PCA_MLP,4325,10.535806655883789,10.250516891479492
PCA_MLP,4326,10.925312995910645,11.049126625061035
PCA_MLP,4327,10.671835899353027,10.690109252929688
PCA_MLP,4328,10.935998916625977,10.533607482910156
PCA_MLP,4329,10.520706176757812,10.659584045410156
PCA_MLP,4330,10.491632461547852,10.325126647949219
PCA_MLP,4331,10.337989807128906,9.839096069335938
PCA_MLP,4332,11.143835067749023,10.780263900756836
PCA_MLP,4333,12.124778747558594,11.31796932220459
PCA_MLP,4334,10.716936111450195,10.649965286254883
PCA_MLP,4335,10.812856674194336,10.547883033752441
PCA_MLP,4336,10.993124008178711,10.68111801147461
PCA_MLP,4337,10.774283409118652,10.762699127197266
PCA_MLP,4338,10.004276275634766,11.025374412536621
PCA_MLP,4339,10.917217254638672,11.125147819519043
PCA_MLP,4340,11.359983444213867,10.523602485656738
PCA_MLP,4341,10.967866897583008,10.610063552856445
PCA_MLP,4342,9.811363220214844,10.592832565307617
PCA_MLP,4343,10.603236198425293,10.271942138671875
PCA_MLP,4344,10.38621711730957,10.942670822143555
PCA_MLP,4345,10.292884826660156,10.336777687072754
PCA_MLP,4346,11.406453132629395,10.788995742797852
PCA_MLP,4347,10.622180938720703,11.658893585205078
PCA_MLP,4348,10.380510330200195,11.464070320129395
PCA_MLP,4349,10.699251174926758,10.82435417175293
PCA_MLP,4350,10.044533729553223,10.125365257263184
PCA_MLP,4351,10.288430213928223,11.319210052490234
PCA_MLP,4352,10.086250305175781,10.486949920654297
PCA_MLP,4353,10.053640365600586,11.002847671508789
PCA_MLP,4354,10.822623252868652,11.288787841796875
PCA_MLP,4355,11.156533241271973,11.065603256225586
PCA_MLP,4356,10.476441383361816,10.605429649353027
PCA_MLP,4357,10.893790245056152,9.826343536376953
PCA_MLP,4358,10.347993850708008,10.31520938873291
PCA_MLP,4359,10.59312629699707,11.54223346710205
PCA_MLP,4360,11.431596755981445,10.153541564941406
PCA_MLP,4361,10.526697158813477,11.209365844726562
PCA_MLP,4362,11.478792190551758,11.0646390914917
PCA_MLP,4363,10.411064147949219,10.740388870239258
PCA_MLP,4364,11.366777420043945,10.815923690795898
PCA_MLP,4365,10.746435165405273,10.49365234375
PCA_MLP,4366,10.91476821899414,10.670032501220703
PCA_MLP,4367,10.612273216247559,10.837703704833984
PCA_MLP,4368,10.71448802947998,10.793566703796387
PCA_MLP,4369,10.823379516601562,11.465181350708008
PCA_MLP,4370,9.702295303344727,11.051736831665039
PCA_MLP,4371,11.398548126220703,11.313426971435547
PCA_MLP,4372,11.428861618041992,10.762486457824707
PCA_MLP,4373,11.046428680419922,11.459716796875
PCA_MLP,4374,11.041919708251953,10.693222999572754
PCA_MLP,4375,10.246490478515625,9.8165864944458
PCA_MLP,4376,10.946889877319336,10.284923553466797
PCA_MLP,4377,10.469735145568848,11.945051193237305
PCA_MLP,4378,11.363133430480957,10.932027816772461
PCA_MLP,4379,10.960854530334473,11.090130805969238
PCA_MLP,4380,10.171004295349121,10.248879432678223
PCA_MLP,4381,11.246265411376953,11.09500503540039
PCA_MLP,4382,11.050085067749023,11.018659591674805
PCA_MLP,4383,10.73318099975586,11.010193824768066
PCA_MLP,4384,11.075233459472656,11.646917343139648
PCA_MLP,4385,11.367578506469727,10.035140037536621
PCA_MLP,4386,10.823843002319336,10.580175399780273
PCA_MLP,4387,10.314552307128906,10.485471725463867
PCA_MLP,4388,10.671182632446289,10.936708450317383
PCA_MLP,4389,10.971735954284668,10.795923233032227
PCA_MLP,4390,10.739131927490234,11.496294975280762
PCA_MLP,4391,11.702341079711914,10.6983642578125
PCA_MLP,4392,10.130279541015625,10.274276733398438
PCA_MLP,4393,11.31753921508789,10.160725593566895
PCA_MLP,4394,10.97464656829834,10.441376686096191
PCA_MLP,4395,10.893057823181152,11.223938941955566
PCA_MLP,4396,10.331273078918457,11.080667495727539
PCA_MLP,4397,10.975011825561523,10.528979301452637
PCA_MLP,4398,10.990802764892578,10.569700241088867
PCA_MLP,4399,10.67135238647461,10.469467163085938
PCA_MLP,4400,10.36657428741455,10.926304817199707
PCA_MLP,4401,10.747615814208984,10.57669448852539
PCA_MLP,4402,10.428685188293457,10.8539457321167
PCA_MLP,4403,10.737075805664062,10.966938018798828
PCA_MLP,4404,10.893966674804688,10.723346710205078
PCA_MLP,4405,10.207483291625977,10.384387969970703
PCA_MLP,4406,10.591011047363281,10.998334884643555
PCA_MLP,4407,11.011529922485352,10.548934936523438
PCA_MLP,4408,10.652670860290527,10.234336853027344
PCA_MLP,4409,10.562007904052734,10.89416217803955
PCA_MLP,4410,10.513662338256836,10.745711326599121
PCA_MLP,4411,10.022007942199707,11.267088890075684
PCA_MLP,4412,10.936357498168945,10.75101089477539
PCA_MLP,4413,10.903482437133789,11.026997566223145
PCA_MLP,4414,10.254328727722168,11.446556091308594
PCA_MLP,4415,10.488653182983398,10.892626762390137
PCA_MLP,4416,11.148908615112305,10.905983924865723
PCA_MLP,4417,10.33717155456543,10.504983901977539
PCA_MLP,4418,11.457805633544922,10.623873710632324
PCA_MLP,4419,11.12153148651123,10.339693069458008
PCA_MLP,4420,10.391318321228027,11.00581169128418
PCA_MLP,4421,10.929969787597656,10.573226928710938
PCA_MLP,4422,10.94993782043457,10.225160598754883
PCA_MLP,4423,11.055612564086914,11.154632568359375
PCA_MLP,4424,11.57244873046875,10.771791458129883
PCA_MLP,4425,10.730170249938965,10.500551223754883
PCA_MLP,4426,10.62800121307373,11.593746185302734
PCA_MLP,4427,10.939594268798828,10.481943130493164
PCA_MLP,4428,11.818599700927734,9.554411888122559
PCA_MLP,4429,10.82734489440918,10.712852478027344
PCA_MLP,4430,10.509478569030762,11.023065567016602
PCA_MLP,4431,11.279836654663086,11.098405838012695
PCA_MLP,4432,10.873085021972656,11.029662132263184
PCA_MLP,4433,11.564139366149902,10.235204696655273
PCA_MLP,4434,10.725492477416992,10.596040725708008
PCA_MLP,4435,10.925256729125977,10.52043342590332
PCA_MLP,4436,10.399465560913086,11.244132041931152
PCA_MLP,4437,9.784043312072754,10.859992980957031
PCA_MLP,4438,10.421725273132324,10.594718933105469
PCA_MLP,4439,11.293916702270508,10.651219367980957
PCA_MLP,4440,10.562532424926758,9.787897109985352
PCA_MLP,4441,10.13212776184082,10.19720458984375
PCA_MLP,4442,10.52602767944336,10.987107276916504
PCA_MLP,4443,10.31947135925293,10.556203842163086
PCA_MLP,4444,10.66478157043457,11.112513542175293
PCA_MLP,4445,10.845067977905273,11.616579055786133
PCA_MLP,4446,9.973464965820312,12.38400650024414
PCA_MLP,4447,10.681774139404297,10.023062705993652
PCA_MLP,4448,9.97584056854248,10.613181114196777
PCA_MLP,4449,10.440423965454102,11.149980545043945
PCA_MLP,4450,10.771330833435059,10.698906898498535
PCA_MLP,4451,10.994621276855469,10.297662734985352
PCA_MLP,4452,11.062971115112305,11.159784317016602
PCA_MLP,4453,10.426020622253418,11.876127243041992
PCA_MLP,4454,10.299711227416992,11.727190971374512
PCA_MLP,4455,10.51478099822998,11.372767448425293
PCA_MLP,4456,10.966730117797852,11.285543441772461
PCA_MLP,4457,10.55081558227539,10.6385498046875
PCA_MLP,4458,10.448785781860352,11.710823059082031
PCA_MLP,4459,11.887242317199707,10.927630424499512
PCA_MLP,4460,10.499942779541016,11.144157409667969
PCA_MLP,4461,11.115621566772461,11.049833297729492
PCA_MLP,4462,11.383155822753906,11.149864196777344
PCA_MLP,4463,9.64897346496582,10.587427139282227
PCA_MLP,4464,12.128629684448242,10.286052703857422
PCA_MLP,4465,10.628912925720215,9.956602096557617
PCA_MLP,4466,10.682910919189453,9.539400100708008
PCA_MLP,4467,10.41192626953125,10.405405044555664
PCA_MLP,4468,10.584546089172363,10.263702392578125
PCA_MLP,4469,10.819305419921875,10.506240844726562
PCA_MLP,4470,11.019638061523438,11.397045135498047
PCA_MLP,4471,10.602429389953613,10.688148498535156
PCA_MLP,4472,11.649988174438477,11.62643814086914
PCA_MLP,4473,10.693258285522461,11.077035903930664
PCA_MLP,4474,10.593558311462402,10.867660522460938
PCA_MLP,4475,11.57429313659668,10.875307083129883
PCA_MLP,4476,11.057924270629883,11.387113571166992
PCA_MLP,4477,10.097415924072266,10.981821060180664
PCA_MLP,4478,10.279881477355957,9.965160369873047
PCA_MLP,4479,10.918754577636719,10.51968002319336
PCA_MLP,4480,11.01834487915039,10.641006469726562
PCA_MLP,4481,10.50407886505127,10.994292259216309
PCA_MLP,4482,10.488396644592285,10.46136474609375
PCA_MLP,4483,11.217552185058594,11.197870254516602
PCA_MLP,4484,11.014114379882812,11.235795974731445
PCA_MLP,4485,11.8982572555542,10.965314865112305
PCA_MLP,4486,11.166990280151367,10.566720962524414
PCA_MLP,4487,11.225862503051758,11.39660358428955
PCA_MLP,4488,10.89558219909668,10.481439590454102
PCA_MLP,4489,10.414648056030273,11.479087829589844
PCA_MLP,4490,10.82952880859375,10.45754623413086
PCA_MLP,4491,10.331010818481445,11.528599739074707
PCA_MLP,4492,10.808553695678711,10.244400024414062
PCA_MLP,4493,10.823373794555664,10.410835266113281
PCA_MLP,4494,11.21597671508789,11.742685317993164
PCA_MLP,4495,10.571868896484375,9.486098289489746
PCA_MLP,4496,10.627971649169922,10.666732788085938
PCA_MLP,4497,11.04753303527832,10.764543533325195
PCA_MLP,4498,11.115606307983398,10.582205772399902
PCA_MLP,4499,11.07099723815918,10.551592826843262
PCA_MLP,4500,10.81755542755127,11.292081832885742
PCA_MLP,4501,11.053476333618164,11.333366394042969
PCA_MLP,4502,10.718286514282227,10.83456802368164
PCA_MLP,4503,11.578134536743164,11.03591251373291
PCA_MLP,4504,9.93614387512207,11.393476486206055
PCA_MLP,4505,10.0389404296875,11.158295631408691
PCA_MLP,4506,10.07673454284668,11.094199180603027
PCA_MLP,4507,10.64908218383789,10.376864433288574
PCA_MLP,4508,10.188295364379883,9.964059829711914
PCA_MLP,4509,10.720093727111816,10.45045280456543
PCA_MLP,4510,10.910944938659668,10.609648704528809
PCA_MLP,4511,10.56464958190918,11.416580200195312
PCA_MLP,4512,10.048954010009766,11.835502624511719
PCA_MLP,4513,11.208700180053711,10.978618621826172
PCA_MLP,4514,10.098122596740723,10.869619369506836
PCA_MLP,4515,11.283649444580078,10.751991271972656
PCA_MLP,4516,10.735923767089844,11.251036643981934
PCA_MLP,4517,10.370235443115234,10.903128623962402
PCA_MLP,4518,10.49939250946045,11.08481216430664
PCA_MLP,4519,11.547807693481445,11.1290922164917
PCA_MLP,4520,11.691656112670898,9.996660232543945
PCA_MLP,4521,10.79673957824707,10.617982864379883
PCA_MLP,4522,10.547597885131836,10.283758163452148
PCA_MLP,4523,10.953121185302734,11.071762084960938
PCA_MLP,4524,10.731937408447266,11.481504440307617
PCA_MLP,4525,11.21513843536377,10.8988037109375
PCA_MLP,4526,10.810365676879883,10.533479690551758
PCA_MLP,4527,10.549053192138672,11.154030799865723
PCA_MLP,4528,11.737027168273926,11.192346572875977
PCA_MLP,4529,10.968073844909668,10.513833999633789
PCA_MLP,4530,10.516066551208496,10.718690872192383
PCA_MLP,4531,11.096893310546875,9.930980682373047
PCA_MLP,4532,11.164506912231445,10.883140563964844
PCA_MLP,4533,11.587440490722656,10.012804985046387
PCA_MLP,4534,9.982059478759766,11.211298942565918
PCA_MLP,4535,11.248764038085938,11.287497520446777
PCA_MLP,4536,10.199175834655762,11.357063293457031
PCA_MLP,4537,10.261693954467773,11.065057754516602
PCA_MLP,4538,10.736844062805176,10.558192253112793
PCA_MLP,4539,10.872709274291992,10.701822280883789
PCA_MLP,4540,11.400481224060059,10.719253540039062
PCA_MLP,4541,10.489652633666992,11.376399993896484
PCA_MLP,4542,10.175853729248047,10.502639770507812
PCA_MLP,4543,10.95069694519043,10.500012397766113
PCA_MLP,4544,10.739877700805664,10.45485782623291
PCA_MLP,4545,10.841196060180664,10.610538482666016
PCA_MLP,4546,10.680988311767578,10.724807739257812
PCA_MLP,4547,11.716217041015625,10.346367835998535
PCA_MLP,4548,10.789422035217285,11.050689697265625
PCA_MLP,4549,10.579345703125,10.393590927124023
PCA_MLP,4550,11.386012077331543,11.158178329467773
PCA_MLP,4551,10.404070854187012,9.83932113647461
PCA_MLP,4552,10.926897048950195,10.387519836425781
PCA_MLP,4553,11.259675979614258,11.292003631591797
PCA_MLP,4554,11.774426460266113,10.453354835510254
PCA_MLP,4555,11.37690544128418,10.889097213745117
PCA_MLP,4556,10.534242630004883,10.909906387329102
PCA_MLP,4557,10.512035369873047,12.272310256958008
PCA_MLP,4558,11.265560150146484,11.074033737182617
PCA_MLP,4559,10.871383666992188,10.827007293701172
PCA_MLP,4560,10.153310775756836,9.857378959655762
PCA_MLP,4561,10.598823547363281,10.350578308105469
PCA_MLP,4562,10.491212844848633,11.216891288757324
PCA_MLP,4563,10.676471710205078,10.457265853881836
PCA_MLP,4564,10.732244491577148,11.045492172241211
PCA_MLP,4565,10.611095428466797,11.81370735168457
PCA_MLP,4566,11.172553062438965,10.35866928100586
PCA_MLP,4567,10.546757698059082,11.291727066040039
PCA_MLP,4568,10.259200096130371,10.481860160827637
PCA_MLP,4569,10.818235397338867,10.778541564941406
PCA_MLP,4570,10.946714401245117,10.816864967346191
PCA_MLP,4571,10.280902862548828,11.084395408630371
PCA_MLP,4572,10.951908111572266,10.748416900634766
PCA_MLP,4573,10.305280685424805,10.429279327392578
PCA_MLP,4574,10.963773727416992,11.050910949707031
PCA_MLP,4575,11.539090156555176,10.261280059814453
PCA_MLP,4576,11.200310707092285,10.594768524169922
PCA_MLP,4577,10.287296295166016,10.598623275756836
PCA_MLP,4578,9.886280059814453,12.22475814819336
PCA_MLP,4579,10.333824157714844,10.261873245239258
PCA_MLP,4580,11.37510871887207,10.805818557739258
PCA_MLP,4581,10.6482515335083,10.509376525878906
PCA_MLP,4582,11.18612003326416,10.490283012390137
PCA_MLP,4583,11.289949417114258,10.256484985351562
PCA_MLP,4584,10.5151948928833,10.857892990112305
PCA_MLP,4585,11.31210708618164,11.025434494018555
PCA_MLP,4586,11.128229141235352,10.767398834228516
PCA_MLP,4587,10.968643188476562,10.82487678527832
PCA_MLP,4588,11.038928031921387,10.97871208190918
PCA_MLP,4589,10.840826988220215,10.110213279724121
PCA_MLP,4590,10.959327697753906,10.617664337158203
PCA_MLP,4591,10.270458221435547,11.734519004821777
PCA_MLP,4592,10.735858917236328,10.77610969543457
PCA_MLP,4593,10.415308952331543,11.275379180908203
PCA_MLP,4594,10.636222839355469,10.750970840454102
PCA_MLP,4595,10.465021133422852,11.169134140014648
PCA_MLP,4596,11.21101188659668,10.181678771972656
PCA_MLP,4597,11.138565063476562,11.20551872253418
PCA_MLP,4598,10.539584159851074,10.392642974853516
PCA_MLP,4599,11.501005172729492,11.168832778930664
PCA_MLP,4600,11.176239013671875,10.458053588867188
PCA_MLP,4601,11.23971939086914,10.578910827636719
PCA_MLP,4602,11.523886680603027,10.908864974975586
PCA_MLP,4603,10.41523551940918,10.710952758789062
PCA_MLP,4604,10.740463256835938,11.271524429321289
PCA_MLP,4605,11.078102111816406,10.509876251220703
PCA_MLP,4606,10.358296394348145,10.622428894042969
PCA_MLP,4607,11.64455795288086,10.417457580566406
PCA_MLP,4608,10.237351417541504,11.578583717346191
PCA_MLP,4609,10.777395248413086,9.89955997467041
PCA_MLP,4610,10.86932373046875,10.376011848449707
PCA_MLP,4611,11.019796371459961,10.017722129821777
PCA_MLP,4612,11.290496826171875,10.542390823364258
PCA_MLP,4613,11.094217300415039,10.918641090393066
PCA_MLP,4614,10.931900978088379,10.229190826416016
PCA_MLP,4615,10.639131546020508,11.0159273147583
PCA_MLP,4616,10.404905319213867,11.097533226013184
PCA_MLP,4617,10.243408203125,10.980789184570312
PCA_MLP,4618,11.566739082336426,10.759082794189453
PCA_MLP,4619,10.298757553100586,9.861761093139648
PCA_MLP,4620,10.06894302368164,10.174543380737305
PCA_MLP,4621,10.339229583740234,10.5398588180542
PCA_MLP,4622,11.26990032196045,10.1322021484375
PCA_MLP,4623,10.421503067016602,10.277969360351562
PCA_MLP,4624,9.971823692321777,10.935986518859863
PCA_MLP,4625,11.101150512695312,11.207574844360352
PCA_MLP,4626,10.151073455810547,10.211156845092773
PCA_MLP,4627,11.195075988769531,11.052267074584961
PCA_MLP,4628,10.973700523376465,10.955485343933105
PCA_MLP,4629,10.853841781616211,11.322389602661133
PCA_MLP,4630,11.262690544128418,11.397844314575195
PCA_MLP,4631,11.231072425842285,10.175678253173828
PCA_MLP,4632,11.344432830810547,9.984932899475098
PCA_MLP,4633,10.470547676086426,10.942558288574219
PCA_MLP,4634,9.992462158203125,11.015599250793457
PCA_MLP,4635,11.014827728271484,10.711172103881836
PCA_MLP,4636,10.333178520202637,10.91977310180664
PCA_MLP,4637,10.764507293701172,10.02956485748291
PCA_MLP,4638,10.706785202026367,11.04728889465332
PCA_MLP,4639,10.614789962768555,11.788833618164062
PCA_MLP,4640,10.229019165039062,11.317770004272461
PCA_MLP,4641,10.692804336547852,10.507293701171875
PCA_MLP,4642,11.155025482177734,11.505060195922852
PCA_MLP,4643,10.262075424194336,10.418375968933105
PCA_MLP,4644,10.174596786499023,10.646639823913574
PCA_MLP,4645,11.010295867919922,11.312997817993164
PCA_MLP,4646,11.960769653320312,10.682247161865234
PCA_MLP,4647,11.353791236877441,10.882566452026367
PCA_MLP,4648,11.041143417358398,10.793384552001953
PCA_MLP,4649,10.874460220336914,10.721013069152832
PCA_MLP,4650,11.281332015991211,11.387941360473633
PCA_MLP,4651,10.981039047241211,10.99588394165039
PCA_MLP,4652,10.340296745300293,9.946431159973145
PCA_MLP,4653,11.87968635559082,10.78437614440918
PCA_MLP,4654,11.212211608886719,11.244499206542969
PCA_MLP,4655,11.158398628234863,11.193902969360352
PCA_MLP,4656,10.386808395385742,10.20760726928711
PCA_MLP,4657,11.186422348022461,10.439264297485352
PCA_MLP,4658,9.840888977050781,10.991716384887695
PCA_MLP,4659,10.728164672851562,10.636482238769531
PCA_MLP,4660,10.805617332458496,10.991353988647461
PCA_MLP,4661,11.084485054016113,10.841714859008789
PCA_MLP,4662,9.879769325256348,11.046854019165039
PCA_MLP,4663,10.44761848449707,10.558388710021973
PCA_MLP,4664,10.551307678222656,11.415228843688965
PCA_MLP,4665,10.97312068939209,10.648548126220703
PCA_MLP,4666,11.121084213256836,11.303167343139648
PCA_MLP,4667,10.440895080566406,10.77444839477539
PCA_MLP,4668,10.598148345947266,11.705352783203125
PCA_MLP,4669,10.290996551513672,11.421432495117188
PCA_MLP,4670,10.715421676635742,10.475248336791992
PCA_MLP,4671,10.349614143371582,10.228113174438477
PCA_MLP,4672,10.27398681640625,10.287553787231445
PCA_MLP,4673,10.324037551879883,11.061956405639648
PCA_MLP,4674,9.709646224975586,10.485919952392578
PCA_MLP,4675,10.799139976501465,10.252785682678223
PCA_MLP,4676,10.556194305419922,11.396499633789062
PCA_MLP,4677,10.568613052368164,10.71457290649414
PCA_MLP,4678,11.621025085449219,11.177663803100586
PCA_MLP,4679,10.706357955932617,11.124836921691895
PCA_MLP,4680,11.498480796813965,10.37432861328125
PCA_MLP,4681,11.123897552490234,10.762537956237793
PCA_MLP,4682,10.974717140197754,9.924525260925293
PCA_MLP,4683,11.553117752075195,9.937984466552734
PCA_MLP,4684,10.779233932495117,11.455184936523438
PCA_MLP,4685,10.19056510925293,10.55971908569336
PCA_MLP,4686,10.44802188873291,11.078747749328613
PCA_MLP,4687,10.765632629394531,10.909920692443848
PCA_MLP,4688,11.145063400268555,10.822758674621582
PCA_MLP,4689,10.534109115600586,10.439902305603027
PCA_MLP,4690,10.200572967529297,11.023691177368164
PCA_MLP,4691,10.797784805297852,11.353728294372559
PCA_MLP,4692,10.614640235900879,10.760374069213867
PCA_MLP,4693,11.172380447387695,10.220609664916992
PCA_MLP,4694,10.416492462158203,11.358184814453125
PCA_MLP,4695,11.148176193237305,10.486750602722168
PCA_MLP,4696,10.232187271118164,10.315443992614746
PCA_MLP,4697,10.87968635559082,10.308637619018555
PCA_MLP,4698,10.649885177612305,10.68156909942627
PCA_MLP,4699,11.399251937866211,10.874951362609863
PCA_MLP,4700,10.719602584838867,10.582670211791992
PCA_MLP,4701,10.169469833374023,10.646904945373535
PCA_MLP,4702,10.986315727233887,10.336153984069824
PCA_MLP,4703,10.687950134277344,11.44633674621582
PCA_MLP,4704,10.387445449829102,11.445013999938965
PCA_MLP,4705,10.889572143554688,10.116461753845215
PCA_MLP,4706,10.832071304321289,10.880390167236328
PCA_MLP,4707,10.339908599853516,10.924736022949219
PCA_MLP,4708,9.728767395019531,10.045170783996582
PCA_MLP,4709,10.351276397705078,11.541105270385742
PCA_MLP,4710,10.814252853393555,10.58560562133789
PCA_MLP,4711,10.67389965057373,10.19217300415039
PCA_MLP,4712,10.257014274597168,11.123627662658691
PCA_MLP,4713,10.444809913635254,11.582062721252441
PCA_MLP,4714,10.520365715026855,10.44665241241455
PCA_MLP,4715,10.796964645385742,11.067623138427734
PCA_MLP,4716,9.6882905960083,10.850203514099121
PCA_MLP,4717,10.78515338897705,10.46017074584961
PCA_MLP,4718,10.269041061401367,10.427352905273438
PCA_MLP,4719,10.325559616088867,10.61281681060791
PCA_MLP,4720,10.65347671508789,11.28322696685791
PCA_MLP,4721,10.577024459838867,10.873210906982422
PCA_MLP,4722,11.498527526855469,11.627552032470703
PCA_MLP,4723,10.739931106567383,10.730865478515625
PCA_MLP,4724,10.852846145629883,11.50857925415039
PCA_MLP,4725,10.098626136779785,11.214136123657227
PCA_MLP,4726,9.666786193847656,10.778762817382812
PCA_MLP,4727,10.437277793884277,10.999103546142578
PCA_MLP,4728,10.684829711914062,11.198891639709473
PCA_MLP,4729,10.482271194458008,10.077688217163086
PCA_MLP,4730,10.298257827758789,10.14410400390625
PCA_MLP,4731,10.579797744750977,11.09560775756836
PCA_MLP,4732,10.597701072692871,10.817533493041992
PCA_MLP,4733,10.44344711303711,11.109087944030762
PCA_MLP,4734,11.469315528869629,10.890064239501953
PCA_MLP,4735,11.65617847442627,10.341750144958496
PCA_MLP,4736,10.016355514526367,11.394071578979492
PCA_MLP,4737,11.22602367401123,10.934920310974121
PCA_MLP,4738,10.036975860595703,10.395724296569824
PCA_MLP,4739,10.242759704589844,10.862922668457031
PCA_MLP,4740,11.241385459899902,11.301657676696777
PCA_MLP,4741,10.656501770019531,10.984450340270996
PCA_MLP,4742,10.381112098693848,10.035430908203125
PCA_MLP,4743,10.51849365234375,10.73580265045166
PCA_MLP,4744,11.118705749511719,10.74708366394043
PCA_MLP,4745,10.264026641845703,10.172372817993164
PCA_MLP,4746,10.746206283569336,11.40053653717041
PCA_MLP,4747,10.690154075622559,10.317322731018066
PCA_MLP,4748,11.271728515625,11.03950309753418
PCA_MLP,4749,10.021627426147461,10.66783332824707
PCA_MLP,4750,10.361711502075195,11.699159622192383
PCA_MLP,4751,11.026765823364258,10.46914291381836
PCA_MLP,4752,10.569573402404785,10.373620986938477
PCA_MLP,4753,10.607935905456543,10.485771179199219
PCA_MLP,4754,10.294334411621094,10.986551284790039
PCA_MLP,4755,10.236980438232422,11.01850700378418
PCA_MLP,4756,10.839292526245117,9.66081714630127
PCA_MLP,4757,11.126258850097656,10.607035636901855
PCA_MLP,4758,10.926004409790039,10.930879592895508
PCA_MLP,4759,10.241034507751465,10.9203462600708
PCA_MLP,4760,11.207049369812012,10.651440620422363
PCA_MLP,4761,10.08693790435791,11.128520011901855
PCA_MLP,4762,11.449020385742188,10.514827728271484
PCA_MLP,4763,11.038657188415527,11.381837844848633
PCA_MLP,4764,10.511138916015625,11.414026260375977
PCA_MLP,4765,11.0792236328125,11.27828311920166
PCA_MLP,4766,11.157926559448242,11.315616607666016
PCA_MLP,4767,10.912976264953613,11.816363334655762
PCA_MLP,4768,10.918763160705566,9.979166984558105
PCA_MLP,4769,10.744747161865234,10.861903190612793
PCA_MLP,4770,11.276376724243164,10.715116500854492
PCA_MLP,4771,10.638519287109375,10.644981384277344
PCA_MLP,4772,10.879600524902344,11.001652717590332
PCA_MLP,4773,10.740543365478516,10.872257232666016
PCA_MLP,4774,10.716634750366211,10.821245193481445
PCA_MLP,4775,10.88641357421875,11.72325325012207
PCA_MLP,4776,10.662948608398438,10.637500762939453
PCA_MLP,4777,11.160049438476562,10.559459686279297
PCA_MLP,4778,10.467469215393066,10.503517150878906
PCA_MLP,4779,9.96869945526123,10.465118408203125
PCA_MLP,4780,9.891791343688965,11.1875
PCA_MLP,4781,10.770368576049805,10.506088256835938
PCA_MLP,4782,10.856935501098633,11.600408554077148
PCA_MLP,4783,11.127376556396484,10.216010093688965
PCA_MLP,4784,10.360333442687988,11.042757034301758
PCA_MLP,4785,10.928503036499023,10.77728271484375
PCA_MLP,4786,11.35765266418457,10.729369163513184
PCA_MLP,4787,11.497319221496582,10.911293029785156
PCA_MLP,4788,10.909976959228516,10.702674865722656
PCA_MLP,4789,10.657652854919434,11.603180885314941
PCA_MLP,4790,10.945368766784668,10.2194242477417
PCA_MLP,4791,10.760396957397461,10.832338333129883
PCA_MLP,4792,11.279857635498047,10.445965766906738
PCA_MLP,4793,11.486703872680664,10.897783279418945
PCA_MLP,4794,10.969095230102539,10.387918472290039
PCA_MLP,4795,10.950127601623535,10.177130699157715
PCA_MLP,4796,10.567617416381836,11.80517864227295
PCA_MLP,4797,10.460837364196777,9.971829414367676
PCA_MLP,4798,11.274240493774414,11.217766761779785
PCA_MLP,4799,10.389169692993164,10.87356185913086
PCA_MLP,4800,10.66675853729248,10.852170944213867
PCA_MLP,4801,10.360727310180664,10.792573928833008
PCA_MLP,4802,10.725479125976562,11.33123779296875
PCA_MLP,4803,11.349831581115723,10.80150318145752
PCA_MLP,4804,10.275080680847168,11.328376770019531
PCA_MLP,4805,11.093521118164062,11.387015342712402
PCA_MLP,4806,10.416691780090332,10.398946762084961
PCA_MLP,4807,10.843642234802246,10.411042213439941
PCA_MLP,4808,11.179109573364258,10.442769050598145
PCA_MLP,4809,10.676227569580078,9.950433731079102
PCA_MLP,4810,10.785063743591309,11.465900421142578
PCA_MLP,4811,11.384521484375,10.988868713378906
PCA_MLP,4812,10.758163452148438,10.863173484802246
PCA_MLP,4813,10.152750968933105,10.36166000366211
PCA_MLP,4814,10.88968563079834,11.408740997314453
PCA_MLP,4815,10.962818145751953,11.77409553527832
PCA_MLP,4816,10.123069763183594,10.726119995117188
PCA_MLP,4817,10.86004638671875,10.310585021972656
PCA_MLP,4818,10.471441268920898,11.604175567626953
PCA_MLP,4819,11.247068405151367,11.19710922241211
PCA_MLP,4820,11.133859634399414,10.393453598022461
PCA_MLP,4821,10.742997169494629,10.79542350769043
PCA_MLP,4822,10.945655822753906,10.974737167358398
PCA_MLP,4823,10.43108081817627,11.217287063598633
PCA_MLP,4824,10.776019096374512,10.59398365020752
PCA_MLP,4825,11.025089263916016,10.538328170776367
PCA_MLP,4826,11.563338279724121,10.436713218688965
PCA_MLP,4827,10.48768424987793,10.775003433227539
PCA_MLP,4828,11.94287395477295,10.992100715637207
PCA_MLP,4829,10.056182861328125,11.288148880004883
PCA_MLP,4830,10.045796394348145,10.271905899047852
PCA_MLP,4831,10.779549598693848,11.179601669311523
PCA_MLP,4832,11.374156951904297,10.275041580200195
PCA_MLP,4833,10.377758026123047,10.48397445678711
PCA_MLP,4834,10.332932472229004,11.48289680480957
PCA_MLP,4835,9.77617073059082,11.052705764770508
PCA_MLP,4836,11.290996551513672,10.957038879394531
PCA_MLP,4837,10.808098793029785,11.32247543334961
PCA_MLP,4838,11.01777172088623,10.83017349243164
PCA_MLP,4839,10.013842582702637,10.807901382446289
PCA_MLP,4840,11.199403762817383,11.602115631103516
PCA_MLP,4841,11.340415954589844,11.375507354736328
PCA_MLP,4842,11.484722137451172,10.71705150604248
PCA_MLP,4843,10.757121086120605,11.094088554382324
PCA_MLP,4844,9.83510684967041,10.550482749938965
PCA_MLP,4845,10.864330291748047,10.84355354309082
PCA_MLP,4846,10.722978591918945,10.803153991699219
PCA_MLP,4847,10.45149040222168,10.520779609680176
PCA_MLP,4848,11.15868091583252,11.343820571899414
PCA_MLP,4849,10.811883926391602,10.64504623413086
PCA_MLP,4850,11.262502670288086,10.567472457885742
PCA_MLP,4851,11.022978782653809,10.989124298095703
PCA_MLP,4852,10.702030181884766,10.855138778686523
PCA_MLP,4853,10.31024169921875,10.693832397460938
PCA_MLP,4854,10.918922424316406,10.460854530334473
PCA_MLP,4855,11.28402042388916,11.322894096374512
PCA_MLP,4856,10.747498512268066,10.720507621765137
PCA_MLP,4857,10.79991626739502,11.298149108886719
PCA_MLP,4858,10.400579452514648,10.351879119873047
PCA_MLP,4859,10.907999038696289,10.902626037597656
PCA_MLP,4860,10.809722900390625,11.295389175415039
PCA_MLP,4861,10.900508880615234,11.101215362548828
PCA_MLP,4862,10.771479606628418,10.102767944335938
PCA_MLP,4863,11.045215606689453,10.985605239868164
PCA_MLP,4864,11.226272583007812,11.250521659851074
PCA_MLP,4865,11.11090087890625,10.505859375
PCA_MLP,4866,12.51854133605957,10.447164535522461
PCA_MLP,4867,10.192375183105469,10.036192893981934
PCA_MLP,4868,10.672067642211914,10.96177864074707
PCA_MLP,4869,11.172104835510254,10.508255004882812
PCA_MLP,4870,11.092484474182129,10.952035903930664
PCA_MLP,4871,10.646748542785645,10.111896514892578
PCA_MLP,4872,10.715290069580078,11.222236633300781
PCA_MLP,4873,9.666240692138672,11.781975746154785
PCA_MLP,4874,10.777239799499512,11.7871732711792
PCA_MLP,4875,10.776856422424316,10.398180961608887
PCA_MLP,4876,10.763474464416504,10.398287773132324
PCA_MLP,4877,10.791420936584473,10.719274520874023
PCA_MLP,4878,11.106597900390625,10.529755592346191
PCA_MLP,4879,10.789979934692383,11.598353385925293
PCA_MLP,4880,10.300285339355469,9.910903930664062
PCA_MLP,4881,11.003107070922852,11.047853469848633
PCA_MLP,4882,11.144270896911621,10.530046463012695
PCA_MLP,4883,10.062145233154297,11.63677978515625
PCA_MLP,4884,10.57656478881836,10.70102596282959
PCA_MLP,4885,10.603131294250488,10.536270141601562
PCA_MLP,4886,11.445331573486328,10.441963195800781
PCA_MLP,4887,11.012436866760254,11.59179973602295
PCA_MLP,4888,11.321292877197266,10.240631103515625
PCA_MLP,4889,11.011849403381348,10.453262329101562
PCA_MLP,4890,11.493195533752441,10.87137508392334
PCA_MLP,4891,10.634164810180664,10.671539306640625
PCA_MLP,4892,10.541765213012695,10.712838172912598
PCA_MLP,4893,11.302834510803223,10.656570434570312
PCA_MLP,4894,10.251932144165039,10.184572219848633
PCA_MLP,4895,11.06984806060791,10.361372947692871
PCA_MLP,4896,10.62115478515625,11.303604125976562
PCA_MLP,4897,10.861597061157227,11.246749877929688
PCA_MLP,4898,10.099037170410156,10.33649730682373
PCA_MLP,4899,10.91649341583252,10.978740692138672
PCA_MLP,4900,10.612863540649414,10.589250564575195
PCA_MLP,4901,10.715665817260742,10.210391998291016
PCA_MLP,4902,10.974924087524414,11.502423286437988
PCA_MLP,4903,10.813531875610352,11.083333969116211
PCA_MLP,4904,10.55949592590332,10.252861022949219
PCA_MLP,4905,11.155007362365723,10.926313400268555
PCA_MLP,4906,11.219322204589844,10.341032028198242
PCA_MLP,4907,11.040103912353516,10.305697441101074
PCA_MLP,4908,10.06596565246582,10.537826538085938
PCA_MLP,4909,11.468935012817383,10.526891708374023
PCA_MLP,4910,11.256556510925293,10.908163070678711
PCA_MLP,4911,11.52171516418457,11.12713623046875
PCA_MLP,4912,11.564598083496094,10.459280967712402
PCA_MLP,4913,11.632993698120117,11.192108154296875
PCA_MLP,4914,10.829096794128418,11.986274719238281
PCA_MLP,4915,10.723140716552734,11.071087837219238
PCA_MLP,4916,11.244527816772461,10.670633316040039
PCA_MLP,4917,11.339847564697266,10.65512466430664
PCA_MLP,4918,11.681065559387207,10.89172077178955
PCA_MLP,4919,10.578351020812988,9.914663314819336
PCA_MLP,4920,10.443331718444824,10.899310111999512
PCA_MLP,4921,10.950159072875977,10.922122955322266
PCA_MLP,4922,10.761434555053711,10.86087417602539
PCA_MLP,4923,10.65969181060791,10.621408462524414
PCA_MLP,4924,10.649686813354492,11.066545486450195
PCA_MLP,4925,10.974210739135742,10.981853485107422
PCA_MLP,4926,10.823307991027832,10.567190170288086
PCA_MLP,4927,9.8046875,9.937189102172852
PCA_MLP,4928,10.394491195678711,10.753263473510742
PCA_MLP,4929,11.282008171081543,9.660360336303711
PCA_MLP,4930,10.62719440460205,10.768291473388672
PCA_MLP,4931,10.469944953918457,10.816873550415039
PCA_MLP,4932,10.641776084899902,11.162168502807617
PCA_MLP,4933,11.174211502075195,10.64816951751709
PCA_MLP,4934,11.005075454711914,10.609561920166016
PCA_MLP,4935,10.397226333618164,10.120882987976074
PCA_MLP,4936,10.70676040649414,10.8143892288208
PCA_MLP,4937,10.915813446044922,10.435365676879883
PCA_MLP,4938,10.970190048217773,10.289644241333008
PCA_MLP,4939,11.094057083129883,9.652036666870117
PCA_MLP,4940,10.375550270080566,11.251764297485352
PCA_MLP,4941,10.125520706176758,10.766335487365723
PCA_MLP,4942,10.28010368347168,10.186190605163574
PCA_MLP,4943,10.895706176757812,10.533491134643555
PCA_MLP,4944,10.426609992980957,10.640514373779297
PCA_MLP,4945,10.888040542602539,11.28083324432373
PCA_MLP,4946,10.408886909484863,10.850217819213867
PCA_MLP,4947,11.259038925170898,10.404997825622559
PCA_MLP,4948,10.07766056060791,10.34819221496582
PCA_MLP,4949,10.952695846557617,10.983022689819336
PCA_MLP,4950,11.438883781433105,10.73406982421875
PCA_MLP,4951,11.105746269226074,10.490486145019531
PCA_MLP,4952,11.01152515411377,10.188332557678223
PCA_MLP,4953,10.954508781433105,10.602246284484863
PCA_MLP,4954,11.88211727142334,11.096931457519531
PCA_MLP,4955,10.346051216125488,11.364459991455078
PCA_MLP,4956,11.066768646240234,11.34654712677002
PCA_MLP,4957,10.061563491821289,10.79094409942627
PCA_MLP,4958,11.398971557617188,10.093862533569336
PCA_MLP,4959,10.862068176269531,10.148002624511719
PCA_MLP,4960,10.781266212463379,11.419794082641602
PCA_MLP,4961,10.452376365661621,11.008251190185547
PCA_MLP,4962,11.265246391296387,11.088563919067383
PCA_MLP,4963,11.728128433227539,11.611722946166992
PCA_MLP,4964,10.493093490600586,10.620821952819824
PCA_MLP,4965,10.509162902832031,10.604511260986328
PCA_MLP,4966,10.95179557800293,11.109729766845703
PCA_MLP,4967,10.065011978149414,10.663566589355469
PCA_MLP,4968,11.721231460571289,10.12987995147705
PCA_MLP,4969,10.685291290283203,10.739864349365234
PCA_MLP,4970,10.704236030578613,10.738089561462402
PCA_MLP,4971,11.401347160339355,11.900529861450195
PCA_MLP,4972,10.868703842163086,10.326410293579102
PCA_MLP,4973,10.518451690673828,10.52241325378418
PCA_MLP,4974,11.092253684997559,10.655388832092285
PCA_MLP,4975,10.277351379394531,11.089850425720215
PCA_MLP,4976,10.561416625976562,11.249608993530273
PCA_MLP,4977,11.28152084350586,10.859330177307129
PCA_MLP,4978,11.819841384887695,10.404367446899414
PCA_MLP,4979,10.56937313079834,11.164705276489258
PCA_MLP,4980,11.544097900390625,10.30978012084961
PCA_MLP,4981,10.451502799987793,11.148422241210938
PCA_MLP,4982,11.043445587158203,11.548277854919434
PCA_MLP,4983,10.817030906677246,10.141021728515625
PCA_MLP,4984,11.37279987335205,10.331993103027344
PCA_MLP,4985,11.341533660888672,11.244974136352539
PCA_MLP,4986,10.203630447387695,11.518269538879395
PCA_MLP,4987,11.159433364868164,10.587142944335938
PCA_MLP,4988,10.906311988830566,10.538182258605957
PCA_MLP,4989,12.092572212219238,10.440458297729492
PCA_MLP,4990,11.208208084106445,11.042572021484375
PCA_MLP,4991,10.95873737335205,11.314743995666504
PCA_MLP,4992,10.392789840698242,10.406942367553711
PCA_MLP,4993,10.748064994812012,11.082552909851074
PCA_MLP,4994,11.424912452697754,11.590275764465332
PCA_MLP,4995,10.36037826538086,10.822580337524414
PCA_MLP,4996,10.872075080871582,10.194279670715332
PCA_MLP,4997,10.64156723022461,9.869205474853516
PCA_MLP,4998,11.181434631347656,10.663435935974121
PCA_MLP,4999,11.374862670898438,10.872903823852539
