Model,Epoch,TrainLoss,ValLoss
PCAMLP,0,2884.361083984375,1240.5084228515625
PCAMLP,1,1246.3258056640625,1259.3311767578125
PCAMLP,2,1263.652099609375,1254.696044921875
PCAMLP,3,1256.5762939453125,1262.509033203125
PCAMLP,4,1278.487060546875,1291.5948486328125
PCAMLP,5,1280.68359375,1300.113037109375
PCAMLP,6,1289.5855712890625,1287.366455078125
PCAMLP,7,1281.068603515625,1290.371826171875
PCAMLP,8,1289.559326171875,1288.0909423828125
PCAMLP,9,1292.1312255859375,1286.7313232421875
PCAMLP,10,1278.079345703125,1284.1077880859375
PCAMLP,11,1284.4527587890625,1266.10205078125
PCAMLP,12,1274.050048828125,1254.7528076171875
PCAMLP,13,1261.2718505859375,1257.5357666015625
PCAMLP,14,1265.4354248046875,1247.3585205078125
PCAMLP,15,1254.794189453125,1238.828369140625
PCAMLP,16,1238.2127685546875,1236.9251708984375
PCAMLP,17,1248.7755126953125,1223.9381103515625
PCAMLP,18,1236.5123291015625,1233.1915283203125
PCAMLP,19,1233.7454833984375,1225.8758544921875
PCAMLP,20,1220.0570068359375,1220.8697509765625
PCAMLP,21,1225.059326171875,1234.58447265625
PCAMLP,22,1232.57080078125,1222.422607421875
PCAMLP,23,1217.8055419921875,1220.6173095703125
PCAMLP,24,1220.1490478515625,1217.89111328125
PCAMLP,25,1222.0177001953125,1218.391845703125
PCAMLP,26,1217.216796875,1213.7249755859375
PCAMLP,27,1222.1837158203125,1222.1375732421875
PCAMLP,28,1211.3870849609375,1211.8553466796875
PCAMLP,29,1213.1396484375,1223.2515869140625
PCAMLP,30,1216.1365966796875,1207.600830078125
PCAMLP,31,1215.926025390625,1217.2823486328125
PCAMLP,32,1220.953125,1212.50244140625
PCAMLP,33,1212.339599609375,1216.668701171875
PCAMLP,34,1203.7958984375,1206.9307861328125
PCAMLP,35,1217.6279296875,1209.642578125
PCAMLP,36,1205.8470458984375,1209.3336181640625
PCAMLP,37,1214.8001708984375,1218.436279296875
PCAMLP,38,1206.4281005859375,1215.3206787109375
PCAMLP,39,1216.7650146484375,1207.5712890625
PCAMLP,40,1207.5860595703125,1205.26953125
PCAMLP,41,1211.9906005859375,1210.5281982421875
PCAMLP,42,1200.8720703125,1198.975830078125
PCAMLP,43,1207.195556640625,1211.0850830078125
PCAMLP,44,1198.0733642578125,1202.447265625
PCAMLP,45,1211.1246337890625,1203.1265869140625
PCAMLP,46,1200.581787109375,1207.9403076171875
PCAMLP,47,1204.4566650390625,1197.5257568359375
PCAMLP,48,1201.912109375,1198.0595703125
PCAMLP,49,1194.0653076171875,1202.6680908203125
PCAMLP,50,1213.12158203125,1207.3055419921875
PCAMLP,51,1197.9149169921875,1199.4326171875
PCAMLP,52,1199.142578125,1201.1195068359375
PCAMLP,53,1200.5474853515625,1206.7635498046875
PCAMLP,54,1205.943115234375,1208.3515625
PCAMLP,55,1196.8843994140625,1203.38427734375
PCAMLP,56,1199.289306640625,1206.685546875
PCAMLP,57,1199.56005859375,1196.275146484375
PCAMLP,58,1197.5185546875,1201.77783203125
PCAMLP,59,1198.804931640625,1202.0076904296875
PCAMLP,60,1194.37890625,1196.4613037109375
PCAMLP,61,1203.3453369140625,1194.6322021484375
PCAMLP,62,1189.5845947265625,1190.0762939453125
PCAMLP,63,1197.2698974609375,1193.7191162109375
PCAMLP,64,1195.2025146484375,1189.0748291015625
PCAMLP,65,1200.15576171875,1197.3238525390625
PCAMLP,66,1193.90185546875,1194.0869140625
PCAMLP,67,1198.9071044921875,1201.8870849609375
PCAMLP,68,1202.247802734375,1195.5091552734375
PCAMLP,69,1203.934326171875,1196.801025390625
PCAMLP,70,1194.723388671875,1198.02685546875
PCAMLP,71,1193.6005859375,1198.153076171875
PCAMLP,72,1196.550048828125,1196.6944580078125
PCAMLP,73,1196.739501953125,1190.934814453125
PCAMLP,74,1197.95361328125,1189.6805419921875
PCAMLP,75,1197.2642822265625,1185.3653564453125
PCAMLP,76,1204.5772705078125,1201.1971435546875
PCAMLP,77,1194.42236328125,1189.99169921875
PCAMLP,78,1199.10986328125,1193.0985107421875
PCAMLP,79,1206.258056640625,1201.873046875
PCAMLP,80,1191.812255859375,1195.787353515625
PCAMLP,81,1193.072265625,1196.304443359375
PCAMLP,82,1196.0179443359375,1199.318359375
PCAMLP,83,1202.4849853515625,1204.13525390625
PCAMLP,84,1202.0675048828125,1196.117919921875
PCAMLP,85,1201.9185791015625,1188.107177734375
PCAMLP,86,1197.2003173828125,1195.4322509765625
PCAMLP,87,1194.6964111328125,1183.3170166015625
PCAMLP,88,1198.592529296875,1187.63037109375
PCAMLP,89,1203.9390869140625,1191.4180908203125
PCAMLP,90,1188.454345703125,1186.8487548828125
PCAMLP,91,1203.382568359375,1177.082763671875
PCAMLP,92,1198.4105224609375,1190.230224609375
PCAMLP,93,1189.8486328125,1197.6737060546875
PCAMLP,94,1197.465087890625,1200.8197021484375
PCAMLP,95,1188.4425048828125,1202.496337890625
PCAMLP,96,1182.9844970703125,1193.8887939453125
PCAMLP,97,1192.2667236328125,1188.62548828125
PCAMLP,98,1194.3973388671875,1194.560791015625
PCAMLP,99,1190.9212646484375,1191.3841552734375
PCAMLP,100,1191.3897705078125,1187.6719970703125
PCAMLP,101,1199.0626220703125,1189.64599609375
PCAMLP,102,1181.6907958984375,1204.06103515625
PCAMLP,103,1199.5120849609375,1191.328857421875
PCAMLP,104,1187.20556640625,1195.5272216796875
PCAMLP,105,1185.4283447265625,1193.1060791015625
PCAMLP,106,1189.4259033203125,1189.5543212890625
PCAMLP,107,1185.8935546875,1188.103271484375
PCAMLP,108,1198.0621337890625,1195.309326171875
PCAMLP,109,1188.2740478515625,1197.1268310546875
PCAMLP,110,1193.872802734375,1183.1312255859375
PCAMLP,111,1197.4520263671875,1177.914306640625
PCAMLP,112,1185.8616943359375,1182.00732421875
PCAMLP,113,1193.52001953125,1185.76953125
PCAMLP,114,1178.94287109375,1189.1063232421875
PCAMLP,115,1194.3594970703125,1189.5340576171875
PCAMLP,116,1191.357421875,1193.6422119140625
PCAMLP,117,1195.0374755859375,1188.3509521484375
PCAMLP,118,1186.883544921875,1190.666748046875
PCAMLP,119,1187.901611328125,1181.6072998046875
PCAMLP,120,1189.07958984375,1188.8897705078125
PCAMLP,121,1182.9859619140625,1192.8480224609375
PCAMLP,122,1185.2490234375,1192.17822265625
PCAMLP,123,1185.1485595703125,1186.663330078125
PCAMLP,124,1187.62890625,1190.62255859375
PCAMLP,125,1181.875,1182.68115234375
PCAMLP,126,1189.8782958984375,1192.595947265625
PCAMLP,127,1186.9278564453125,1188.102294921875
PCAMLP,128,1195.2056884765625,1182.8505859375
PCAMLP,129,1192.0030517578125,1194.2923583984375
PCAMLP,130,1181.5869140625,1187.9625244140625
PCAMLP,131,1190.2210693359375,1177.62255859375
PCAMLP,132,1190.0616455078125,1186.3167724609375
PCAMLP,133,1187.71484375,1196.5401611328125
PCAMLP,134,1189.1463623046875,1191.6580810546875
PCAMLP,135,1181.9971923828125,1188.755615234375
PCAMLP,136,1191.60302734375,1194.4927978515625
PCAMLP,137,1189.88818359375,1182.7872314453125
PCAMLP,138,1201.1275634765625,1189.9664306640625
PCAMLP,139,1182.6129150390625,1190.27197265625
PCAMLP,140,1193.0535888671875,1188.3170166015625
PCAMLP,141,1185.9365234375,1179.6488037109375
PCAMLP,142,1192.6507568359375,1191.226318359375
PCAMLP,143,1187.3193359375,1192.0623779296875
PCAMLP,144,1194.078857421875,1188.60986328125
PCAMLP,145,1198.7415771484375,1185.01025390625
PCAMLP,146,1179.37451171875,1190.76611328125
PCAMLP,147,1187.9515380859375,1179.7337646484375
PCAMLP,148,1192.4195556640625,1187.1270751953125
PCAMLP,149,1182.86962890625,1183.102783203125
PCAMLP,150,1179.54052734375,1190.177734375
PCAMLP,151,1178.5330810546875,1183.8912353515625
PCAMLP,152,1193.3126220703125,1183.777587890625
PCAMLP,153,1178.5184326171875,1186.2938232421875
PCAMLP,154,1178.5001220703125,1183.8485107421875
PCAMLP,155,1182.4769287109375,1189.209228515625
PCAMLP,156,1188.45654296875,1185.5325927734375
PCAMLP,157,1185.6624755859375,1194.06884765625
PCAMLP,158,1181.748779296875,1174.8377685546875
PCAMLP,159,1198.9835205078125,1173.3907470703125
PCAMLP,160,1188.3865966796875,1189.6363525390625
PCAMLP,161,1186.640380859375,1184.906982421875
PCAMLP,162,1188.4456787109375,1182.93896484375
PCAMLP,163,1188.50830078125,1181.3377685546875
PCAMLP,164,1198.989501953125,1183.760986328125
PCAMLP,165,1184.27734375,1171.1151123046875
PCAMLP,166,1184.808837890625,1189.3897705078125
PCAMLP,167,1181.5535888671875,1195.4755859375
PCAMLP,168,1182.1478271484375,1187.5023193359375
PCAMLP,169,1170.3695068359375,1191.4560546875
PCAMLP,170,1185.6483154296875,1179.662841796875
PCAMLP,171,1190.1937255859375,1194.5296630859375
PCAMLP,172,1177.94091796875,1185.1500244140625
PCAMLP,173,1176.996337890625,1179.725341796875
PCAMLP,174,1188.01708984375,1183.466064453125
PCAMLP,175,1180.6365966796875,1189.302734375
PCAMLP,176,1180.153076171875,1181.457275390625
PCAMLP,177,1181.2835693359375,1185.5450439453125
PCAMLP,178,1179.5628662109375,1195.7335205078125
PCAMLP,179,1186.1202392578125,1177.0673828125
PCAMLP,180,1186.58154296875,1184.1446533203125
PCAMLP,181,1191.4815673828125,1185.0531005859375
PCAMLP,182,1178.8885498046875,1197.1195068359375
PCAMLP,183,1187.6375732421875,1183.2403564453125
PCAMLP,184,1182.9832763671875,1180.7069091796875
PCAMLP,185,1177.0555419921875,1189.4033203125
PCAMLP,186,1180.3995361328125,1189.1146240234375
PCAMLP,187,1198.3980712890625,1184.623046875
PCAMLP,188,1182.291748046875,1187.9471435546875
PCAMLP,189,1178.8419189453125,1191.9425048828125
PCAMLP,190,1180.666748046875,1181.166259765625
PCAMLP,191,1181.9354248046875,1177.3131103515625
PCAMLP,192,1181.518310546875,1172.7921142578125
PCAMLP,193,1179.59716796875,1184.8065185546875
PCAMLP,194,1185.4486083984375,1177.3472900390625
PCAMLP,195,1180.6263427734375,1181.4981689453125
PCAMLP,196,1178.1231689453125,1178.10107421875
PCAMLP,197,1188.59326171875,1184.5240478515625
PCAMLP,198,1186.1005859375,1182.4677734375
PCAMLP,199,1171.0592041015625,1179.2713623046875
PCAMLP,200,1185.7467041015625,1174.0057373046875
PCAMLP,201,1179.1993408203125,1183.5810546875
PCAMLP,202,1177.177001953125,1182.8441162109375
PCAMLP,203,1176.1781005859375,1176.10302734375
PCAMLP,204,1180.737060546875,1179.152587890625
PCAMLP,205,1184.446533203125,1186.679931640625
PCAMLP,206,1191.694580078125,1183.591064453125
PCAMLP,207,1175.2093505859375,1183.6190185546875
PCAMLP,208,1183.531005859375,1186.125
PCAMLP,209,1184.6715087890625,1181.8341064453125
PCAMLP,210,1182.5626220703125,1186.3111572265625
PCAMLP,211,1176.4635009765625,1181.49853515625
PCAMLP,212,1191.862548828125,1183.413330078125
PCAMLP,213,1173.5147705078125,1174.258544921875
PCAMLP,214,1181.94140625,1176.632080078125
PCAMLP,215,1175.007568359375,1191.6085205078125
PCAMLP,216,1182.020751953125,1179.4105224609375
PCAMLP,217,1178.12451171875,1180.07177734375
PCAMLP,218,1184.6776123046875,1186.917724609375
PCAMLP,219,1183.42578125,1183.07958984375
PCAMLP,220,1189.3240966796875,1180.2603759765625
PCAMLP,221,1184.847412109375,1182.167724609375
PCAMLP,222,1177.1905517578125,1180.00537109375
PCAMLP,223,1180.9710693359375,1182.716064453125
PCAMLP,224,1180.162841796875,1183.1090087890625
PCAMLP,225,1184.92138671875,1180.739501953125
PCAMLP,226,1179.29736328125,1174.324462890625
PCAMLP,227,1180.8770751953125,1185.020751953125
PCAMLP,228,1182.276123046875,1182.86083984375
PCAMLP,229,1183.9505615234375,1178.5980224609375
PCAMLP,230,1178.1636962890625,1183.3892822265625
PCAMLP,231,1187.27001953125,1180.760498046875
PCAMLP,232,1181.2177734375,1198.121337890625
PCAMLP,233,1182.623779296875,1181.8135986328125
PCAMLP,234,1178.8389892578125,1177.1153564453125
PCAMLP,235,1185.30126953125,1179.273681640625
PCAMLP,236,1186.7060546875,1183.452880859375
PCAMLP,237,1181.128662109375,1173.898681640625
PCAMLP,238,1176.080810546875,1179.700439453125
PCAMLP,239,1185.998046875,1177.7938232421875
PCAMLP,240,1179.731201171875,1177.5096435546875
PCAMLP,241,1182.6881103515625,1179.4932861328125
PCAMLP,242,1176.5274658203125,1178.0496826171875
PCAMLP,243,1177.946044921875,1172.7552490234375
PCAMLP,244,1179.8106689453125,1185.9840087890625
PCAMLP,245,1173.648681640625,1181.8858642578125
PCAMLP,246,1177.4591064453125,1171.1070556640625
PCAMLP,247,1189.9443359375,1177.084716796875
PCAMLP,248,1175.322021484375,1180.3865966796875
PCAMLP,249,1181.962890625,1190.2275390625
PCAMLP,250,1178.77001953125,1177.0372314453125
PCAMLP,251,1174.9971923828125,1188.8914794921875
PCAMLP,252,1183.268310546875,1177.21875
PCAMLP,253,1184.0745849609375,1177.2052001953125
PCAMLP,254,1172.04345703125,1181.0782470703125
PCAMLP,255,1175.4759521484375,1177.6466064453125
PCAMLP,256,1176.4095458984375,1175.1998291015625
PCAMLP,257,1174.3250732421875,1174.8291015625
PCAMLP,258,1179.6947021484375,1181.9412841796875
PCAMLP,259,1185.4197998046875,1184.2459716796875
PCAMLP,260,1180.699462890625,1180.677001953125
PCAMLP,261,1183.5426025390625,1179.7313232421875
PCAMLP,262,1181.391845703125,1185.2935791015625
PCAMLP,263,1181.4810791015625,1188.7060546875
PCAMLP,264,1170.5980224609375,1184.8050537109375
PCAMLP,265,1180.7667236328125,1179.32080078125
PCAMLP,266,1177.5078125,1181.3988037109375
PCAMLP,267,1169.5067138671875,1182.449462890625
PCAMLP,268,1180.6619873046875,1180.9306640625
PCAMLP,269,1180.756591796875,1189.365234375
PCAMLP,270,1174.7022705078125,1176.879150390625
PCAMLP,271,1177.17578125,1187.842041015625
PCAMLP,272,1184.8536376953125,1178.31884765625
PCAMLP,273,1182.1456298828125,1182.3984375
PCAMLP,274,1175.818603515625,1175.788330078125
PCAMLP,275,1177.110107421875,1173.224853515625
PCAMLP,276,1180.5693359375,1177.3955078125
PCAMLP,277,1185.8721923828125,1180.4866943359375
PCAMLP,278,1179.8687744140625,1178.6070556640625
PCAMLP,279,1179.4237060546875,1177.8043212890625
PCAMLP,280,1181.454833984375,1167.501708984375
PCAMLP,281,1180.420654296875,1178.70458984375
PCAMLP,282,1175.2119140625,1178.7918701171875
PCAMLP,283,1177.724365234375,1180.5975341796875
PCAMLP,284,1169.395751953125,1179.6910400390625
PCAMLP,285,1181.4779052734375,1176.5355224609375
PCAMLP,286,1168.1094970703125,1173.6812744140625
PCAMLP,287,1184.311279296875,1180.1328125
PCAMLP,288,1171.0595703125,1174.0545654296875
PCAMLP,289,1174.934814453125,1176.19775390625
PCAMLP,290,1186.1053466796875,1183.5843505859375
PCAMLP,291,1182.4173583984375,1181.9283447265625
PCAMLP,292,1175.348388671875,1182.6368408203125
PCAMLP,293,1169.4854736328125,1179.464111328125
PCAMLP,294,1178.66357421875,1180.082275390625
PCAMLP,295,1170.0101318359375,1174.3348388671875
PCAMLP,296,1173.7724609375,1178.567138671875
PCAMLP,297,1172.182861328125,1174.056396484375
PCAMLP,298,1177.3870849609375,1176.8114013671875
PCAMLP,299,1173.7177734375,1179.04833984375
PCAMLP,300,1177.9334716796875,1174.1728515625
PCAMLP,301,1180.8890380859375,1181.46630859375
PCAMLP,302,1176.653564453125,1182.7066650390625
PCAMLP,303,1177.76708984375,1179.139892578125
PCAMLP,304,1174.3189697265625,1182.5462646484375
PCAMLP,305,1173.3885498046875,1182.786865234375
PCAMLP,306,1178.8272705078125,1173.6783447265625
PCAMLP,307,1179.4827880859375,1174.5772705078125
PCAMLP,308,1182.7022705078125,1176.3343505859375
PCAMLP,309,1180.423828125,1181.746826171875
PCAMLP,310,1174.050537109375,1183.0733642578125
PCAMLP,311,1177.4976806640625,1184.1217041015625
PCAMLP,312,1185.6810302734375,1171.09326171875
PCAMLP,313,1175.3135986328125,1174.9984130859375
PCAMLP,314,1173.45166015625,1171.9765625
PCAMLP,315,1176.3160400390625,1178.791748046875
PCAMLP,316,1171.7637939453125,1181.1903076171875
PCAMLP,317,1185.5140380859375,1178.8486328125
PCAMLP,318,1190.45751953125,1178.934814453125
PCAMLP,319,1178.2952880859375,1178.8267822265625
PCAMLP,320,1178.6688232421875,1187.4951171875
PCAMLP,321,1178.12548828125,1179.083251953125
PCAMLP,322,1172.62158203125,1180.85205078125
PCAMLP,323,1177.068603515625,1172.8153076171875
PCAMLP,324,1175.22412109375,1177.68408203125
PCAMLP,325,1167.87841796875,1186.8958740234375
PCAMLP,326,1187.9718017578125,1175.8050537109375
PCAMLP,327,1179.9627685546875,1176.1119384765625
PCAMLP,328,1182.2581787109375,1181.962890625
PCAMLP,329,1189.4918212890625,1177.754638671875
PCAMLP,330,1174.716064453125,1172.5025634765625
PCAMLP,331,1180.009521484375,1189.8021240234375
PCAMLP,332,1180.97900390625,1170.4527587890625
PCAMLP,333,1168.83203125,1171.4091796875
PCAMLP,334,1178.7105712890625,1178.1983642578125
PCAMLP,335,1179.5355224609375,1177.04833984375
PCAMLP,336,1174.5733642578125,1177.502685546875
PCAMLP,337,1183.0045166015625,1176.9908447265625
PCAMLP,338,1169.9334716796875,1177.7176513671875
PCAMLP,339,1180.822021484375,1184.9927978515625
PCAMLP,340,1180.79150390625,1183.8121337890625
PCAMLP,341,1169.66455078125,1178.149169921875
PCAMLP,342,1172.7965087890625,1176.63525390625
PCAMLP,343,1177.6710205078125,1180.5345458984375
PCAMLP,344,1183.809814453125,1178.7633056640625
PCAMLP,345,1183.7279052734375,1183.5948486328125
PCAMLP,346,1171.5457763671875,1173.229736328125
PCAMLP,347,1176.2449951171875,1181.89599609375
PCAMLP,348,1175.5003662109375,1179.76708984375
PCAMLP,349,1170.470703125,1179.1221923828125
PCAMLP,350,1172.560302734375,1182.255615234375
PCAMLP,351,1178.2757568359375,1174.9964599609375
PCAMLP,352,1177.339111328125,1180.8599853515625
PCAMLP,353,1180.931640625,1178.0377197265625
PCAMLP,354,1177.2718505859375,1173.1495361328125
PCAMLP,355,1176.4486083984375,1179.743408203125
PCAMLP,356,1175.77734375,1174.972900390625
PCAMLP,357,1181.41650390625,1177.344970703125
PCAMLP,358,1173.2340087890625,1176.037353515625
PCAMLP,359,1180.1390380859375,1179.364013671875
PCAMLP,360,1167.8070068359375,1171.1671142578125
PCAMLP,361,1171.66357421875,1181.4852294921875
PCAMLP,362,1177.7318115234375,1184.8037109375
PCAMLP,363,1168.9703369140625,1176.5413818359375
PCAMLP,364,1163.1173095703125,1176.7286376953125
PCAMLP,365,1174.175048828125,1180.2957763671875
PCAMLP,366,1184.9937744140625,1180.0435791015625
PCAMLP,367,1167.0504150390625,1175.124267578125
PCAMLP,368,1177.8338623046875,1173.97900390625
PCAMLP,369,1179.382080078125,1174.177001953125
PCAMLP,370,1170.5146484375,1181.3953857421875
PCAMLP,371,1178.099365234375,1175.565673828125
PCAMLP,372,1172.0108642578125,1174.3358154296875
PCAMLP,373,1171.7930908203125,1179.0457763671875
PCAMLP,374,1182.27978515625,1181.7103271484375
PCAMLP,375,1172.91552734375,1177.9700927734375
PCAMLP,376,1170.65234375,1179.894287109375
PCAMLP,377,1176.8680419921875,1177.9403076171875
PCAMLP,378,1172.7520751953125,1171.3746337890625
PCAMLP,379,1175.6153564453125,1182.7891845703125
PCAMLP,380,1175.1632080078125,1174.8134765625
PCAMLP,381,1170.326416015625,1177.4522705078125
PCAMLP,382,1183.404541015625,1181.544921875
PCAMLP,383,1191.402587890625,1177.5626220703125
PCAMLP,384,1177.1920166015625,1180.986083984375
PCAMLP,385,1172.447021484375,1173.9306640625
PCAMLP,386,1168.2674560546875,1177.3883056640625
PCAMLP,387,1178.363037109375,1178.8138427734375
PCAMLP,388,1181.3623046875,1179.8482666015625
PCAMLP,389,1184.362548828125,1182.906005859375
PCAMLP,390,1180.6807861328125,1174.6483154296875
PCAMLP,391,1178.87109375,1172.53857421875
PCAMLP,392,1168.6484375,1179.2843017578125
PCAMLP,393,1178.4803466796875,1170.2626953125
PCAMLP,394,1181.9906005859375,1179.99951171875
PCAMLP,395,1166.8831787109375,1179.7762451171875
PCAMLP,396,1183.632080078125,1172.2652587890625
PCAMLP,397,1175.391357421875,1180.554443359375
PCAMLP,398,1173.088623046875,1177.31689453125
PCAMLP,399,1176.6165771484375,1172.0009765625
PCAMLP,400,1182.6976318359375,1165.9415283203125
PCAMLP,401,1175.94287109375,1174.8138427734375
PCAMLP,402,1173.061767578125,1173.64892578125
PCAMLP,403,1176.31103515625,1167.4517822265625
PCAMLP,404,1176.5345458984375,1168.8489990234375
PCAMLP,405,1175.349609375,1168.4610595703125
PCAMLP,406,1183.391845703125,1183.353759765625
PCAMLP,407,1175.891845703125,1174.4500732421875
PCAMLP,408,1181.832275390625,1170.82177734375
PCAMLP,409,1176.87109375,1171.762939453125
PCAMLP,410,1181.3680419921875,1177.58740234375
PCAMLP,411,1171.5496826171875,1182.43701171875
PCAMLP,412,1181.711669921875,1183.289306640625
PCAMLP,413,1175.6619873046875,1170.039794921875
PCAMLP,414,1172.233642578125,1179.1748046875
PCAMLP,415,1179.155517578125,1163.7431640625
PCAMLP,416,1178.0748291015625,1170.14404296875
PCAMLP,417,1177.0416259765625,1180.107421875
PCAMLP,418,1166.89404296875,1173.5081787109375
PCAMLP,419,1172.8719482421875,1175.0936279296875
PCAMLP,420,1182.365478515625,1175.3968505859375
PCAMLP,421,1171.7076416015625,1179.908447265625
PCAMLP,422,1168.4688720703125,1171.0440673828125
PCAMLP,423,1177.8499755859375,1178.622802734375
PCAMLP,424,1172.5703125,1170.8590087890625
PCAMLP,425,1168.3580322265625,1184.9580078125
PCAMLP,426,1179.2125244140625,1179.7828369140625
PCAMLP,427,1171.7833251953125,1180.9453125
PCAMLP,428,1174.696044921875,1182.688720703125
PCAMLP,429,1183.883056640625,1170.0667724609375
PCAMLP,430,1169.045166015625,1172.228271484375
PCAMLP,431,1177.320556640625,1173.028076171875
PCAMLP,432,1165.96630859375,1179.969970703125
PCAMLP,433,1179.1748046875,1173.06884765625
PCAMLP,434,1178.3084716796875,1166.5521240234375
PCAMLP,435,1186.3255615234375,1177.635986328125
PCAMLP,436,1178.6380615234375,1173.674072265625
PCAMLP,437,1177.2353515625,1171.8494873046875
PCAMLP,438,1171.79150390625,1178.2147216796875
PCAMLP,439,1175.370361328125,1174.1180419921875
PCAMLP,440,1173.33740234375,1174.3011474609375
PCAMLP,441,1176.8260498046875,1166.0838623046875
PCAMLP,442,1186.978515625,1180.2625732421875
PCAMLP,443,1173.92236328125,1166.3404541015625
PCAMLP,444,1183.6917724609375,1171.27490234375
PCAMLP,445,1165.976318359375,1180.372314453125
PCAMLP,446,1164.518798828125,1168.8660888671875
PCAMLP,447,1174.4033203125,1176.345458984375
PCAMLP,448,1176.34326171875,1176.912841796875
PCAMLP,449,1178.47900390625,1169.624755859375
PCAMLP,450,1174.3060302734375,1177.10888671875
PCAMLP,451,1172.32080078125,1177.791748046875
PCAMLP,452,1167.6390380859375,1167.1854248046875
PCAMLP,453,1175.18359375,1176.548095703125
PCAMLP,454,1178.6666259765625,1175.5115966796875
PCAMLP,455,1175.99951171875,1173.5948486328125
PCAMLP,456,1171.1138916015625,1177.967041015625
PCAMLP,457,1169.0853271484375,1180.3675537109375
PCAMLP,458,1171.2193603515625,1172.943115234375
PCAMLP,459,1173.216552734375,1178.7508544921875
PCAMLP,460,1183.5345458984375,1176.3695068359375
PCAMLP,461,1179.533935546875,1176.6612548828125
PCAMLP,462,1179.19970703125,1176.3995361328125
PCAMLP,463,1176.0758056640625,1191.541015625
PCAMLP,464,1179.0489501953125,1174.907958984375
PCAMLP,465,1173.532470703125,1181.1253662109375
PCAMLP,466,1173.5042724609375,1174.5872802734375
PCAMLP,467,1175.2022705078125,1168.435546875
PCAMLP,468,1177.026123046875,1174.2265625
PCAMLP,469,1179.846435546875,1183.580810546875
PCAMLP,470,1173.6240234375,1173.183837890625
PCAMLP,471,1167.080322265625,1174.3546142578125
PCAMLP,472,1178.41650390625,1169.8687744140625
PCAMLP,473,1170.3828125,1169.5048828125
PCAMLP,474,1171.6702880859375,1177.069091796875
PCAMLP,475,1169.468017578125,1173.8800048828125
PCAMLP,476,1180.2823486328125,1173.86279296875
PCAMLP,477,1173.2353515625,1175.44482421875
PCAMLP,478,1175.9405517578125,1180.1864013671875
PCAMLP,479,1182.8834228515625,1172.7618408203125
PCAMLP,480,1170.499755859375,1169.9786376953125
PCAMLP,481,1173.2943115234375,1179.84130859375
PCAMLP,482,1183.7462158203125,1175.7974853515625
PCAMLP,483,1172.1505126953125,1177.619873046875
PCAMLP,484,1175.466796875,1179.3792724609375
PCAMLP,485,1172.996826171875,1171.07470703125
PCAMLP,486,1169.3480224609375,1175.4892578125
PCAMLP,487,1176.6329345703125,1173.53173828125
PCAMLP,488,1188.735107421875,1178.162841796875
PCAMLP,489,1170.0538330078125,1170.5770263671875
PCAMLP,490,1173.6915283203125,1179.4747314453125
PCAMLP,491,1177.507080078125,1173.2900390625
PCAMLP,492,1170.9945068359375,1170.0347900390625
PCAMLP,493,1175.4671630859375,1179.99658203125
PCAMLP,494,1181.1795654296875,1170.603271484375
PCAMLP,495,1178.6358642578125,1175.0889892578125
PCAMLP,496,1168.9658203125,1171.417236328125
PCAMLP,497,1165.9129638671875,1164.8873291015625
PCAMLP,498,1178.203857421875,1167.697509765625
PCAMLP,499,1173.1094970703125,1171.4879150390625
PCAMLP,500,1176.2330322265625,1167.8446044921875
PCAMLP,501,1185.34326171875,1182.317626953125
PCAMLP,502,1177.908203125,1176.800048828125
PCAMLP,503,1171.7647705078125,1169.4368896484375
PCAMLP,504,1173.54150390625,1177.658447265625
PCAMLP,505,1179.4403076171875,1179.92333984375
PCAMLP,506,1176.1595458984375,1172.8133544921875
PCAMLP,507,1173.0118408203125,1171.830078125
PCAMLP,508,1178.2396240234375,1176.5023193359375
PCAMLP,509,1181.7008056640625,1179.6900634765625
PCAMLP,510,1173.5189208984375,1182.1802978515625
PCAMLP,511,1174.477294921875,1176.31103515625
PCAMLP,512,1176.456298828125,1174.2135009765625
PCAMLP,513,1182.03662109375,1173.4080810546875
PCAMLP,514,1179.208984375,1174.4266357421875
PCAMLP,515,1172.4625244140625,1164.9014892578125
PCAMLP,516,1170.5653076171875,1171.7752685546875
PCAMLP,517,1176.4385986328125,1177.979248046875
PCAMLP,518,1177.19775390625,1169.5352783203125
PCAMLP,519,1174.86572265625,1173.239013671875
PCAMLP,520,1181.2523193359375,1177.3818359375
PCAMLP,521,1169.0615234375,1172.8316650390625
PCAMLP,522,1179.350341796875,1181.6175537109375
PCAMLP,523,1168.8602294921875,1177.9981689453125
PCAMLP,524,1173.307861328125,1172.2733154296875
PCAMLP,525,1172.443603515625,1174.0838623046875
PCAMLP,526,1175.599609375,1171.483154296875
PCAMLP,527,1170.798095703125,1167.380859375
PCAMLP,528,1172.15380859375,1171.68310546875
PCAMLP,529,1175.3330078125,1178.9188232421875
PCAMLP,530,1171.7783203125,1169.7906494140625
PCAMLP,531,1178.3787841796875,1170.4744873046875
PCAMLP,532,1169.92138671875,1169.7640380859375
PCAMLP,533,1164.5181884765625,1175.9102783203125
PCAMLP,534,1176.0985107421875,1170.2430419921875
PCAMLP,535,1176.8817138671875,1172.26806640625
PCAMLP,536,1175.5390625,1178.3209228515625
PCAMLP,537,1176.05859375,1180.957275390625
PCAMLP,538,1167.1607666015625,1177.106689453125
PCAMLP,539,1168.699462890625,1176.7745361328125
PCAMLP,540,1178.80419921875,1182.1566162109375
PCAMLP,541,1173.683837890625,1171.5665283203125
PCAMLP,542,1170.65283203125,1174.47412109375
PCAMLP,543,1174.8154296875,1179.8016357421875
PCAMLP,544,1176.5028076171875,1175.5611572265625
PCAMLP,545,1170.5372314453125,1170.1160888671875
PCAMLP,546,1171.57080078125,1170.989501953125
PCAMLP,547,1170.1392822265625,1179.661865234375
PCAMLP,548,1168.3858642578125,1168.7562255859375
PCAMLP,549,1160.8282470703125,1168.3341064453125
PCAMLP,550,1184.4715576171875,1167.76025390625
PCAMLP,551,1169.7857666015625,1178.0980224609375
PCAMLP,552,1174.14453125,1170.2421875
PCAMLP,553,1179.7069091796875,1180.96630859375
PCAMLP,554,1181.008544921875,1178.759765625
PCAMLP,555,1176.544677734375,1166.85009765625
PCAMLP,556,1170.707763671875,1167.4544677734375
PCAMLP,557,1174.611083984375,1166.0635986328125
PCAMLP,558,1175.45556640625,1169.01025390625
PCAMLP,559,1175.74169921875,1174.5260009765625
PCAMLP,560,1180.27099609375,1171.802734375
PCAMLP,561,1173.7637939453125,1180.7550048828125
PCAMLP,562,1180.4285888671875,1170.70751953125
PCAMLP,563,1171.3118896484375,1173.96630859375
PCAMLP,564,1178.0758056640625,1167.7474365234375
PCAMLP,565,1163.22314453125,1177.905517578125
PCAMLP,566,1177.92724609375,1173.480224609375
PCAMLP,567,1178.9053955078125,1165.298095703125
PCAMLP,568,1185.1075439453125,1176.4381103515625
PCAMLP,569,1180.716552734375,1179.68359375
PCAMLP,570,1177.06298828125,1181.1531982421875
PCAMLP,571,1173.84326171875,1168.8505859375
PCAMLP,572,1179.6702880859375,1180.8447265625
PCAMLP,573,1179.26806640625,1176.734375
PCAMLP,574,1173.541748046875,1171.1502685546875
PCAMLP,575,1179.2501220703125,1175.5345458984375
PCAMLP,576,1171.311279296875,1177.0660400390625
PCAMLP,577,1171.9644775390625,1171.0015869140625
PCAMLP,578,1168.30224609375,1174.424560546875
PCAMLP,579,1180.0250244140625,1171.405029296875
PCAMLP,580,1173.9217529296875,1177.0841064453125
PCAMLP,581,1178.6092529296875,1168.5020751953125
PCAMLP,582,1180.03515625,1176.6754150390625
PCAMLP,583,1182.223876953125,1180.7080078125
PCAMLP,584,1171.79736328125,1172.8985595703125
PCAMLP,585,1174.510009765625,1172.2998046875
PCAMLP,586,1179.92578125,1172.1531982421875
PCAMLP,587,1171.2947998046875,1165.34375
PCAMLP,588,1177.184326171875,1178.392333984375
PCAMLP,589,1178.045654296875,1168.772216796875
PCAMLP,590,1179.1297607421875,1180.627197265625
PCAMLP,591,1167.3095703125,1174.2984619140625
PCAMLP,592,1171.841796875,1174.055908203125
PCAMLP,593,1168.9884033203125,1182.9267578125
PCAMLP,594,1174.2115478515625,1175.746337890625
PCAMLP,595,1180.1170654296875,1160.468994140625
PCAMLP,596,1169.978515625,1171.8194580078125
PCAMLP,597,1178.5479736328125,1175.1824951171875
PCAMLP,598,1179.172607421875,1185.001220703125
PCAMLP,599,1176.9625244140625,1159.7200927734375
PCAMLP,600,1171.1468505859375,1174.8665771484375
PCAMLP,601,1187.9171142578125,1182.5535888671875
PCAMLP,602,1181.9600830078125,1170.36279296875
PCAMLP,603,1172.099609375,1173.72265625
PCAMLP,604,1173.787353515625,1166.7276611328125
PCAMLP,605,1170.6802978515625,1168.7471923828125
PCAMLP,606,1172.673095703125,1167.944091796875
PCAMLP,607,1168.1392822265625,1173.587158203125
PCAMLP,608,1175.276611328125,1179.2955322265625
PCAMLP,609,1180.7008056640625,1169.4107666015625
PCAMLP,610,1171.238525390625,1166.6171875
PCAMLP,611,1181.1650390625,1175.1329345703125
PCAMLP,612,1181.0426025390625,1168.5238037109375
PCAMLP,613,1167.92138671875,1175.435546875
PCAMLP,614,1177.8878173828125,1174.8084716796875
PCAMLP,615,1175.4083251953125,1171.8253173828125
PCAMLP,616,1167.2330322265625,1172.5260009765625
PCAMLP,617,1169.2960205078125,1174.2296142578125
PCAMLP,618,1171.5985107421875,1178.551513671875
PCAMLP,619,1165.0079345703125,1175.8017578125
PCAMLP,620,1175.6805419921875,1170.1392822265625
PCAMLP,621,1182.6934814453125,1181.675048828125
PCAMLP,622,1176.2041015625,1159.6842041015625
PCAMLP,623,1169.281005859375,1175.4100341796875
PCAMLP,624,1178.0430908203125,1170.0882568359375
PCAMLP,625,1171.464111328125,1165.7767333984375
PCAMLP,626,1166.0565185546875,1163.7135009765625
PCAMLP,627,1169.97021484375,1175.10546875
PCAMLP,628,1170.6312255859375,1174.055419921875
PCAMLP,629,1167.2979736328125,1167.69482421875
PCAMLP,630,1172.3592529296875,1177.1640625
PCAMLP,631,1175.881591796875,1172.4405517578125
PCAMLP,632,1164.1788330078125,1180.5345458984375
PCAMLP,633,1166.4892578125,1168.6478271484375
PCAMLP,634,1175.4268798828125,1171.293212890625
PCAMLP,635,1167.652587890625,1168.91357421875
PCAMLP,636,1170.0770263671875,1170.6988525390625
PCAMLP,637,1177.1749267578125,1172.292724609375
PCAMLP,638,1176.02685546875,1170.901611328125
PCAMLP,639,1171.4197998046875,1163.7332763671875
PCAMLP,640,1178.29833984375,1169.6468505859375
PCAMLP,641,1176.2437744140625,1171.6051025390625
PCAMLP,642,1180.6485595703125,1173.2437744140625
PCAMLP,643,1165.9613037109375,1167.163330078125
PCAMLP,644,1180.3690185546875,1174.780029296875
PCAMLP,645,1166.8233642578125,1173.7821044921875
PCAMLP,646,1172.0570068359375,1174.3785400390625
PCAMLP,647,1176.9080810546875,1172.746826171875
PCAMLP,648,1171.995361328125,1179.9156494140625
PCAMLP,649,1177.427001953125,1180.4332275390625
PCAMLP,650,1174.176513671875,1185.8978271484375
PCAMLP,651,1159.85888671875,1177.3873291015625
PCAMLP,652,1172.6578369140625,1166.673828125
PCAMLP,653,1181.7391357421875,1167.9398193359375
PCAMLP,654,1169.82373046875,1175.90185546875
PCAMLP,655,1170.4808349609375,1175.385009765625
PCAMLP,656,1176.14990234375,1178.0391845703125
PCAMLP,657,1172.7489013671875,1174.64111328125
PCAMLP,658,1169.007080078125,1174.589599609375
PCAMLP,659,1173.743408203125,1177.9942626953125
PCAMLP,660,1180.4210205078125,1173.822021484375
PCAMLP,661,1169.93994140625,1167.12060546875
PCAMLP,662,1167.73779296875,1168.096923828125
PCAMLP,663,1168.185302734375,1176.0103759765625
PCAMLP,664,1169.547607421875,1172.129150390625
PCAMLP,665,1172.053466796875,1170.7490234375
PCAMLP,666,1171.5743408203125,1177.2049560546875
PCAMLP,667,1173.2611083984375,1168.0001220703125
PCAMLP,668,1173.4949951171875,1170.0533447265625
PCAMLP,669,1171.3255615234375,1168.216796875
PCAMLP,670,1174.7305908203125,1163.3646240234375
PCAMLP,671,1178.88525390625,1174.9139404296875
PCAMLP,672,1175.2891845703125,1173.2581787109375
PCAMLP,673,1176.7918701171875,1174.662109375
PCAMLP,674,1167.14453125,1172.581298828125
PCAMLP,675,1176.623779296875,1182.2750244140625
PCAMLP,676,1172.652099609375,1167.4603271484375
PCAMLP,677,1162.5274658203125,1182.61279296875
PCAMLP,678,1161.7049560546875,1168.3607177734375
PCAMLP,679,1170.2108154296875,1182.15625
PCAMLP,680,1177.79931640625,1172.8408203125
PCAMLP,681,1170.3505859375,1173.240478515625
PCAMLP,682,1173.1732177734375,1177.7266845703125
PCAMLP,683,1173.6455078125,1174.51318359375
PCAMLP,684,1172.2430419921875,1168.34228515625
PCAMLP,685,1174.2239990234375,1188.0557861328125
PCAMLP,686,1178.188232421875,1169.1468505859375
PCAMLP,687,1173.931884765625,1163.571044921875
PCAMLP,688,1174.8489990234375,1168.98583984375
PCAMLP,689,1168.1715087890625,1170.0755615234375
PCAMLP,690,1177.11279296875,1175.630859375
PCAMLP,691,1168.280029296875,1167.1737060546875
PCAMLP,692,1165.1888427734375,1165.14453125
PCAMLP,693,1183.8282470703125,1175.11328125
PCAMLP,694,1163.6212158203125,1169.0631103515625
PCAMLP,695,1172.1075439453125,1168.4576416015625
PCAMLP,696,1175.8778076171875,1172.1990966796875
PCAMLP,697,1175.82470703125,1172.1182861328125
PCAMLP,698,1171.5960693359375,1178.1005859375
PCAMLP,699,1169.9610595703125,1169.842041015625
PCAMLP,700,1165.7728271484375,1172.1195068359375
PCAMLP,701,1177.6427001953125,1179.3790283203125
PCAMLP,702,1169.3194580078125,1170.547607421875
PCAMLP,703,1175.0733642578125,1165.54833984375
PCAMLP,704,1176.9892578125,1169.8199462890625
PCAMLP,705,1167.45166015625,1181.9427490234375
PCAMLP,706,1178.207763671875,1172.4130859375
PCAMLP,707,1168.9002685546875,1174.09423828125
PCAMLP,708,1163.431884765625,1174.68798828125
PCAMLP,709,1168.8052978515625,1172.715576171875
PCAMLP,710,1171.624755859375,1172.0650634765625
PCAMLP,711,1176.0675048828125,1164.260498046875
PCAMLP,712,1170.7625732421875,1171.1102294921875
PCAMLP,713,1172.339599609375,1173.018798828125
PCAMLP,714,1169.587158203125,1171.22314453125
PCAMLP,715,1158.0740966796875,1174.276611328125
PCAMLP,716,1178.1885986328125,1170.581298828125
PCAMLP,717,1167.8515625,1164.2100830078125
PCAMLP,718,1158.3037109375,1164.4617919921875
PCAMLP,719,1170.3912353515625,1165.3033447265625
PCAMLP,720,1177.498046875,1174.1146240234375
PCAMLP,721,1176.978515625,1162.5023193359375
PCAMLP,722,1174.0115966796875,1182.2860107421875
PCAMLP,723,1185.4083251953125,1176.0345458984375
PCAMLP,724,1179.530029296875,1170.45849609375
PCAMLP,725,1173.90380859375,1164.1707763671875
PCAMLP,726,1174.8734130859375,1180.255859375
PCAMLP,727,1172.637451171875,1169.950927734375
PCAMLP,728,1176.4661865234375,1176.7406005859375
PCAMLP,729,1165.7188720703125,1171.4639892578125
PCAMLP,730,1172.7578125,1174.4317626953125
PCAMLP,731,1172.232666015625,1167.7525634765625
PCAMLP,732,1167.6048583984375,1165.7232666015625
PCAMLP,733,1165.4210205078125,1166.96484375
PCAMLP,734,1166.6881103515625,1167.370361328125
PCAMLP,735,1170.154052734375,1175.88818359375
PCAMLP,736,1166.9453125,1170.6712646484375
PCAMLP,737,1171.0374755859375,1164.7998046875
PCAMLP,738,1165.9110107421875,1165.1715087890625
PCAMLP,739,1172.2060546875,1161.883544921875
PCAMLP,740,1169.677490234375,1166.538818359375
PCAMLP,741,1176.135498046875,1173.9615478515625
PCAMLP,742,1182.871826171875,1170.21337890625
PCAMLP,743,1176.605712890625,1169.01708984375
PCAMLP,744,1163.1090087890625,1169.31689453125
PCAMLP,745,1172.0750732421875,1178.19482421875
PCAMLP,746,1170.753662109375,1176.8968505859375
PCAMLP,747,1168.7301025390625,1177.725830078125
PCAMLP,748,1175.620849609375,1168.261474609375
PCAMLP,749,1164.81982421875,1170.96630859375
PCAMLP,750,1166.32275390625,1181.310302734375
PCAMLP,751,1170.317138671875,1176.5213623046875
PCAMLP,752,1166.131591796875,1175.37353515625
PCAMLP,753,1167.2879638671875,1174.7259521484375
PCAMLP,754,1176.3621826171875,1172.362548828125
PCAMLP,755,1168.393310546875,1169.225341796875
PCAMLP,756,1179.4322509765625,1167.8385009765625
PCAMLP,757,1162.5076904296875,1171.2335205078125
PCAMLP,758,1165.8773193359375,1171.0343017578125
PCAMLP,759,1173.62255859375,1164.4842529296875
PCAMLP,760,1176.2418212890625,1166.9840087890625
PCAMLP,761,1178.6187744140625,1160.7655029296875
PCAMLP,762,1168.6949462890625,1171.6517333984375
PCAMLP,763,1171.761474609375,1171.0240478515625
PCAMLP,764,1169.9464111328125,1177.6063232421875
PCAMLP,765,1167.685302734375,1161.2415771484375
PCAMLP,766,1168.10302734375,1169.6614990234375
PCAMLP,767,1167.6600341796875,1166.943603515625
PCAMLP,768,1166.9525146484375,1172.568359375
PCAMLP,769,1174.4947509765625,1173.520263671875
PCAMLP,770,1172.9677734375,1162.5447998046875
PCAMLP,771,1163.822509765625,1167.757568359375
PCAMLP,772,1173.596923828125,1176.8515625
PCAMLP,773,1171.1051025390625,1168.799072265625
PCAMLP,774,1171.396484375,1170.971435546875
PCAMLP,775,1177.48291015625,1162.8802490234375
PCAMLP,776,1172.35107421875,1163.9337158203125
PCAMLP,777,1173.4078369140625,1176.892578125
PCAMLP,778,1169.8125,1164.487548828125
PCAMLP,779,1178.662841796875,1164.450439453125
PCAMLP,780,1167.154052734375,1162.7255859375
PCAMLP,781,1175.667724609375,1175.6156005859375
PCAMLP,782,1168.4105224609375,1169.7216796875
PCAMLP,783,1167.0543212890625,1167.68310546875
PCAMLP,784,1170.0565185546875,1170.0970458984375
PCAMLP,785,1164.87158203125,1160.3165283203125
PCAMLP,786,1173.6942138671875,1178.2113037109375
PCAMLP,787,1167.1158447265625,1169.640380859375
PCAMLP,788,1172.3487548828125,1169.4124755859375
PCAMLP,789,1174.96875,1172.2445068359375
PCAMLP,790,1178.59814453125,1177.6048583984375
PCAMLP,791,1167.53271484375,1171.4500732421875
PCAMLP,792,1177.862060546875,1163.206298828125
PCAMLP,793,1163.1375732421875,1174.1473388671875
PCAMLP,794,1176.0712890625,1169.5638427734375
PCAMLP,795,1169.4163818359375,1171.78076171875
PCAMLP,796,1168.498779296875,1173.5977783203125
PCAMLP,797,1180.802734375,1167.6077880859375
PCAMLP,798,1170.662353515625,1163.832275390625
PCAMLP,799,1169.304443359375,1168.657470703125
PCAMLP,800,1168.9703369140625,1181.9520263671875
PCAMLP,801,1168.8929443359375,1172.132568359375
PCAMLP,802,1175.650634765625,1164.1953125
PCAMLP,803,1172.2227783203125,1164.33203125
PCAMLP,804,1176.732177734375,1177.781005859375
PCAMLP,805,1165.518310546875,1172.339599609375
PCAMLP,806,1165.6123046875,1168.6058349609375
PCAMLP,807,1170.5960693359375,1172.30078125
PCAMLP,808,1169.7723388671875,1169.9224853515625
PCAMLP,809,1176.05322265625,1176.7095947265625
PCAMLP,810,1166.2879638671875,1174.6722412109375
PCAMLP,811,1164.635009765625,1165.441650390625
PCAMLP,812,1178.4515380859375,1174.0810546875
PCAMLP,813,1168.925537109375,1167.0928955078125
PCAMLP,814,1170.2298583984375,1178.6492919921875
PCAMLP,815,1168.084228515625,1171.5638427734375
PCAMLP,816,1168.2042236328125,1177.226318359375
PCAMLP,817,1169.1756591796875,1178.031982421875
PCAMLP,818,1167.5733642578125,1187.3363037109375
PCAMLP,819,1174.05908203125,1172.36962890625
PCAMLP,820,1183.9097900390625,1173.265625
PCAMLP,821,1182.2548828125,1170.6829833984375
PCAMLP,822,1171.490966796875,1169.9281005859375
PCAMLP,823,1178.6690673828125,1167.266845703125
PCAMLP,824,1169.3968505859375,1167.2547607421875
PCAMLP,825,1171.152099609375,1175.654052734375
PCAMLP,826,1171.457763671875,1170.19970703125
PCAMLP,827,1170.8905029296875,1169.3486328125
PCAMLP,828,1175.2313232421875,1170.5003662109375
PCAMLP,829,1176.9775390625,1173.2000732421875
PCAMLP,830,1176.293212890625,1166.224365234375
PCAMLP,831,1172.976318359375,1175.9906005859375
PCAMLP,832,1172.4622802734375,1172.5457763671875
PCAMLP,833,1169.0877685546875,1171.9796142578125
PCAMLP,834,1166.1575927734375,1175.5152587890625
PCAMLP,835,1170.4111328125,1173.4542236328125
PCAMLP,836,1170.204833984375,1176.292236328125
PCAMLP,837,1167.328857421875,1173.74755859375
PCAMLP,838,1174.5245361328125,1172.4183349609375
PCAMLP,839,1175.6602783203125,1168.0943603515625
PCAMLP,840,1166.821044921875,1170.3065185546875
PCAMLP,841,1165.6612548828125,1172.34228515625
PCAMLP,842,1178.48291015625,1162.12060546875
PCAMLP,843,1177.6180419921875,1168.8243408203125
PCAMLP,844,1179.1715087890625,1173.8094482421875
PCAMLP,845,1169.3883056640625,1168.26904296875
PCAMLP,846,1172.83935546875,1166.7508544921875
PCAMLP,847,1172.5521240234375,1170.72314453125
PCAMLP,848,1175.1414794921875,1172.0042724609375
PCAMLP,849,1173.960693359375,1168.464111328125
PCAMLP,850,1163.36376953125,1179.5589599609375
PCAMLP,851,1170.240966796875,1175.48828125
PCAMLP,852,1177.5125732421875,1168.7113037109375
PCAMLP,853,1179.1533203125,1164.96484375
PCAMLP,854,1174.67236328125,1183.0535888671875
PCAMLP,855,1177.495361328125,1165.71484375
PCAMLP,856,1175.12939453125,1174.112548828125
PCAMLP,857,1162.5179443359375,1162.9710693359375
PCAMLP,858,1170.176513671875,1176.1959228515625
PCAMLP,859,1173.3355712890625,1173.0426025390625
PCAMLP,860,1170.7000732421875,1170.47314453125
PCAMLP,861,1172.2110595703125,1170.6405029296875
PCAMLP,862,1166.2738037109375,1165.4522705078125
PCAMLP,863,1167.8358154296875,1164.6591796875
PCAMLP,864,1157.7630615234375,1171.0933837890625
PCAMLP,865,1176.6243896484375,1168.9346923828125
PCAMLP,866,1171.8878173828125,1164.392578125
PCAMLP,867,1171.873291015625,1171.141357421875
PCAMLP,868,1166.4080810546875,1168.8798828125
PCAMLP,869,1163.6005859375,1162.0947265625
PCAMLP,870,1169.9755859375,1176.277587890625
PCAMLP,871,1179.7689208984375,1175.495361328125
PCAMLP,872,1174.174072265625,1165.8348388671875
PCAMLP,873,1176.6640625,1174.4810791015625
PCAMLP,874,1161.67578125,1178.060302734375
PCAMLP,875,1166.6248779296875,1165.848876953125
PCAMLP,876,1165.3768310546875,1172.407958984375
PCAMLP,877,1164.65283203125,1165.115234375
PCAMLP,878,1176.7064208984375,1174.1083984375
PCAMLP,879,1168.13330078125,1169.4298095703125
PCAMLP,880,1171.2340087890625,1161.1119384765625
PCAMLP,881,1171.612548828125,1173.8636474609375
PCAMLP,882,1171.0233154296875,1169.30322265625
PCAMLP,883,1166.664794921875,1161.8035888671875
PCAMLP,884,1174.06103515625,1166.1605224609375
PCAMLP,885,1173.779052734375,1179.3809814453125
PCAMLP,886,1167.1270751953125,1173.6309814453125
PCAMLP,887,1166.503662109375,1174.66259765625
PCAMLP,888,1175.9239501953125,1167.5447998046875
PCAMLP,889,1174.957275390625,1159.7890625
PCAMLP,890,1182.39794921875,1170.16015625
PCAMLP,891,1167.873046875,1171.852783203125
PCAMLP,892,1171.2430419921875,1168.3265380859375
PCAMLP,893,1172.6756591796875,1172.3458251953125
PCAMLP,894,1167.070556640625,1169.54052734375
PCAMLP,895,1168.7239990234375,1172.6300048828125
PCAMLP,896,1171.25,1170.774169921875
PCAMLP,897,1176.4317626953125,1169.1241455078125
PCAMLP,898,1166.704833984375,1169.6053466796875
PCAMLP,899,1175.65625,1165.308837890625
PCAMLP,900,1170.173095703125,1171.207763671875
PCAMLP,901,1170.051025390625,1168.3382568359375
PCAMLP,902,1170.1373291015625,1169.78515625
PCAMLP,903,1175.8563232421875,1175.266845703125
PCAMLP,904,1163.1378173828125,1163.6087646484375
PCAMLP,905,1166.561767578125,1183.2283935546875
PCAMLP,906,1172.7132568359375,1172.2755126953125
PCAMLP,907,1171.4324951171875,1161.1400146484375
PCAMLP,908,1171.6435546875,1165.3939208984375
PCAMLP,909,1167.298583984375,1172.558349609375
PCAMLP,910,1171.4608154296875,1168.036865234375
PCAMLP,911,1164.028076171875,1170.5242919921875
PCAMLP,912,1159.748291015625,1172.9049072265625
PCAMLP,913,1167.436767578125,1167.476318359375
PCAMLP,914,1163.3228759765625,1165.518310546875
PCAMLP,915,1170.36083984375,1164.3201904296875
PCAMLP,916,1171.3734130859375,1170.823974609375
PCAMLP,917,1164.1898193359375,1174.6165771484375
PCAMLP,918,1166.5020751953125,1172.2440185546875
PCAMLP,919,1168.3748779296875,1169.581298828125
PCAMLP,920,1175.822265625,1161.424560546875
PCAMLP,921,1177.0621337890625,1173.4180908203125
PCAMLP,922,1179.6671142578125,1172.3963623046875
PCAMLP,923,1172.1751708984375,1172.5565185546875
PCAMLP,924,1165.666259765625,1177.995849609375
PCAMLP,925,1173.6092529296875,1165.7154541015625
PCAMLP,926,1169.975830078125,1160.718505859375
PCAMLP,927,1175.7755126953125,1167.0738525390625
PCAMLP,928,1172.5772705078125,1175.2833251953125
PCAMLP,929,1165.8837890625,1165.1505126953125
PCAMLP,930,1172.3585205078125,1171.9810791015625
PCAMLP,931,1167.677490234375,1175.6595458984375
PCAMLP,932,1170.7637939453125,1164.7275390625
PCAMLP,933,1176.071044921875,1174.20849609375
PCAMLP,934,1166.7327880859375,1178.7459716796875
PCAMLP,935,1171.9517822265625,1160.10888671875
PCAMLP,936,1173.8670654296875,1167.7135009765625
PCAMLP,937,1167.6904296875,1168.500732421875
PCAMLP,938,1173.9449462890625,1174.4737548828125
PCAMLP,939,1175.5533447265625,1170.9439697265625
PCAMLP,940,1172.0029296875,1169.6368408203125
PCAMLP,941,1167.69775390625,1172.6656494140625
PCAMLP,942,1172.2862548828125,1171.565673828125
PCAMLP,943,1159.214111328125,1174.54833984375
PCAMLP,944,1161.0325927734375,1166.5968017578125
PCAMLP,945,1172.395751953125,1167.693115234375
PCAMLP,946,1172.624267578125,1172.6507568359375
PCAMLP,947,1174.0650634765625,1171.0526123046875
PCAMLP,948,1171.1263427734375,1169.0955810546875
PCAMLP,949,1163.4210205078125,1169.60986328125
PCAMLP,950,1173.0067138671875,1173.3231201171875
PCAMLP,951,1169.160400390625,1170.798583984375
PCAMLP,952,1174.6619873046875,1174.436279296875
PCAMLP,953,1176.0247802734375,1164.5040283203125
PCAMLP,954,1169.6846923828125,1167.92236328125
PCAMLP,955,1180.9625244140625,1170.3243408203125
PCAMLP,956,1171.6568603515625,1167.154052734375
PCAMLP,957,1176.9857177734375,1171.3402099609375
PCAMLP,958,1162.936279296875,1163.2120361328125
PCAMLP,959,1171.1640625,1172.7076416015625
PCAMLP,960,1171.55859375,1168.777099609375
PCAMLP,961,1175.0252685546875,1164.625
PCAMLP,962,1164.3831787109375,1174.736572265625
PCAMLP,963,1174.67333984375,1168.1781005859375
PCAMLP,964,1166.45361328125,1164.9896240234375
PCAMLP,965,1163.9288330078125,1171.912841796875
PCAMLP,966,1178.3585205078125,1165.5765380859375
PCAMLP,967,1174.6798095703125,1171.941650390625
PCAMLP,968,1156.1968994140625,1174.4700927734375
PCAMLP,969,1173.5347900390625,1173.9066162109375
PCAMLP,970,1168.1522216796875,1176.455078125
PCAMLP,971,1167.740478515625,1168.31884765625
PCAMLP,972,1172.21484375,1171.193603515625
PCAMLP,973,1168.3138427734375,1168.8594970703125
PCAMLP,974,1175.9317626953125,1165.3876953125
PCAMLP,975,1164.998291015625,1171.1279296875
PCAMLP,976,1165.1951904296875,1165.835205078125
PCAMLP,977,1170.060302734375,1167.890380859375
PCAMLP,978,1166.0323486328125,1169.5511474609375
PCAMLP,979,1158.92626953125,1169.4739990234375
PCAMLP,980,1176.05322265625,1171.4947509765625
PCAMLP,981,1175.0130615234375,1171.791259765625
PCAMLP,982,1170.6611328125,1163.282470703125
PCAMLP,983,1173.0345458984375,1168.3212890625
PCAMLP,984,1168.2967529296875,1165.9100341796875
PCAMLP,985,1161.4266357421875,1167.2542724609375
PCAMLP,986,1166.370849609375,1170.9683837890625
PCAMLP,987,1173.8125,1167.71630859375
PCAMLP,988,1170.3638916015625,1171.744873046875
PCAMLP,989,1159.4129638671875,1165.249755859375
PCAMLP,990,1167.41748046875,1163.798095703125
PCAMLP,991,1165.92431640625,1170.2117919921875
PCAMLP,992,1171.414306640625,1166.5213623046875
PCAMLP,993,1168.924072265625,1169.4437255859375
PCAMLP,994,1166.3067626953125,1169.6767578125
PCAMLP,995,1176.4290771484375,1169.953125
PCAMLP,996,1169.6685791015625,1166.79736328125
PCAMLP,997,1170.1624755859375,1168.68408203125
PCAMLP,998,1163.5958251953125,1165.5966796875
PCAMLP,999,1163.225830078125,1176.177734375
PCAMLP,1000,1169.5113525390625,1170.7615966796875
PCAMLP,1001,1171.740966796875,1159.625
PCAMLP,1002,1164.580078125,1165.6324462890625
PCAMLP,1003,1161.6561279296875,1165.174560546875
PCAMLP,1004,1171.1778564453125,1167.0733642578125
PCAMLP,1005,1171.9193115234375,1171.2940673828125
PCAMLP,1006,1161.533447265625,1174.319580078125
PCAMLP,1007,1173.36474609375,1163.1591796875
PCAMLP,1008,1165.50634765625,1168.68408203125
PCAMLP,1009,1164.23291015625,1176.4200439453125
PCAMLP,1010,1168.1075439453125,1165.82177734375
PCAMLP,1011,1162.264404296875,1174.3018798828125
PCAMLP,1012,1169.3719482421875,1172.7967529296875
PCAMLP,1013,1173.7469482421875,1176.3017578125
PCAMLP,1014,1169.1671142578125,1170.498046875
PCAMLP,1015,1161.19677734375,1160.9642333984375
PCAMLP,1016,1174.2249755859375,1166.33984375
PCAMLP,1017,1175.95556640625,1171.0863037109375
PCAMLP,1018,1166.458251953125,1163.694580078125
PCAMLP,1019,1168.780517578125,1163.8900146484375
PCAMLP,1020,1172.8553466796875,1160.0946044921875
PCAMLP,1021,1176.725830078125,1168.018310546875
PCAMLP,1022,1170.4173583984375,1161.756103515625
PCAMLP,1023,1168.668701171875,1168.121337890625
PCAMLP,1024,1166.1314697265625,1170.5230712890625
PCAMLP,1025,1170.5006103515625,1161.9710693359375
PCAMLP,1026,1173.3619384765625,1165.9215087890625
PCAMLP,1027,1172.779052734375,1161.2017822265625
PCAMLP,1028,1170.2449951171875,1170.06005859375
PCAMLP,1029,1170.344482421875,1171.5662841796875
PCAMLP,1030,1172.6307373046875,1172.27392578125
PCAMLP,1031,1169.232177734375,1172.527099609375
PCAMLP,1032,1172.130615234375,1166.5933837890625
PCAMLP,1033,1171.30810546875,1167.0701904296875
PCAMLP,1034,1167.312255859375,1170.037109375
PCAMLP,1035,1166.806884765625,1172.0628662109375
PCAMLP,1036,1168.1993408203125,1170.596923828125
PCAMLP,1037,1165.5484619140625,1172.23779296875
PCAMLP,1038,1168.694091796875,1166.618896484375
PCAMLP,1039,1167.6373291015625,1166.49951171875
PCAMLP,1040,1167.49658203125,1166.6060791015625
PCAMLP,1041,1180.461669921875,1169.60107421875
PCAMLP,1042,1165.5023193359375,1162.0111083984375
PCAMLP,1043,1172.98583984375,1164.099365234375
PCAMLP,1044,1172.9183349609375,1173.6473388671875
PCAMLP,1045,1169.080322265625,1175.642333984375
PCAMLP,1046,1164.849365234375,1169.2962646484375
PCAMLP,1047,1169.71484375,1174.88232421875
PCAMLP,1048,1165.9761962890625,1166.3052978515625
PCAMLP,1049,1175.8438720703125,1171.8201904296875
PCAMLP,1050,1174.4583740234375,1182.010009765625
PCAMLP,1051,1170.385009765625,1168.024658203125
PCAMLP,1052,1171.34130859375,1170.21484375
PCAMLP,1053,1174.8072509765625,1166.5125732421875
PCAMLP,1054,1164.866943359375,1167.8623046875
PCAMLP,1055,1165.5791015625,1165.8306884765625
PCAMLP,1056,1172.5958251953125,1172.9007568359375
PCAMLP,1057,1167.736572265625,1170.457763671875
PCAMLP,1058,1171.3531494140625,1165.097412109375
PCAMLP,1059,1169.5050048828125,1168.35302734375
PCAMLP,1060,1171.514892578125,1161.01171875
PCAMLP,1061,1164.5762939453125,1160.5042724609375
PCAMLP,1062,1170.572265625,1172.278564453125
PCAMLP,1063,1162.3990478515625,1169.7652587890625
PCAMLP,1064,1164.8143310546875,1173.163330078125
PCAMLP,1065,1166.9111328125,1173.33935546875
PCAMLP,1066,1166.8583984375,1168.6556396484375
PCAMLP,1067,1166.0775146484375,1171.23486328125
PCAMLP,1068,1165.9288330078125,1172.2841796875
PCAMLP,1069,1163.412353515625,1180.872314453125
PCAMLP,1070,1163.2227783203125,1165.2122802734375
PCAMLP,1071,1171.1802978515625,1167.3953857421875
PCAMLP,1072,1172.3868408203125,1169.4691162109375
PCAMLP,1073,1174.5623779296875,1167.9837646484375
PCAMLP,1074,1172.2379150390625,1167.31103515625
PCAMLP,1075,1167.812255859375,1160.181884765625
PCAMLP,1076,1169.10009765625,1164.079345703125
PCAMLP,1077,1172.75048828125,1164.1861572265625
PCAMLP,1078,1166.19287109375,1168.95654296875
PCAMLP,1079,1178.0015869140625,1168.23681640625
PCAMLP,1080,1177.166015625,1172.2064208984375
PCAMLP,1081,1167.1795654296875,1174.593017578125
PCAMLP,1082,1163.99951171875,1166.5721435546875
PCAMLP,1083,1165.9615478515625,1167.8255615234375
PCAMLP,1084,1169.2818603515625,1167.04833984375
PCAMLP,1085,1170.1019287109375,1166.6143798828125
PCAMLP,1086,1169.246337890625,1177.5875244140625
PCAMLP,1087,1177.383056640625,1173.9599609375
PCAMLP,1088,1168.760498046875,1174.8475341796875
PCAMLP,1089,1169.091796875,1174.90478515625
PCAMLP,1090,1178.6988525390625,1167.9442138671875
PCAMLP,1091,1167.958984375,1160.2999267578125
PCAMLP,1092,1162.515380859375,1173.7415771484375
PCAMLP,1093,1181.7904052734375,1169.903076171875
PCAMLP,1094,1177.5133056640625,1167.520263671875
PCAMLP,1095,1171.10107421875,1162.411865234375
PCAMLP,1096,1174.4241943359375,1177.112060546875
PCAMLP,1097,1168.1781005859375,1171.9796142578125
PCAMLP,1098,1166.5655517578125,1164.4375
PCAMLP,1099,1174.903564453125,1173.342529296875
PCAMLP,1100,1167.6953125,1170.922607421875
PCAMLP,1101,1152.6778564453125,1169.8790283203125
PCAMLP,1102,1166.9769287109375,1166.3052978515625
PCAMLP,1103,1174.2130126953125,1166.3094482421875
PCAMLP,1104,1166.603759765625,1164.7261962890625
PCAMLP,1105,1168.9810791015625,1160.8935546875
PCAMLP,1106,1168.77685546875,1165.7734375
PCAMLP,1107,1169.7342529296875,1169.4443359375
PCAMLP,1108,1161.5137939453125,1161.8087158203125
PCAMLP,1109,1165.5975341796875,1170.922607421875
PCAMLP,1110,1163.8515625,1166.8380126953125
PCAMLP,1111,1169.78271484375,1167.4532470703125
PCAMLP,1112,1173.5269775390625,1163.1375732421875
PCAMLP,1113,1175.2230224609375,1156.435791015625
PCAMLP,1114,1166.3153076171875,1167.193115234375
PCAMLP,1115,1165.78955078125,1171.1988525390625
PCAMLP,1116,1169.2744140625,1167.8392333984375
PCAMLP,1117,1167.5496826171875,1158.93603515625
PCAMLP,1118,1163.1378173828125,1169.189208984375
PCAMLP,1119,1176.975830078125,1166.59326171875
PCAMLP,1120,1169.4942626953125,1174.4381103515625
PCAMLP,1121,1161.6171875,1167.7489013671875
PCAMLP,1122,1168.1888427734375,1167.2392578125
PCAMLP,1123,1172.6536865234375,1163.05126953125
PCAMLP,1124,1172.56005859375,1155.384765625
PCAMLP,1125,1178.2412109375,1167.6483154296875
PCAMLP,1126,1172.266357421875,1165.599853515625
PCAMLP,1127,1170.9210205078125,1173.5128173828125
PCAMLP,1128,1172.4403076171875,1162.7366943359375
PCAMLP,1129,1160.863037109375,1165.645751953125
PCAMLP,1130,1167.70751953125,1165.8558349609375
PCAMLP,1131,1170.4840087890625,1164.5574951171875
PCAMLP,1132,1170.474609375,1162.818603515625
PCAMLP,1133,1174.34130859375,1167.6927490234375
PCAMLP,1134,1174.849609375,1173.0413818359375
PCAMLP,1135,1170.2720947265625,1170.8740234375
PCAMLP,1136,1170.8004150390625,1164.7303466796875
PCAMLP,1137,1170.484130859375,1172.070068359375
PCAMLP,1138,1175.4815673828125,1169.1337890625
PCAMLP,1139,1167.0574951171875,1163.3919677734375
PCAMLP,1140,1168.0338134765625,1172.5899658203125
PCAMLP,1141,1174.2060546875,1165.5540771484375
PCAMLP,1142,1165.2283935546875,1158.430908203125
PCAMLP,1143,1170.938720703125,1166.8765869140625
PCAMLP,1144,1162.8468017578125,1163.152099609375
PCAMLP,1145,1160.3763427734375,1168.1885986328125
PCAMLP,1146,1168.5091552734375,1166.4620361328125
PCAMLP,1147,1170.5843505859375,1172.2750244140625
PCAMLP,1148,1169.8333740234375,1159.852294921875
PCAMLP,1149,1173.1256103515625,1169.9107666015625
PCAMLP,1150,1163.339111328125,1161.577392578125
PCAMLP,1151,1163.8797607421875,1172.521728515625
PCAMLP,1152,1163.0155029296875,1174.849853515625
PCAMLP,1153,1175.0439453125,1162.0755615234375
PCAMLP,1154,1164.883056640625,1168.1046142578125
PCAMLP,1155,1171.7801513671875,1180.6734619140625
PCAMLP,1156,1172.5560302734375,1166.726806640625
PCAMLP,1157,1168.9710693359375,1163.757080078125
PCAMLP,1158,1161.42236328125,1172.7445068359375
PCAMLP,1159,1168.1143798828125,1163.614013671875
PCAMLP,1160,1173.1475830078125,1165.80126953125
PCAMLP,1161,1171.0831298828125,1173.0550537109375
PCAMLP,1162,1161.101318359375,1178.9814453125
PCAMLP,1163,1165.5723876953125,1160.5155029296875
PCAMLP,1164,1163.9722900390625,1164.4617919921875
PCAMLP,1165,1168.11669921875,1171.5670166015625
PCAMLP,1166,1171.0238037109375,1162.3887939453125
PCAMLP,1167,1162.256103515625,1165.139404296875
PCAMLP,1168,1170.7344970703125,1170.502197265625
PCAMLP,1169,1170.3978271484375,1167.678466796875
PCAMLP,1170,1168.8970947265625,1165.7772216796875
PCAMLP,1171,1170.707275390625,1163.4334716796875
PCAMLP,1172,1163.0380859375,1164.326416015625
PCAMLP,1173,1168.4375,1170.7857666015625
PCAMLP,1174,1167.614013671875,1161.7459716796875
PCAMLP,1175,1173.625732421875,1174.268798828125
PCAMLP,1176,1170.356201171875,1168.77099609375
PCAMLP,1177,1163.572509765625,1166.2255859375
PCAMLP,1178,1169.06640625,1166.3988037109375
PCAMLP,1179,1164.1285400390625,1173.8687744140625
PCAMLP,1180,1176.3148193359375,1174.681396484375
PCAMLP,1181,1160.8695068359375,1171.4525146484375
PCAMLP,1182,1167.039794921875,1172.5887451171875
PCAMLP,1183,1165.49365234375,1176.9937744140625
PCAMLP,1184,1162.46142578125,1165.2470703125
PCAMLP,1185,1166.421630859375,1160.4307861328125
PCAMLP,1186,1171.375732421875,1164.5517578125
PCAMLP,1187,1173.7322998046875,1172.2264404296875
PCAMLP,1188,1165.5989990234375,1175.11279296875
PCAMLP,1189,1165.5426025390625,1162.118896484375
PCAMLP,1190,1172.048095703125,1173.485595703125
PCAMLP,1191,1172.072509765625,1163.700927734375
PCAMLP,1192,1168.51171875,1165.3997802734375
PCAMLP,1193,1180.4569091796875,1168.392333984375
PCAMLP,1194,1163.56787109375,1167.2470703125
PCAMLP,1195,1170.8402099609375,1177.367919921875
PCAMLP,1196,1166.6572265625,1169.02587890625
PCAMLP,1197,1159.26318359375,1180.476806640625
PCAMLP,1198,1165.1427001953125,1172.91650390625
PCAMLP,1199,1171.121826171875,1174.779052734375
PCAMLP,1200,1164.890625,1164.8057861328125
PCAMLP,1201,1162.8846435546875,1174.076171875
PCAMLP,1202,1168.83935546875,1170.4757080078125
PCAMLP,1203,1168.892822265625,1172.8150634765625
PCAMLP,1204,1161.8802490234375,1164.0921630859375
PCAMLP,1205,1169.6005859375,1168.619140625
PCAMLP,1206,1154.8272705078125,1165.49853515625
PCAMLP,1207,1172.6973876953125,1160.86279296875
PCAMLP,1208,1172.6253662109375,1180.3846435546875
PCAMLP,1209,1163.479248046875,1166.2010498046875
PCAMLP,1210,1163.2357177734375,1170.8143310546875
PCAMLP,1211,1169.3970947265625,1167.7095947265625
PCAMLP,1212,1169.15185546875,1166.1177978515625
PCAMLP,1213,1157.5777587890625,1174.8603515625
PCAMLP,1214,1171.69482421875,1169.7518310546875
PCAMLP,1215,1154.905517578125,1167.6090087890625
PCAMLP,1216,1169.641845703125,1171.039306640625
PCAMLP,1217,1168.4200439453125,1172.0753173828125
PCAMLP,1218,1172.070556640625,1164.512939453125
PCAMLP,1219,1166.8994140625,1156.2896728515625
PCAMLP,1220,1163.376953125,1175.2037353515625
PCAMLP,1221,1161.05322265625,1168.5186767578125
PCAMLP,1222,1169.921630859375,1160.93212890625
PCAMLP,1223,1165.1995849609375,1163.006591796875
PCAMLP,1224,1167.2947998046875,1165.7037353515625
PCAMLP,1225,1171.0675048828125,1163.7745361328125
PCAMLP,1226,1160.6395263671875,1170.5631103515625
PCAMLP,1227,1166.857666015625,1169.1507568359375
PCAMLP,1228,1168.8465576171875,1167.353759765625
PCAMLP,1229,1173.67333984375,1162.505615234375
PCAMLP,1230,1168.146728515625,1165.31005859375
PCAMLP,1231,1169.5347900390625,1166.8826904296875
PCAMLP,1232,1166.852294921875,1161.323974609375
PCAMLP,1233,1164.2340087890625,1168.6962890625
PCAMLP,1234,1168.4259033203125,1166.1680908203125
PCAMLP,1235,1168.50927734375,1167.29150390625
PCAMLP,1236,1167.82080078125,1166.38330078125
PCAMLP,1237,1178.22802734375,1167.5908203125
PCAMLP,1238,1169.7862548828125,1171.893798828125
PCAMLP,1239,1168.87060546875,1169.4610595703125
PCAMLP,1240,1169.5892333984375,1169.0240478515625
PCAMLP,1241,1167.8262939453125,1169.6302490234375
PCAMLP,1242,1168.113525390625,1171.267578125
PCAMLP,1243,1174.98828125,1169.166015625
PCAMLP,1244,1171.392578125,1170.3734130859375
PCAMLP,1245,1165.5355224609375,1164.607421875
PCAMLP,1246,1162.376708984375,1159.84375
PCAMLP,1247,1163.194580078125,1159.892333984375
PCAMLP,1248,1169.6595458984375,1166.482177734375
PCAMLP,1249,1163.83544921875,1160.070068359375
PCAMLP,1250,1170.821533203125,1174.6712646484375
PCAMLP,1251,1171.9493408203125,1170.359130859375
PCAMLP,1252,1174.030517578125,1174.46826171875
PCAMLP,1253,1163.8876953125,1170.464599609375
PCAMLP,1254,1164.4359130859375,1171.66552734375
PCAMLP,1255,1165.871337890625,1164.633056640625
PCAMLP,1256,1163.4390869140625,1170.85009765625
PCAMLP,1257,1164.95556640625,1167.1099853515625
PCAMLP,1258,1169.342041015625,1166.3916015625
PCAMLP,1259,1167.714599609375,1167.705810546875
PCAMLP,1260,1168.0146484375,1165.27978515625
PCAMLP,1261,1167.2845458984375,1174.4200439453125
PCAMLP,1262,1152.613037109375,1160.7064208984375
PCAMLP,1263,1170.1497802734375,1173.913818359375
PCAMLP,1264,1171.9351806640625,1163.9508056640625
PCAMLP,1265,1168.5870361328125,1172.1004638671875
PCAMLP,1266,1166.5169677734375,1161.6917724609375
PCAMLP,1267,1162.3218994140625,1160.759765625
PCAMLP,1268,1166.089599609375,1165.4033203125
PCAMLP,1269,1166.6722412109375,1178.0755615234375
PCAMLP,1270,1173.4066162109375,1170.757568359375
PCAMLP,1271,1163.3255615234375,1177.2308349609375
PCAMLP,1272,1167.259033203125,1160.9202880859375
PCAMLP,1273,1165.24658203125,1181.1986083984375
PCAMLP,1274,1162.717041015625,1174.0853271484375
PCAMLP,1275,1172.98486328125,1166.82568359375
PCAMLP,1276,1171.05615234375,1160.5843505859375
PCAMLP,1277,1171.69921875,1176.477294921875
PCAMLP,1278,1166.8656005859375,1167.6273193359375
PCAMLP,1279,1166.863525390625,1167.5970458984375
PCAMLP,1280,1179.9971923828125,1172.95654296875
PCAMLP,1281,1165.670166015625,1170.0191650390625
PCAMLP,1282,1175.0205078125,1157.7105712890625
PCAMLP,1283,1167.3006591796875,1165.5628662109375
PCAMLP,1284,1164.2301025390625,1170.5010986328125
PCAMLP,1285,1171.63427734375,1171.167724609375
PCAMLP,1286,1168.9345703125,1167.107666015625
PCAMLP,1287,1173.3902587890625,1170.2998046875
PCAMLP,1288,1179.6749267578125,1168.634521484375
PCAMLP,1289,1179.6214599609375,1166.9853515625
PCAMLP,1290,1162.513916015625,1177.6728515625
PCAMLP,1291,1171.5023193359375,1169.0225830078125
PCAMLP,1292,1170.59912109375,1167.4014892578125
PCAMLP,1293,1162.4957275390625,1157.7232666015625
PCAMLP,1294,1165.1451416015625,1167.5206298828125
PCAMLP,1295,1171.2703857421875,1171.5867919921875
PCAMLP,1296,1168.67822265625,1169.6268310546875
PCAMLP,1297,1166.2264404296875,1162.3623046875
PCAMLP,1298,1163.318359375,1167.3997802734375
PCAMLP,1299,1167.843017578125,1177.5126953125
PCAMLP,1300,1158.9888916015625,1168.23876953125
PCAMLP,1301,1176.499755859375,1172.029296875
PCAMLP,1302,1173.53759765625,1168.2105712890625
PCAMLP,1303,1171.7177734375,1175.0037841796875
PCAMLP,1304,1167.965576171875,1158.8204345703125
PCAMLP,1305,1172.577880859375,1167.693603515625
PCAMLP,1306,1170.9979248046875,1165.4547119140625
PCAMLP,1307,1167.7232666015625,1168.3865966796875
PCAMLP,1308,1171.1846923828125,1173.42822265625
PCAMLP,1309,1160.6500244140625,1168.8382568359375
PCAMLP,1310,1174.1861572265625,1172.4027099609375
PCAMLP,1311,1163.7384033203125,1171.2254638671875
PCAMLP,1312,1156.7615966796875,1169.853759765625
PCAMLP,1313,1154.60205078125,1160.1435546875
PCAMLP,1314,1167.58837890625,1170.7249755859375
PCAMLP,1315,1168.6905517578125,1160.412109375
PCAMLP,1316,1165.1455078125,1169.8760986328125
PCAMLP,1317,1173.1240234375,1165.863525390625
PCAMLP,1318,1160.68408203125,1171.22607421875
PCAMLP,1319,1162.9615478515625,1169.0430908203125
PCAMLP,1320,1166.57275390625,1169.40576171875
PCAMLP,1321,1168.585205078125,1168.885498046875
PCAMLP,1322,1174.2833251953125,1161.1170654296875
PCAMLP,1323,1164.3165283203125,1169.386474609375
PCAMLP,1324,1166.0487060546875,1167.79833984375
PCAMLP,1325,1171.1925048828125,1167.57080078125
PCAMLP,1326,1164.9610595703125,1173.90576171875
PCAMLP,1327,1174.7508544921875,1162.9345703125
PCAMLP,1328,1165.6907958984375,1168.0184326171875
PCAMLP,1329,1171.4075927734375,1157.393798828125
PCAMLP,1330,1168.9171142578125,1165.91162109375
PCAMLP,1331,1176.3470458984375,1174.1005859375
PCAMLP,1332,1164.7630615234375,1168.130859375
PCAMLP,1333,1171.8590087890625,1161.200927734375
PCAMLP,1334,1170.8623046875,1165.6298828125
PCAMLP,1335,1168.0745849609375,1168.633544921875
PCAMLP,1336,1163.0965576171875,1163.67333984375
PCAMLP,1337,1168.081787109375,1165.691162109375
PCAMLP,1338,1169.27490234375,1168.1820068359375
PCAMLP,1339,1170.1094970703125,1169.1279296875
PCAMLP,1340,1165.821044921875,1164.718017578125
PCAMLP,1341,1159.642578125,1166.1571044921875
PCAMLP,1342,1165.5845947265625,1165.77783203125
PCAMLP,1343,1168.464599609375,1157.8338623046875
PCAMLP,1344,1157.5740966796875,1171.7030029296875
PCAMLP,1345,1172.755615234375,1168.0233154296875
PCAMLP,1346,1167.7196044921875,1160.498046875
PCAMLP,1347,1163.49560546875,1161.0595703125
PCAMLP,1348,1170.43896484375,1174.943359375
PCAMLP,1349,1164.3963623046875,1174.538330078125
PCAMLP,1350,1166.7593994140625,1164.611328125
PCAMLP,1351,1164.8587646484375,1175.4697265625
PCAMLP,1352,1174.9920654296875,1154.630615234375
PCAMLP,1353,1166.6373291015625,1170.6396484375
PCAMLP,1354,1161.8035888671875,1161.32958984375
PCAMLP,1355,1171.41162109375,1168.7733154296875
PCAMLP,1356,1174.789306640625,1168.35302734375
PCAMLP,1357,1169.0599365234375,1169.4840087890625
PCAMLP,1358,1166.3599853515625,1160.8861083984375
PCAMLP,1359,1158.58154296875,1158.0238037109375
PCAMLP,1360,1169.1883544921875,1171.92333984375
PCAMLP,1361,1170.537841796875,1170.45068359375
PCAMLP,1362,1170.2640380859375,1177.9725341796875
PCAMLP,1363,1154.40966796875,1166.83349609375
PCAMLP,1364,1161.163330078125,1174.8221435546875
PCAMLP,1365,1174.216796875,1165.89404296875
PCAMLP,1366,1163.75927734375,1156.7633056640625
PCAMLP,1367,1175.87109375,1165.7813720703125
PCAMLP,1368,1165.877685546875,1163.5439453125
PCAMLP,1369,1178.3330078125,1163.5794677734375
PCAMLP,1370,1169.610107421875,1171.6800537109375
PCAMLP,1371,1161.6282958984375,1164.9788818359375
PCAMLP,1372,1168.94140625,1164.0733642578125
PCAMLP,1373,1157.9278564453125,1167.258056640625
PCAMLP,1374,1165.835693359375,1165.027099609375
PCAMLP,1375,1167.9627685546875,1166.2410888671875
PCAMLP,1376,1156.5364990234375,1170.8348388671875
PCAMLP,1377,1157.406494140625,1163.548583984375
PCAMLP,1378,1161.3983154296875,1163.716552734375
PCAMLP,1379,1172.435546875,1163.164794921875
PCAMLP,1380,1163.7528076171875,1162.538818359375
PCAMLP,1381,1166.665771484375,1170.979248046875
PCAMLP,1382,1159.539306640625,1168.5648193359375
PCAMLP,1383,1168.4632568359375,1165.35302734375
PCAMLP,1384,1171.21484375,1156.2132568359375
PCAMLP,1385,1157.6473388671875,1172.32958984375
PCAMLP,1386,1160.24609375,1171.3956298828125
PCAMLP,1387,1165.318115234375,1168.5478515625
PCAMLP,1388,1169.9439697265625,1165.2471923828125
PCAMLP,1389,1172.090087890625,1156.964599609375
PCAMLP,1390,1162.4322509765625,1174.21142578125
PCAMLP,1391,1168.447509765625,1165.7860107421875
PCAMLP,1392,1169.019775390625,1169.0364990234375
PCAMLP,1393,1162.89404296875,1156.1466064453125
PCAMLP,1394,1174.3775634765625,1170.22705078125
PCAMLP,1395,1174.235107421875,1169.4910888671875
PCAMLP,1396,1171.663330078125,1166.812255859375
PCAMLP,1397,1163.8533935546875,1160.509033203125
PCAMLP,1398,1170.459228515625,1161.9114990234375
PCAMLP,1399,1161.2657470703125,1171.6744384765625
PCAMLP,1400,1165.8453369140625,1164.1552734375
PCAMLP,1401,1166.486083984375,1171.802001953125
PCAMLP,1402,1162.6070556640625,1169.80029296875
PCAMLP,1403,1174.4420166015625,1168.1458740234375
PCAMLP,1404,1177.793701171875,1169.829345703125
PCAMLP,1405,1174.3548583984375,1159.8524169921875
PCAMLP,1406,1167.9271240234375,1168.465576171875
PCAMLP,1407,1165.134521484375,1170.749755859375
PCAMLP,1408,1165.482177734375,1167.9365234375
PCAMLP,1409,1166.4329833984375,1172.9808349609375
PCAMLP,1410,1173.5225830078125,1160.1685791015625
PCAMLP,1411,1159.0357666015625,1167.5745849609375
PCAMLP,1412,1164.551513671875,1161.3878173828125
PCAMLP,1413,1169.9422607421875,1167.381591796875
PCAMLP,1414,1170.0792236328125,1166.8504638671875
PCAMLP,1415,1170.6644287109375,1160.9315185546875
PCAMLP,1416,1174.36376953125,1162.549560546875
PCAMLP,1417,1172.15234375,1166.9163818359375
PCAMLP,1418,1166.010986328125,1166.45654296875
PCAMLP,1419,1162.3173828125,1163.644775390625
PCAMLP,1420,1167.5462646484375,1173.550048828125
PCAMLP,1421,1167.7857666015625,1171.1810302734375
PCAMLP,1422,1157.6416015625,1171.1151123046875
PCAMLP,1423,1161.0128173828125,1159.2193603515625
PCAMLP,1424,1161.3878173828125,1162.68359375
PCAMLP,1425,1166.024658203125,1163.07373046875
PCAMLP,1426,1158.5926513671875,1172.50341796875
PCAMLP,1427,1168.0775146484375,1160.6561279296875
PCAMLP,1428,1163.8382568359375,1170.333251953125
PCAMLP,1429,1159.8343505859375,1166.38525390625
PCAMLP,1430,1159.1693115234375,1166.9290771484375
PCAMLP,1431,1171.79931640625,1171.663818359375
PCAMLP,1432,1161.318603515625,1174.8277587890625
PCAMLP,1433,1168.2518310546875,1159.2105712890625
PCAMLP,1434,1171.281005859375,1172.411865234375
PCAMLP,1435,1161.093994140625,1164.9566650390625
PCAMLP,1436,1167.922607421875,1166.8370361328125
PCAMLP,1437,1164.8170166015625,1165.875
PCAMLP,1438,1179.671630859375,1164.4637451171875
PCAMLP,1439,1170.8975830078125,1166.833984375
PCAMLP,1440,1156.2122802734375,1161.5032958984375
PCAMLP,1441,1163.4068603515625,1169.761962890625
PCAMLP,1442,1158.9017333984375,1169.557861328125
PCAMLP,1443,1167.06005859375,1164.7078857421875
PCAMLP,1444,1172.4180908203125,1170.5531005859375
PCAMLP,1445,1176.56884765625,1162.862548828125
PCAMLP,1446,1167.2318115234375,1165.9935302734375
PCAMLP,1447,1177.5262451171875,1166.0823974609375
PCAMLP,1448,1168.923583984375,1163.978271484375
PCAMLP,1449,1179.731201171875,1165.883544921875
PCAMLP,1450,1167.96875,1170.14892578125
PCAMLP,1451,1158.250732421875,1164.4853515625
PCAMLP,1452,1166.1160888671875,1168.90576171875
PCAMLP,1453,1168.8858642578125,1163.96435546875
PCAMLP,1454,1166.040283203125,1165.9969482421875
PCAMLP,1455,1174.8665771484375,1161.6474609375
PCAMLP,1456,1163.67529296875,1159.549560546875
PCAMLP,1457,1171.6890869140625,1171.2998046875
PCAMLP,1458,1164.1494140625,1168.8468017578125
PCAMLP,1459,1163.918212890625,1169.93359375
PCAMLP,1460,1166.3623046875,1161.8753662109375
PCAMLP,1461,1166.634521484375,1164.4510498046875
PCAMLP,1462,1163.560546875,1162.705810546875
PCAMLP,1463,1169.816650390625,1155.6552734375
PCAMLP,1464,1164.6585693359375,1164.253662109375
PCAMLP,1465,1163.185791015625,1163.6898193359375
PCAMLP,1466,1169.18603515625,1168.967529296875
PCAMLP,1467,1171.413818359375,1166.917724609375
PCAMLP,1468,1162.8902587890625,1165.358642578125
PCAMLP,1469,1171.173828125,1165.003662109375
PCAMLP,1470,1175.08056640625,1154.906494140625
PCAMLP,1471,1157.971435546875,1160.611328125
PCAMLP,1472,1176.7474365234375,1170.2994384765625
PCAMLP,1473,1168.440185546875,1165.74853515625
PCAMLP,1474,1156.6339111328125,1164.081298828125
PCAMLP,1475,1166.1796875,1166.7012939453125
PCAMLP,1476,1171.9052734375,1162.3720703125
PCAMLP,1477,1170.0650634765625,1170.601318359375
PCAMLP,1478,1169.233642578125,1171.8978271484375
PCAMLP,1479,1164.518798828125,1168.0872802734375
PCAMLP,1480,1175.0570068359375,1174.6016845703125
PCAMLP,1481,1161.822998046875,1168.82861328125
PCAMLP,1482,1165.016357421875,1165.28173828125
PCAMLP,1483,1157.6845703125,1171.843017578125
PCAMLP,1484,1166.7471923828125,1168.584228515625
PCAMLP,1485,1171.4276123046875,1158.6905517578125
PCAMLP,1486,1167.4005126953125,1169.6102294921875
PCAMLP,1487,1169.17578125,1164.2230224609375
PCAMLP,1488,1168.9761962890625,1170.3736572265625
PCAMLP,1489,1170.9061279296875,1169.7786865234375
PCAMLP,1490,1169.149169921875,1166.1002197265625
PCAMLP,1491,1174.8363037109375,1174.8822021484375
PCAMLP,1492,1172.122314453125,1174.4599609375
PCAMLP,1493,1152.4068603515625,1157.788330078125
PCAMLP,1494,1165.7540283203125,1169.080810546875
PCAMLP,1495,1162.225830078125,1160.7083740234375
PCAMLP,1496,1161.7313232421875,1162.9649658203125
PCAMLP,1497,1168.7392578125,1160.757568359375
PCAMLP,1498,1167.0147705078125,1174.836669921875
PCAMLP,1499,1161.006103515625,1169.08544921875
PCAMLP,1500,1158.373291015625,1164.1436767578125
PCAMLP,1501,1162.871337890625,1162.7879638671875
PCAMLP,1502,1175.684326171875,1162.79248046875
PCAMLP,1503,1170.5615234375,1166.1595458984375
PCAMLP,1504,1168.054931640625,1166.9454345703125
PCAMLP,1505,1166.34521484375,1174.340087890625
PCAMLP,1506,1173.9722900390625,1170.435302734375
PCAMLP,1507,1168.287109375,1163.2552490234375
PCAMLP,1508,1167.1683349609375,1168.967529296875
PCAMLP,1509,1172.64794921875,1162.6607666015625
PCAMLP,1510,1164.2098388671875,1161.33056640625
PCAMLP,1511,1164.377197265625,1175.903564453125
PCAMLP,1512,1168.68212890625,1169.410400390625
PCAMLP,1513,1166.0703125,1174.0003662109375
PCAMLP,1514,1170.5721435546875,1170.9444580078125
PCAMLP,1515,1171.2545166015625,1177.9678955078125
PCAMLP,1516,1167.8106689453125,1168.601318359375
PCAMLP,1517,1168.1883544921875,1176.6068115234375
PCAMLP,1518,1173.4005126953125,1168.802001953125
PCAMLP,1519,1164.617431640625,1156.5267333984375
PCAMLP,1520,1175.249267578125,1163.9493408203125
PCAMLP,1521,1167.457763671875,1171.850341796875
PCAMLP,1522,1160.7655029296875,1174.4715576171875
PCAMLP,1523,1167.611572265625,1167.3115234375
PCAMLP,1524,1170.5439453125,1161.6993408203125
PCAMLP,1525,1164.4923095703125,1157.8590087890625
PCAMLP,1526,1163.23291015625,1163.8455810546875
PCAMLP,1527,1166.375,1159.537109375
PCAMLP,1528,1173.268798828125,1166.8773193359375
PCAMLP,1529,1161.4913330078125,1172.881103515625
PCAMLP,1530,1172.8275146484375,1166.484375
PCAMLP,1531,1171.95849609375,1160.52001953125
PCAMLP,1532,1163.435791015625,1163.1722412109375
PCAMLP,1533,1159.520263671875,1160.357421875
PCAMLP,1534,1171.1580810546875,1175.4212646484375
PCAMLP,1535,1171.9119873046875,1158.24609375
PCAMLP,1536,1163.8770751953125,1166.6988525390625
PCAMLP,1537,1160.7535400390625,1166.46826171875
PCAMLP,1538,1169.214599609375,1171.4266357421875
PCAMLP,1539,1156.904052734375,1161.4228515625
PCAMLP,1540,1165.0645751953125,1171.5224609375
PCAMLP,1541,1171.2520751953125,1164.716552734375
PCAMLP,1542,1161.578857421875,1169.798583984375
PCAMLP,1543,1163.52099609375,1168.8642578125
PCAMLP,1544,1164.5057373046875,1178.6610107421875
PCAMLP,1545,1170.4520263671875,1171.5445556640625
PCAMLP,1546,1167.27001953125,1160.940185546875
PCAMLP,1547,1172.9735107421875,1161.2532958984375
PCAMLP,1548,1171.078125,1165.380615234375
PCAMLP,1549,1167.3077392578125,1164.738525390625
PCAMLP,1550,1169.998046875,1159.539794921875
PCAMLP,1551,1176.3565673828125,1163.4764404296875
PCAMLP,1552,1155.1136474609375,1172.8802490234375
PCAMLP,1553,1161.8177490234375,1168.9290771484375
PCAMLP,1554,1163.7545166015625,1170.7562255859375
PCAMLP,1555,1170.6175537109375,1168.049072265625
PCAMLP,1556,1162.1807861328125,1169.562255859375
PCAMLP,1557,1161.1717529296875,1171.53857421875
PCAMLP,1558,1167.2330322265625,1163.6943359375
PCAMLP,1559,1173.4093017578125,1165.1300048828125
PCAMLP,1560,1169.2774658203125,1165.0401611328125
PCAMLP,1561,1171.888671875,1157.59814453125
PCAMLP,1562,1158.1300048828125,1165.9130859375
PCAMLP,1563,1159.3343505859375,1159.3460693359375
PCAMLP,1564,1161.6351318359375,1162.3863525390625
PCAMLP,1565,1161.603271484375,1167.6123046875
PCAMLP,1566,1169.30908203125,1163.55859375
PCAMLP,1567,1168.697509765625,1169.0738525390625
PCAMLP,1568,1169.3291015625,1166.745361328125
PCAMLP,1569,1160.17333984375,1162.689208984375
PCAMLP,1570,1165.6485595703125,1169.2415771484375
PCAMLP,1571,1157.60205078125,1171.3201904296875
PCAMLP,1572,1155.6544189453125,1160.568115234375
PCAMLP,1573,1165.32666015625,1169.748779296875
PCAMLP,1574,1163.9595947265625,1165.47607421875
PCAMLP,1575,1164.3453369140625,1164.8895263671875
PCAMLP,1576,1165.882080078125,1161.4859619140625
PCAMLP,1577,1169.0552978515625,1162.134521484375
PCAMLP,1578,1161.307861328125,1169.8560791015625
PCAMLP,1579,1161.698486328125,1168.850341796875
PCAMLP,1580,1166.311279296875,1167.308837890625
PCAMLP,1581,1164.09228515625,1168.142578125
PCAMLP,1582,1168.822998046875,1157.8428955078125
PCAMLP,1583,1153.01171875,1169.808349609375
PCAMLP,1584,1167.02099609375,1164.4239501953125
PCAMLP,1585,1173.337890625,1169.0391845703125
PCAMLP,1586,1162.9725341796875,1180.94677734375
PCAMLP,1587,1157.58349609375,1163.9908447265625
PCAMLP,1588,1168.2137451171875,1163.007568359375
PCAMLP,1589,1170.57275390625,1165.8858642578125
PCAMLP,1590,1167.4119873046875,1169.5848388671875
PCAMLP,1591,1172.9603271484375,1171.11328125
PCAMLP,1592,1166.89013671875,1166.171875
PCAMLP,1593,1170.4388427734375,1166.5770263671875
PCAMLP,1594,1169.76708984375,1171.7098388671875
PCAMLP,1595,1171.5689697265625,1156.6724853515625
PCAMLP,1596,1162.8338623046875,1171.019287109375
PCAMLP,1597,1166.31201171875,1164.7745361328125
PCAMLP,1598,1167.6953125,1161.3885498046875
PCAMLP,1599,1166.8695068359375,1168.567626953125
PCAMLP,1600,1162.65185546875,1158.7723388671875
PCAMLP,1601,1167.76611328125,1175.078125
PCAMLP,1602,1169.558837890625,1167.54931640625
PCAMLP,1603,1173.7591552734375,1168.8963623046875
PCAMLP,1604,1166.397705078125,1167.4298095703125
PCAMLP,1605,1170.4033203125,1169.8480224609375
PCAMLP,1606,1165.4591064453125,1165.6732177734375
PCAMLP,1607,1169.378662109375,1164.5916748046875
PCAMLP,1608,1163.37451171875,1168.1224365234375
PCAMLP,1609,1169.1512451171875,1158.0970458984375
PCAMLP,1610,1157.0711669921875,1168.5859375
PCAMLP,1611,1158.4083251953125,1165.50146484375
PCAMLP,1612,1164.9415283203125,1172.67626953125
PCAMLP,1613,1173.58154296875,1168.2322998046875
PCAMLP,1614,1154.61083984375,1165.086669921875
PCAMLP,1615,1166.265380859375,1165.4202880859375
PCAMLP,1616,1160.9114990234375,1159.0347900390625
PCAMLP,1617,1158.8157958984375,1158.0120849609375
PCAMLP,1618,1174.8380126953125,1164.7265625
PCAMLP,1619,1163.841552734375,1162.3990478515625
PCAMLP,1620,1161.8594970703125,1166.7427978515625
PCAMLP,1621,1164.231689453125,1166.27978515625
PCAMLP,1622,1164.883056640625,1164.5916748046875
PCAMLP,1623,1169.6048583984375,1165.916748046875
PCAMLP,1624,1167.0955810546875,1158.413330078125
PCAMLP,1625,1173.6689453125,1169.861083984375
PCAMLP,1626,1164.2513427734375,1168.435546875
PCAMLP,1627,1160.2757568359375,1175.9932861328125
PCAMLP,1628,1173.1387939453125,1162.8944091796875
PCAMLP,1629,1160.2362060546875,1166.0185546875
PCAMLP,1630,1165.6204833984375,1166.789794921875
PCAMLP,1631,1156.736083984375,1170.460205078125
PCAMLP,1632,1166.4285888671875,1172.46044921875
PCAMLP,1633,1161.022216796875,1173.7344970703125
PCAMLP,1634,1154.864501953125,1169.280029296875
PCAMLP,1635,1163.127685546875,1169.112548828125
PCAMLP,1636,1160.03173828125,1163.20947265625
PCAMLP,1637,1164.466796875,1168.7637939453125
PCAMLP,1638,1169.880126953125,1170.6253662109375
PCAMLP,1639,1171.413818359375,1164.1717529296875
PCAMLP,1640,1166.52978515625,1170.3292236328125
PCAMLP,1641,1168.00830078125,1164.3631591796875
PCAMLP,1642,1172.7880859375,1159.7027587890625
PCAMLP,1643,1157.516845703125,1162.6080322265625
PCAMLP,1644,1166.498046875,1162.5328369140625
PCAMLP,1645,1159.2647705078125,1165.751708984375
PCAMLP,1646,1167.780517578125,1164.2744140625
PCAMLP,1647,1160.3216552734375,1162.7716064453125
PCAMLP,1648,1165.0135498046875,1168.2222900390625
PCAMLP,1649,1164.25,1174.6845703125
PCAMLP,1650,1166.1182861328125,1159.029052734375
PCAMLP,1651,1176.384521484375,1160.4012451171875
PCAMLP,1652,1168.7218017578125,1168.288330078125
PCAMLP,1653,1167.7213134765625,1159.6640625
PCAMLP,1654,1167.831298828125,1159.780029296875
PCAMLP,1655,1163.0045166015625,1160.224365234375
PCAMLP,1656,1162.34765625,1167.3092041015625
PCAMLP,1657,1159.9232177734375,1172.8773193359375
PCAMLP,1658,1158.0860595703125,1169.995849609375
PCAMLP,1659,1167.138671875,1156.287353515625
PCAMLP,1660,1171.2998046875,1167.2733154296875
PCAMLP,1661,1172.432861328125,1162.2427978515625
PCAMLP,1662,1170.98095703125,1162.5760498046875
PCAMLP,1663,1171.102294921875,1165.7655029296875
PCAMLP,1664,1168.48291015625,1162.990966796875
PCAMLP,1665,1158.128662109375,1177.4398193359375
PCAMLP,1666,1154.82177734375,1160.9656982421875
PCAMLP,1667,1166.759033203125,1167.72705078125
PCAMLP,1668,1167.7435302734375,1177.654052734375
PCAMLP,1669,1174.82861328125,1162.02978515625
PCAMLP,1670,1165.0543212890625,1170.8565673828125
PCAMLP,1671,1165.7108154296875,1164.15966796875
PCAMLP,1672,1165.510498046875,1166.1129150390625
PCAMLP,1673,1169.84521484375,1170.395751953125
PCAMLP,1674,1162.3792724609375,1165.779541015625
PCAMLP,1675,1161.25244140625,1163.3675537109375
PCAMLP,1676,1168.7884521484375,1168.101318359375
PCAMLP,1677,1162.524658203125,1161.444091796875
PCAMLP,1678,1171.3458251953125,1175.8802490234375
PCAMLP,1679,1166.1373291015625,1168.7998046875
PCAMLP,1680,1157.949951171875,1156.426513671875
PCAMLP,1681,1162.7056884765625,1152.7545166015625
PCAMLP,1682,1158.7569580078125,1167.341796875
PCAMLP,1683,1160.6397705078125,1161.59130859375
PCAMLP,1684,1161.49560546875,1168.1307373046875
PCAMLP,1685,1169.1812744140625,1163.5972900390625
PCAMLP,1686,1169.096923828125,1160.7657470703125
PCAMLP,1687,1176.7840576171875,1161.92822265625
PCAMLP,1688,1164.2012939453125,1169.0262451171875
PCAMLP,1689,1167.304931640625,1164.155029296875
PCAMLP,1690,1165.10498046875,1164.13427734375
PCAMLP,1691,1167.426513671875,1175.4017333984375
PCAMLP,1692,1166.1680908203125,1161.7677001953125
PCAMLP,1693,1169.580322265625,1172.212158203125
PCAMLP,1694,1166.710693359375,1167.6260986328125
PCAMLP,1695,1160.935546875,1170.85302734375
PCAMLP,1696,1169.2921142578125,1161.049072265625
PCAMLP,1697,1168.3067626953125,1156.349853515625
PCAMLP,1698,1170.09375,1168.4263916015625
PCAMLP,1699,1168.549072265625,1161.919921875
PCAMLP,1700,1170.7965087890625,1166.82666015625
PCAMLP,1701,1163.1815185546875,1168.053466796875
PCAMLP,1702,1169.705322265625,1171.3958740234375
PCAMLP,1703,1171.3807373046875,1165.5228271484375
PCAMLP,1704,1168.662841796875,1160.304443359375
PCAMLP,1705,1170.590576171875,1160.1181640625
PCAMLP,1706,1173.3603515625,1166.7427978515625
PCAMLP,1707,1172.2120361328125,1167.4583740234375
PCAMLP,1708,1166.319580078125,1170.74658203125
PCAMLP,1709,1158.7392578125,1163.8995361328125
PCAMLP,1710,1165.2203369140625,1167.2652587890625
PCAMLP,1711,1166.4368896484375,1167.3760986328125
PCAMLP,1712,1158.1328125,1169.097412109375
PCAMLP,1713,1158.2103271484375,1164.0765380859375
PCAMLP,1714,1159.3775634765625,1163.3360595703125
PCAMLP,1715,1166.049072265625,1168.2501220703125
PCAMLP,1716,1163.8997802734375,1167.3408203125
PCAMLP,1717,1161.950439453125,1163.0118408203125
PCAMLP,1718,1163.3800048828125,1164.02685546875
PCAMLP,1719,1164.6563720703125,1170.576416015625
PCAMLP,1720,1161.7161865234375,1161.268798828125
PCAMLP,1721,1166.7384033203125,1165.18798828125
PCAMLP,1722,1165.069091796875,1170.5303955078125
PCAMLP,1723,1166.8017578125,1165.2415771484375
PCAMLP,1724,1170.2847900390625,1168.48486328125
PCAMLP,1725,1161.3526611328125,1158.4149169921875
PCAMLP,1726,1168.986328125,1162.530029296875
PCAMLP,1727,1165.5001220703125,1166.730224609375
PCAMLP,1728,1166.113525390625,1163.4130859375
PCAMLP,1729,1171.918701171875,1168.728759765625
PCAMLP,1730,1163.862060546875,1167.279052734375
PCAMLP,1731,1161.593994140625,1163.8409423828125
PCAMLP,1732,1159.999267578125,1161.3582763671875
PCAMLP,1733,1162.3280029296875,1164.343505859375
PCAMLP,1734,1164.384521484375,1174.4755859375
PCAMLP,1735,1169.611328125,1166.0040283203125
PCAMLP,1736,1166.04736328125,1164.9088134765625
PCAMLP,1737,1163.80126953125,1169.391357421875
PCAMLP,1738,1166.494873046875,1162.6502685546875
PCAMLP,1739,1163.3505859375,1166.0810546875
PCAMLP,1740,1165.5748291015625,1161.6767578125
PCAMLP,1741,1167.5130615234375,1160.6492919921875
PCAMLP,1742,1157.850830078125,1168.418701171875
PCAMLP,1743,1160.65283203125,1159.1915283203125
PCAMLP,1744,1162.01953125,1172.130615234375
PCAMLP,1745,1165.0611572265625,1157.786865234375
PCAMLP,1746,1166.3369140625,1169.4837646484375
PCAMLP,1747,1165.7333984375,1168.3818359375
PCAMLP,1748,1164.5333251953125,1172.6177978515625
PCAMLP,1749,1168.7950439453125,1166.52734375
PCAMLP,1750,1171.9635009765625,1162.5264892578125
PCAMLP,1751,1160.6595458984375,1157.01904296875
PCAMLP,1752,1166.7896728515625,1162.630615234375
PCAMLP,1753,1168.4967041015625,1167.66259765625
PCAMLP,1754,1159.781494140625,1170.9212646484375
PCAMLP,1755,1165.2081298828125,1165.0108642578125
PCAMLP,1756,1161.7825927734375,1157.630859375
PCAMLP,1757,1162.9093017578125,1163.7049560546875
PCAMLP,1758,1157.505615234375,1181.24560546875
PCAMLP,1759,1166.0133056640625,1169.6890869140625
PCAMLP,1760,1169.708251953125,1160.7406005859375
PCAMLP,1761,1164.482666015625,1162.1668701171875
PCAMLP,1762,1166.0863037109375,1160.6181640625
PCAMLP,1763,1170.0660400390625,1168.9637451171875
PCAMLP,1764,1165.5234375,1170.2083740234375
PCAMLP,1765,1155.2481689453125,1167.45751953125
PCAMLP,1766,1164.3604736328125,1156.487548828125
PCAMLP,1767,1163.452392578125,1162.0887451171875
PCAMLP,1768,1162.469482421875,1164.071044921875
PCAMLP,1769,1170.78173828125,1156.8997802734375
PCAMLP,1770,1159.0625,1161.174560546875
PCAMLP,1771,1168.4093017578125,1171.6953125
PCAMLP,1772,1176.0262451171875,1161.379150390625
PCAMLP,1773,1160.5010986328125,1166.706787109375
PCAMLP,1774,1167.57275390625,1160.5535888671875
PCAMLP,1775,1159.8380126953125,1168.0333251953125
PCAMLP,1776,1164.367431640625,1164.7705078125
PCAMLP,1777,1164.7841796875,1156.9920654296875
PCAMLP,1778,1166.858154296875,1164.5303955078125
PCAMLP,1779,1170.0010986328125,1161.633056640625
PCAMLP,1780,1163.290283203125,1165.7401123046875
PCAMLP,1781,1161.4718017578125,1168.055908203125
PCAMLP,1782,1161.98095703125,1170.510009765625
PCAMLP,1783,1163.902587890625,1161.1341552734375
PCAMLP,1784,1170.7457275390625,1176.6883544921875
PCAMLP,1785,1157.968994140625,1169.0433349609375
PCAMLP,1786,1158.330810546875,1169.990478515625
PCAMLP,1787,1170.88427734375,1175.7755126953125
PCAMLP,1788,1156.7745361328125,1171.0970458984375
PCAMLP,1789,1164.1708984375,1157.3468017578125
PCAMLP,1790,1161.0,1165.801025390625
PCAMLP,1791,1167.6630859375,1159.089111328125
PCAMLP,1792,1170.674560546875,1161.2080078125
PCAMLP,1793,1160.133544921875,1166.35302734375
PCAMLP,1794,1168.010498046875,1162.861328125
PCAMLP,1795,1170.141845703125,1172.68896484375
PCAMLP,1796,1164.7921142578125,1165.4549560546875
PCAMLP,1797,1163.192138671875,1161.300537109375
PCAMLP,1798,1163.7635498046875,1162.796142578125
PCAMLP,1799,1158.43115234375,1159.706298828125
PCAMLP,1800,1159.1793212890625,1159.9703369140625
PCAMLP,1801,1170.860595703125,1172.5867919921875
PCAMLP,1802,1162.9613037109375,1168.6112060546875
PCAMLP,1803,1161.9190673828125,1158.4713134765625
PCAMLP,1804,1169.628662109375,1165.757080078125
PCAMLP,1805,1157.67919921875,1156.5654296875
PCAMLP,1806,1166.71240234375,1167.592041015625
PCAMLP,1807,1165.9873046875,1160.9483642578125
PCAMLP,1808,1166.4078369140625,1172.3402099609375
PCAMLP,1809,1174.801513671875,1167.7960205078125
PCAMLP,1810,1157.105712890625,1165.134521484375
PCAMLP,1811,1169.381103515625,1164.9490966796875
PCAMLP,1812,1175.998779296875,1165.57763671875
PCAMLP,1813,1155.5084228515625,1167.630126953125
PCAMLP,1814,1168.161376953125,1165.4041748046875
PCAMLP,1815,1160.8360595703125,1167.9439697265625
PCAMLP,1816,1173.0501708984375,1172.0064697265625
PCAMLP,1817,1164.326416015625,1154.123779296875
PCAMLP,1818,1166.133056640625,1157.21435546875
PCAMLP,1819,1165.110595703125,1158.5218505859375
PCAMLP,1820,1165.707275390625,1160.308349609375
PCAMLP,1821,1164.072998046875,1169.5330810546875
PCAMLP,1822,1172.87744140625,1164.622802734375
PCAMLP,1823,1167.7657470703125,1166.3916015625
PCAMLP,1824,1166.6685791015625,1162.1334228515625
PCAMLP,1825,1162.0445556640625,1170.458251953125
PCAMLP,1826,1166.1375732421875,1161.1796875
PCAMLP,1827,1165.3017578125,1162.05078125
PCAMLP,1828,1157.002685546875,1167.818115234375
PCAMLP,1829,1165.5545654296875,1163.4781494140625
PCAMLP,1830,1163.19384765625,1158.716552734375
PCAMLP,1831,1165.4635009765625,1169.912109375
PCAMLP,1832,1163.883056640625,1157.36328125
PCAMLP,1833,1158.932861328125,1164.4873046875
PCAMLP,1834,1165.342041015625,1167.4835205078125
PCAMLP,1835,1156.3548583984375,1168.318603515625
PCAMLP,1836,1171.2861328125,1158.25732421875
PCAMLP,1837,1165.489013671875,1157.5634765625
PCAMLP,1838,1166.241455078125,1172.2730712890625
PCAMLP,1839,1161.1263427734375,1164.5653076171875
PCAMLP,1840,1161.4854736328125,1159.6195068359375
PCAMLP,1841,1174.819580078125,1171.00341796875
PCAMLP,1842,1158.24755859375,1169.3553466796875
PCAMLP,1843,1161.4527587890625,1165.259765625
PCAMLP,1844,1170.748046875,1166.9876708984375
PCAMLP,1845,1168.4696044921875,1169.9251708984375
PCAMLP,1846,1166.5157470703125,1162.48681640625
PCAMLP,1847,1165.39404296875,1163.694091796875
PCAMLP,1848,1167.26220703125,1161.9752197265625
PCAMLP,1849,1171.342041015625,1165.55517578125
PCAMLP,1850,1164.8736572265625,1162.426025390625
PCAMLP,1851,1163.4312744140625,1165.7200927734375
PCAMLP,1852,1160.017578125,1161.93701171875
PCAMLP,1853,1156.111328125,1160.2808837890625
PCAMLP,1854,1164.8084716796875,1163.3590087890625
PCAMLP,1855,1162.5675048828125,1168.7850341796875
PCAMLP,1856,1170.562255859375,1157.9739990234375
PCAMLP,1857,1172.4007568359375,1171.130615234375
PCAMLP,1858,1165.8160400390625,1167.288818359375
PCAMLP,1859,1173.2650146484375,1167.324462890625
PCAMLP,1860,1165.315673828125,1166.4578857421875
PCAMLP,1861,1162.620361328125,1166.3345947265625
PCAMLP,1862,1161.1949462890625,1161.332763671875
PCAMLP,1863,1157.9749755859375,1165.9705810546875
PCAMLP,1864,1161.4420166015625,1156.428466796875
PCAMLP,1865,1164.1220703125,1171.943115234375
PCAMLP,1866,1172.3489990234375,1157.402099609375
PCAMLP,1867,1163.0743408203125,1172.67529296875
PCAMLP,1868,1160.3212890625,1163.982177734375
PCAMLP,1869,1165.8280029296875,1168.16259765625
PCAMLP,1870,1159.9693603515625,1159.4398193359375
PCAMLP,1871,1163.9488525390625,1156.3778076171875
PCAMLP,1872,1153.97119140625,1163.2650146484375
PCAMLP,1873,1170.086669921875,1171.9708251953125
PCAMLP,1874,1166.0384521484375,1166.30029296875
PCAMLP,1875,1165.1265869140625,1166.3912353515625
PCAMLP,1876,1173.0877685546875,1159.26708984375
PCAMLP,1877,1161.92626953125,1156.6619873046875
PCAMLP,1878,1165.569091796875,1166.14208984375
PCAMLP,1879,1167.74658203125,1159.4613037109375
PCAMLP,1880,1159.12841796875,1167.98486328125
PCAMLP,1881,1161.548828125,1162.849853515625
PCAMLP,1882,1162.349853515625,1167.8880615234375
PCAMLP,1883,1156.9244384765625,1158.486328125
PCAMLP,1884,1164.7572021484375,1160.2841796875
PCAMLP,1885,1157.6854248046875,1159.660888671875
PCAMLP,1886,1165.9443359375,1163.4180908203125
PCAMLP,1887,1165.1021728515625,1160.60302734375
PCAMLP,1888,1171.16650390625,1166.1502685546875
PCAMLP,1889,1172.3856201171875,1163.1923828125
PCAMLP,1890,1159.0648193359375,1158.7225341796875
PCAMLP,1891,1167.3677978515625,1163.080322265625
PCAMLP,1892,1164.889404296875,1157.14453125
PCAMLP,1893,1161.7938232421875,1165.11474609375
PCAMLP,1894,1170.1192626953125,1160.31884765625
PCAMLP,1895,1168.3201904296875,1167.5596923828125
PCAMLP,1896,1161.412109375,1159.956787109375
PCAMLP,1897,1162.5941162109375,1166.663330078125
PCAMLP,1898,1169.049072265625,1165.0269775390625
PCAMLP,1899,1167.465576171875,1165.1353759765625
PCAMLP,1900,1159.8895263671875,1165.6170654296875
PCAMLP,1901,1158.798828125,1167.1605224609375
PCAMLP,1902,1164.1951904296875,1170.3753662109375
PCAMLP,1903,1167.6328125,1160.796630859375
PCAMLP,1904,1171.466796875,1157.906005859375
PCAMLP,1905,1164.48486328125,1155.6336669921875
PCAMLP,1906,1164.77783203125,1162.6512451171875
PCAMLP,1907,1161.45751953125,1157.52685546875
PCAMLP,1908,1166.9044189453125,1157.4466552734375
PCAMLP,1909,1160.755126953125,1158.3216552734375
PCAMLP,1910,1168.4598388671875,1159.3798828125
PCAMLP,1911,1158.052001953125,1167.3026123046875
PCAMLP,1912,1168.322998046875,1163.0162353515625
PCAMLP,1913,1167.4840087890625,1165.458251953125
PCAMLP,1914,1163.279541015625,1157.436767578125
PCAMLP,1915,1163.8533935546875,1167.67578125
PCAMLP,1916,1165.60595703125,1161.2491455078125
PCAMLP,1917,1162.6259765625,1165.6566162109375
PCAMLP,1918,1162.7154541015625,1159.3328857421875
PCAMLP,1919,1167.0155029296875,1176.353759765625
PCAMLP,1920,1157.5423583984375,1174.2542724609375
PCAMLP,1921,1168.70654296875,1158.0670166015625
PCAMLP,1922,1156.1375732421875,1166.572265625
PCAMLP,1923,1166.400390625,1163.98876953125
PCAMLP,1924,1162.6943359375,1162.9605712890625
PCAMLP,1925,1162.0728759765625,1167.6678466796875
PCAMLP,1926,1161.9111328125,1166.010986328125
PCAMLP,1927,1158.925048828125,1170.613037109375
PCAMLP,1928,1167.333984375,1170.623046875
PCAMLP,1929,1164.2862548828125,1167.0240478515625
PCAMLP,1930,1165.702880859375,1163.81005859375
PCAMLP,1931,1157.67236328125,1159.0758056640625
PCAMLP,1932,1156.9052734375,1164.023681640625
PCAMLP,1933,1169.8477783203125,1164.372802734375
PCAMLP,1934,1163.231689453125,1158.3980712890625
PCAMLP,1935,1167.324462890625,1166.642578125
PCAMLP,1936,1180.46923828125,1150.1741943359375
PCAMLP,1937,1165.549560546875,1173.839111328125
PCAMLP,1938,1162.87353515625,1161.644287109375
PCAMLP,1939,1162.1475830078125,1159.2147216796875
PCAMLP,1940,1165.70703125,1167.8087158203125
PCAMLP,1941,1168.12109375,1159.7423095703125
PCAMLP,1942,1164.2767333984375,1168.582275390625
PCAMLP,1943,1172.8677978515625,1159.2774658203125
PCAMLP,1944,1155.7998046875,1162.5238037109375
PCAMLP,1945,1163.4720458984375,1161.1336669921875
PCAMLP,1946,1159.3973388671875,1160.3525390625
PCAMLP,1947,1159.925048828125,1162.8157958984375
PCAMLP,1948,1162.83984375,1161.4105224609375
PCAMLP,1949,1158.466796875,1164.1541748046875
PCAMLP,1950,1173.5504150390625,1163.6719970703125
PCAMLP,1951,1157.5213623046875,1178.4921875
PCAMLP,1952,1167.869384765625,1160.0655517578125
PCAMLP,1953,1167.7025146484375,1165.881591796875
PCAMLP,1954,1159.216552734375,1167.7847900390625
PCAMLP,1955,1161.7215576171875,1164.501953125
PCAMLP,1956,1156.8424072265625,1156.5509033203125
PCAMLP,1957,1167.6182861328125,1158.2513427734375
PCAMLP,1958,1176.9764404296875,1169.3916015625
PCAMLP,1959,1163.7052001953125,1167.215576171875
PCAMLP,1960,1170.429443359375,1162.216796875
PCAMLP,1961,1166.7880859375,1157.551513671875
PCAMLP,1962,1164.3907470703125,1157.0145263671875
PCAMLP,1963,1168.656005859375,1160.3646240234375
PCAMLP,1964,1165.37255859375,1166.489013671875
PCAMLP,1965,1164.5716552734375,1163.839111328125
PCAMLP,1966,1156.7545166015625,1157.0545654296875
PCAMLP,1967,1165.558349609375,1161.9140625
PCAMLP,1968,1169.1077880859375,1164.3546142578125
PCAMLP,1969,1164.73095703125,1159.1202392578125
PCAMLP,1970,1159.8280029296875,1157.9119873046875
PCAMLP,1971,1166.8580322265625,1160.4454345703125
PCAMLP,1972,1160.4415283203125,1170.1256103515625
PCAMLP,1973,1165.4775390625,1165.767333984375
PCAMLP,1974,1162.8172607421875,1163.341064453125
PCAMLP,1975,1162.9635009765625,1169.0877685546875
PCAMLP,1976,1157.779296875,1169.1627197265625
PCAMLP,1977,1169.12158203125,1160.2325439453125
PCAMLP,1978,1163.5682373046875,1159.6060791015625
PCAMLP,1979,1168.4979248046875,1162.6829833984375
PCAMLP,1980,1162.2947998046875,1159.85107421875
PCAMLP,1981,1170.998046875,1157.53125
PCAMLP,1982,1160.5206298828125,1158.9892578125
PCAMLP,1983,1157.6693115234375,1166.415771484375
PCAMLP,1984,1155.873779296875,1164.4219970703125
PCAMLP,1985,1157.6845703125,1163.5277099609375
PCAMLP,1986,1158.7406005859375,1161.18603515625
PCAMLP,1987,1156.88427734375,1162.588134765625
PCAMLP,1988,1163.0262451171875,1160.4007568359375
PCAMLP,1989,1171.568359375,1165.901611328125
PCAMLP,1990,1166.704833984375,1162.3560791015625
PCAMLP,1991,1163.9571533203125,1161.31689453125
PCAMLP,1992,1168.0994873046875,1174.352783203125
PCAMLP,1993,1164.1763916015625,1165.5562744140625
PCAMLP,1994,1161.017578125,1172.3260498046875
PCAMLP,1995,1156.6912841796875,1160.8233642578125
PCAMLP,1996,1165.44580078125,1153.5111083984375
PCAMLP,1997,1161.6678466796875,1162.2119140625
PCAMLP,1998,1159.8240966796875,1165.7100830078125
PCAMLP,1999,1168.8040771484375,1162.83349609375
PCAMLP,2000,1167.96484375,1164.1898193359375
PCAMLP,2001,1170.2620849609375,1159.4385986328125
PCAMLP,2002,1156.798095703125,1168.8643798828125
PCAMLP,2003,1164.3663330078125,1163.5379638671875
PCAMLP,2004,1157.4998779296875,1172.15625
PCAMLP,2005,1160.0770263671875,1157.394775390625
PCAMLP,2006,1171.4033203125,1167.133056640625
PCAMLP,2007,1167.7335205078125,1169.580078125
PCAMLP,2008,1162.7547607421875,1172.24365234375
PCAMLP,2009,1164.784423828125,1160.67626953125
PCAMLP,2010,1170.9862060546875,1157.703857421875
PCAMLP,2011,1155.926025390625,1165.42578125
PCAMLP,2012,1160.355712890625,1162.98681640625
PCAMLP,2013,1166.6817626953125,1174.6954345703125
PCAMLP,2014,1160.6368408203125,1163.263671875
PCAMLP,2015,1163.697998046875,1167.0074462890625
PCAMLP,2016,1172.3692626953125,1163.75927734375
PCAMLP,2017,1165.38427734375,1156.2421875
PCAMLP,2018,1162.246337890625,1162.06103515625
PCAMLP,2019,1157.8782958984375,1161.17822265625
PCAMLP,2020,1161.5455322265625,1160.1488037109375
PCAMLP,2021,1168.1507568359375,1160.531494140625
PCAMLP,2022,1161.548828125,1171.2208251953125
PCAMLP,2023,1156.05908203125,1166.747802734375
PCAMLP,2024,1158.76904296875,1162.3619384765625
PCAMLP,2025,1166.5703125,1166.7430419921875
PCAMLP,2026,1162.1632080078125,1162.0743408203125
PCAMLP,2027,1169.693603515625,1175.233154296875
PCAMLP,2028,1160.81298828125,1161.825927734375
PCAMLP,2029,1161.4097900390625,1154.7725830078125
PCAMLP,2030,1156.44384765625,1163.8338623046875
PCAMLP,2031,1161.8753662109375,1149.459716796875
PCAMLP,2032,1155.2939453125,1159.4866943359375
PCAMLP,2033,1158.6051025390625,1159.955322265625
PCAMLP,2034,1168.101318359375,1160.4849853515625
PCAMLP,2035,1166.472900390625,1167.1103515625
PCAMLP,2036,1166.1075439453125,1158.360595703125
PCAMLP,2037,1159.4932861328125,1166.7645263671875
PCAMLP,2038,1157.59765625,1167.159423828125
PCAMLP,2039,1162.74609375,1161.0567626953125
PCAMLP,2040,1162.4703369140625,1168.197998046875
PCAMLP,2041,1165.228515625,1158.7159423828125
PCAMLP,2042,1167.130859375,1173.280029296875
PCAMLP,2043,1162.2685546875,1155.8038330078125
PCAMLP,2044,1163.932861328125,1165.6025390625
PCAMLP,2045,1165.97802734375,1170.806884765625
PCAMLP,2046,1163.260009765625,1165.1875
PCAMLP,2047,1161.9205322265625,1161.45166015625
PCAMLP,2048,1161.0413818359375,1166.2447509765625
PCAMLP,2049,1157.57177734375,1165.62158203125
PCAMLP,2050,1151.4776611328125,1160.560791015625
PCAMLP,2051,1162.5438232421875,1171.6180419921875
PCAMLP,2052,1161.12451171875,1162.5213623046875
PCAMLP,2053,1164.17236328125,1162.061767578125
PCAMLP,2054,1161.498046875,1166.8980712890625
PCAMLP,2055,1166.005859375,1164.3448486328125
PCAMLP,2056,1165.56494140625,1158.570068359375
PCAMLP,2057,1161.61474609375,1163.1771240234375
PCAMLP,2058,1161.411865234375,1166.682373046875
PCAMLP,2059,1157.139404296875,1162.32177734375
PCAMLP,2060,1161.6988525390625,1161.1180419921875
PCAMLP,2061,1163.9525146484375,1171.58349609375
PCAMLP,2062,1159.5,1169.3389892578125
PCAMLP,2063,1158.7342529296875,1163.4560546875
PCAMLP,2064,1165.319091796875,1161.374267578125
PCAMLP,2065,1161.0814208984375,1166.0008544921875
PCAMLP,2066,1160.4427490234375,1159.9605712890625
PCAMLP,2067,1160.541259765625,1168.3548583984375
PCAMLP,2068,1167.9937744140625,1171.5411376953125
PCAMLP,2069,1174.259521484375,1152.9671630859375
PCAMLP,2070,1159.299560546875,1175.099365234375
PCAMLP,2071,1164.5047607421875,1173.0777587890625
PCAMLP,2072,1158.5631103515625,1153.8916015625
PCAMLP,2073,1167.6552734375,1172.347900390625
PCAMLP,2074,1158.0028076171875,1156.489013671875
PCAMLP,2075,1168.8907470703125,1167.017578125
PCAMLP,2076,1163.24853515625,1163.2486572265625
PCAMLP,2077,1153.516845703125,1169.2652587890625
PCAMLP,2078,1157.7154541015625,1165.2275390625
PCAMLP,2079,1158.27978515625,1165.715576171875
PCAMLP,2080,1163.2862548828125,1171.2406005859375
PCAMLP,2081,1165.6192626953125,1160.8280029296875
PCAMLP,2082,1168.157470703125,1160.6865234375
PCAMLP,2083,1156.394775390625,1156.825439453125
PCAMLP,2084,1163.7689208984375,1154.4798583984375
PCAMLP,2085,1166.3770751953125,1164.5052490234375
PCAMLP,2086,1164.8160400390625,1159.07666015625
PCAMLP,2087,1162.8990478515625,1154.8485107421875
PCAMLP,2088,1155.84375,1159.6973876953125
PCAMLP,2089,1166.1566162109375,1160.519287109375
PCAMLP,2090,1164.6788330078125,1170.9300537109375
PCAMLP,2091,1163.40966796875,1171.592041015625
PCAMLP,2092,1163.98779296875,1165.8406982421875
PCAMLP,2093,1160.5577392578125,1159.4127197265625
PCAMLP,2094,1166.3968505859375,1166.92529296875
PCAMLP,2095,1162.8507080078125,1162.7435302734375
PCAMLP,2096,1168.6566162109375,1156.3558349609375
PCAMLP,2097,1157.57373046875,1159.11181640625
PCAMLP,2098,1161.135986328125,1160.694580078125
PCAMLP,2099,1163.400634765625,1158.683837890625
PCAMLP,2100,1173.2923583984375,1160.7723388671875
PCAMLP,2101,1167.318115234375,1157.9322509765625
PCAMLP,2102,1161.238525390625,1164.9033203125
PCAMLP,2103,1163.8238525390625,1170.521484375
PCAMLP,2104,1168.2333984375,1170.083251953125
PCAMLP,2105,1165.8914794921875,1161.6888427734375
PCAMLP,2106,1164.18310546875,1164.0150146484375
PCAMLP,2107,1162.591064453125,1158.620849609375
PCAMLP,2108,1160.41015625,1171.6756591796875
PCAMLP,2109,1160.0570068359375,1155.1268310546875
PCAMLP,2110,1160.4005126953125,1166.091064453125
PCAMLP,2111,1169.6163330078125,1156.4837646484375
PCAMLP,2112,1161.406005859375,1164.0006103515625
PCAMLP,2113,1157.5701904296875,1167.2947998046875
PCAMLP,2114,1162.4820556640625,1170.121337890625
PCAMLP,2115,1169.5345458984375,1161.7664794921875
PCAMLP,2116,1163.496337890625,1160.0220947265625
PCAMLP,2117,1163.5975341796875,1160.1671142578125
PCAMLP,2118,1167.5975341796875,1164.2635498046875
PCAMLP,2119,1161.5545654296875,1168.193603515625
PCAMLP,2120,1156.5283203125,1154.0828857421875
PCAMLP,2121,1167.1258544921875,1167.83251953125
PCAMLP,2122,1164.27294921875,1168.633056640625
PCAMLP,2123,1154.74560546875,1162.186279296875
PCAMLP,2124,1159.27880859375,1162.476318359375
PCAMLP,2125,1166.02685546875,1163.3623046875
PCAMLP,2126,1151.2125244140625,1170.0531005859375
PCAMLP,2127,1163.4322509765625,1156.6630859375
PCAMLP,2128,1165.9630126953125,1160.3255615234375
PCAMLP,2129,1165.1500244140625,1154.121826171875
PCAMLP,2130,1161.3797607421875,1164.1507568359375
PCAMLP,2131,1165.363525390625,1160.54443359375
PCAMLP,2132,1160.952392578125,1161.5406494140625
PCAMLP,2133,1167.509033203125,1171.696533203125
PCAMLP,2134,1164.4217529296875,1167.0015869140625
PCAMLP,2135,1155.11669921875,1168.2449951171875
PCAMLP,2136,1177.033935546875,1165.808837890625
PCAMLP,2137,1151.148681640625,1161.74658203125
PCAMLP,2138,1160.0150146484375,1162.798583984375
PCAMLP,2139,1161.2222900390625,1172.455322265625
PCAMLP,2140,1155.41748046875,1168.37451171875
PCAMLP,2141,1163.99365234375,1165.5885009765625
PCAMLP,2142,1161.080322265625,1164.13232421875
PCAMLP,2143,1163.48388671875,1162.3359375
PCAMLP,2144,1161.561279296875,1162.819580078125
PCAMLP,2145,1162.04736328125,1161.2921142578125
PCAMLP,2146,1163.810791015625,1164.299072265625
PCAMLP,2147,1162.6748046875,1163.00146484375
PCAMLP,2148,1166.2923583984375,1165.5430908203125
PCAMLP,2149,1160.0555419921875,1155.716064453125
PCAMLP,2150,1160.8944091796875,1158.169677734375
PCAMLP,2151,1157.3062744140625,1163.6768798828125
PCAMLP,2152,1147.8389892578125,1166.825439453125
PCAMLP,2153,1164.4359130859375,1167.20751953125
PCAMLP,2154,1170.7159423828125,1158.6650390625
PCAMLP,2155,1148.371337890625,1162.9635009765625
PCAMLP,2156,1169.6190185546875,1160.226318359375
PCAMLP,2157,1161.22216796875,1157.69482421875
PCAMLP,2158,1166.1927490234375,1168.2611083984375
PCAMLP,2159,1155.7598876953125,1159.1199951171875
PCAMLP,2160,1156.1435546875,1159.87255859375
PCAMLP,2161,1166.00146484375,1160.283447265625
PCAMLP,2162,1151.1744384765625,1163.519775390625
PCAMLP,2163,1158.63330078125,1162.7041015625
PCAMLP,2164,1164.778564453125,1169.1502685546875
PCAMLP,2165,1161.7039794921875,1158.3740234375
PCAMLP,2166,1161.9443359375,1156.9815673828125
PCAMLP,2167,1161.301025390625,1160.337158203125
PCAMLP,2168,1167.8560791015625,1164.0352783203125
PCAMLP,2169,1162.5882568359375,1166.27685546875
PCAMLP,2170,1165.4444580078125,1158.6884765625
PCAMLP,2171,1163.3856201171875,1160.961181640625
PCAMLP,2172,1160.7320556640625,1162.237548828125
PCAMLP,2173,1162.5125732421875,1165.7359619140625
PCAMLP,2174,1156.0255126953125,1159.0543212890625
PCAMLP,2175,1163.97705078125,1161.400390625
PCAMLP,2176,1163.539306640625,1159.9808349609375
PCAMLP,2177,1159.9229736328125,1163.2757568359375
PCAMLP,2178,1166.0804443359375,1164.1795654296875
PCAMLP,2179,1166.9090576171875,1161.6488037109375
PCAMLP,2180,1167.3238525390625,1160.9486083984375
PCAMLP,2181,1170.4163818359375,1166.9085693359375
PCAMLP,2182,1160.1099853515625,1166.6630859375
PCAMLP,2183,1167.0128173828125,1158.7611083984375
PCAMLP,2184,1167.04931640625,1164.558837890625
PCAMLP,2185,1172.346923828125,1160.749755859375
PCAMLP,2186,1158.009033203125,1167.2755126953125
PCAMLP,2187,1160.4796142578125,1164.8656005859375
PCAMLP,2188,1163.9246826171875,1165.591796875
PCAMLP,2189,1164.068115234375,1157.211669921875
PCAMLP,2190,1161.2237548828125,1158.75244140625
PCAMLP,2191,1163.885498046875,1157.399169921875
PCAMLP,2192,1167.5247802734375,1162.5980224609375
PCAMLP,2193,1162.53515625,1168.0218505859375
PCAMLP,2194,1163.7841796875,1156.7955322265625
PCAMLP,2195,1172.0555419921875,1157.1585693359375
PCAMLP,2196,1154.8968505859375,1157.4635009765625
PCAMLP,2197,1157.8338623046875,1161.2320556640625
PCAMLP,2198,1163.9908447265625,1161.4620361328125
PCAMLP,2199,1162.079833984375,1173.45556640625
PCAMLP,2200,1160.4990234375,1162.3692626953125
PCAMLP,2201,1162.361083984375,1156.703125
PCAMLP,2202,1165.3988037109375,1161.2857666015625
PCAMLP,2203,1163.4710693359375,1167.71875
PCAMLP,2204,1166.5166015625,1155.205322265625
PCAMLP,2205,1158.3175048828125,1159.6844482421875
PCAMLP,2206,1164.6180419921875,1159.28076171875
PCAMLP,2207,1161.496826171875,1146.914794921875
PCAMLP,2208,1158.5758056640625,1153.00732421875
PCAMLP,2209,1174.100341796875,1173.839599609375
PCAMLP,2210,1161.9508056640625,1168.7890625
PCAMLP,2211,1163.842529296875,1159.839599609375
PCAMLP,2212,1158.2935791015625,1161.435302734375
PCAMLP,2213,1162.6785888671875,1164.2943115234375
PCAMLP,2214,1171.454345703125,1170.1907958984375
PCAMLP,2215,1161.2041015625,1158.903564453125
PCAMLP,2216,1163.566162109375,1163.1630859375
PCAMLP,2217,1156.367919921875,1161.2122802734375
PCAMLP,2218,1154.7412109375,1156.1011962890625
PCAMLP,2219,1160.4278564453125,1172.6048583984375
PCAMLP,2220,1162.64208984375,1156.696044921875
PCAMLP,2221,1167.924560546875,1164.68505859375
PCAMLP,2222,1153.5001220703125,1162.442626953125
PCAMLP,2223,1160.3118896484375,1168.8380126953125
PCAMLP,2224,1158.9056396484375,1162.0740966796875
PCAMLP,2225,1160.568359375,1163.3505859375
PCAMLP,2226,1161.8560791015625,1159.510498046875
PCAMLP,2227,1162.4371337890625,1164.08349609375
PCAMLP,2228,1158.844482421875,1165.196044921875
PCAMLP,2229,1161.296630859375,1162.54931640625
PCAMLP,2230,1156.6800537109375,1167.024658203125
PCAMLP,2231,1162.2330322265625,1159.7947998046875
PCAMLP,2232,1166.3262939453125,1170.0621337890625
PCAMLP,2233,1152.773193359375,1164.4320068359375
PCAMLP,2234,1174.18310546875,1159.615478515625
PCAMLP,2235,1160.22607421875,1160.665771484375
PCAMLP,2236,1152.6685791015625,1167.6185302734375
PCAMLP,2237,1162.289306640625,1161.398681640625
PCAMLP,2238,1165.7962646484375,1156.7269287109375
PCAMLP,2239,1163.2127685546875,1166.174072265625
PCAMLP,2240,1165.6019287109375,1164.9521484375
PCAMLP,2241,1159.6817626953125,1163.9276123046875
PCAMLP,2242,1162.7491455078125,1164.2401123046875
PCAMLP,2243,1162.3681640625,1164.9390869140625
PCAMLP,2244,1157.3575439453125,1161.6817626953125
PCAMLP,2245,1157.18701171875,1167.1165771484375
PCAMLP,2246,1169.4151611328125,1161.1328125
PCAMLP,2247,1163.808349609375,1162.029541015625
PCAMLP,2248,1159.5723876953125,1163.55224609375
PCAMLP,2249,1158.81103515625,1158.8367919921875
PCAMLP,2250,1161.4375,1168.528076171875
PCAMLP,2251,1155.88232421875,1159.318603515625
PCAMLP,2252,1156.64208984375,1161.5989990234375
PCAMLP,2253,1162.9366455078125,1158.2293701171875
PCAMLP,2254,1161.2645263671875,1163.3861083984375
PCAMLP,2255,1154.3468017578125,1166.037109375
PCAMLP,2256,1166.1495361328125,1164.3980712890625
PCAMLP,2257,1161.5897216796875,1165.2637939453125
PCAMLP,2258,1159.671875,1161.305419921875
PCAMLP,2259,1157.5810546875,1158.624267578125
PCAMLP,2260,1148.099853515625,1166.447998046875
PCAMLP,2261,1172.9241943359375,1170.8839111328125
PCAMLP,2262,1170.7952880859375,1169.71484375
PCAMLP,2263,1161.7303466796875,1163.3720703125
PCAMLP,2264,1163.2452392578125,1155.390625
PCAMLP,2265,1160.2244873046875,1162.278564453125
PCAMLP,2266,1164.3031005859375,1160.183837890625
PCAMLP,2267,1154.870361328125,1169.843017578125
PCAMLP,2268,1163.506103515625,1160.2828369140625
PCAMLP,2269,1166.72802734375,1159.57470703125
PCAMLP,2270,1170.2611083984375,1170.1837158203125
PCAMLP,2271,1167.610107421875,1160.405029296875
PCAMLP,2272,1167.7984619140625,1158.199462890625
PCAMLP,2273,1161.2164306640625,1173.5562744140625
PCAMLP,2274,1156.833251953125,1167.3140869140625
PCAMLP,2275,1163.1373291015625,1154.3348388671875
PCAMLP,2276,1164.5665283203125,1170.9779052734375
PCAMLP,2277,1163.2154541015625,1158.713623046875
PCAMLP,2278,1166.71728515625,1167.9078369140625
PCAMLP,2279,1161.40478515625,1170.0247802734375
PCAMLP,2280,1169.4970703125,1159.656005859375
PCAMLP,2281,1158.5703125,1158.7705078125
PCAMLP,2282,1172.513427734375,1161.6612548828125
PCAMLP,2283,1155.323486328125,1160.04296875
PCAMLP,2284,1162.5457763671875,1166.164794921875
PCAMLP,2285,1167.2330322265625,1161.77197265625
PCAMLP,2286,1157.6806640625,1161.287109375
PCAMLP,2287,1172.1795654296875,1162.3363037109375
PCAMLP,2288,1169.0758056640625,1158.0838623046875
PCAMLP,2289,1159.6075439453125,1169.516357421875
PCAMLP,2290,1168.25244140625,1160.94384765625
PCAMLP,2291,1155.214599609375,1158.7750244140625
PCAMLP,2292,1154.220947265625,1168.4764404296875
PCAMLP,2293,1170.5352783203125,1166.9185791015625
PCAMLP,2294,1168.015380859375,1159.877197265625
PCAMLP,2295,1160.8966064453125,1161.173095703125
PCAMLP,2296,1161.918212890625,1167.662353515625
PCAMLP,2297,1154.194580078125,1157.18701171875
PCAMLP,2298,1164.340087890625,1164.403076171875
PCAMLP,2299,1153.4129638671875,1160.5350341796875
PCAMLP,2300,1159.0335693359375,1161.5313720703125
PCAMLP,2301,1164.8792724609375,1157.503173828125
PCAMLP,2302,1163.3067626953125,1161.3477783203125
PCAMLP,2303,1152.925048828125,1162.5205078125
PCAMLP,2304,1159.087646484375,1166.7022705078125
PCAMLP,2305,1161.8157958984375,1166.8575439453125
PCAMLP,2306,1165.6058349609375,1154.2730712890625
PCAMLP,2307,1148.88330078125,1168.0850830078125
PCAMLP,2308,1174.1337890625,1156.7738037109375
PCAMLP,2309,1155.1707763671875,1156.425537109375
PCAMLP,2310,1161.156005859375,1161.7017822265625
PCAMLP,2311,1167.54248046875,1156.701904296875
PCAMLP,2312,1161.9930419921875,1156.465087890625
PCAMLP,2313,1161.3739013671875,1162.7247314453125
PCAMLP,2314,1163.2177734375,1169.6129150390625
PCAMLP,2315,1163.6805419921875,1162.814697265625
PCAMLP,2316,1162.855712890625,1161.7623291015625
PCAMLP,2317,1160.99072265625,1162.964111328125
PCAMLP,2318,1156.94775390625,1171.55029296875
PCAMLP,2319,1162.151611328125,1162.3973388671875
PCAMLP,2320,1159.529541015625,1157.1922607421875
PCAMLP,2321,1160.5257568359375,1163.038818359375
PCAMLP,2322,1152.78759765625,1168.705810546875
PCAMLP,2323,1167.2552490234375,1159.0185546875
PCAMLP,2324,1159.8394775390625,1162.228271484375
PCAMLP,2325,1160.24951171875,1155.081787109375
PCAMLP,2326,1167.1107177734375,1164.579833984375
PCAMLP,2327,1159.2828369140625,1163.0985107421875
PCAMLP,2328,1157.706298828125,1154.72412109375
PCAMLP,2329,1165.6358642578125,1155.6810302734375
PCAMLP,2330,1161.395751953125,1163.421142578125
PCAMLP,2331,1162.835205078125,1159.643310546875
PCAMLP,2332,1157.3291015625,1170.322021484375
PCAMLP,2333,1156.1361083984375,1165.851318359375
PCAMLP,2334,1171.3343505859375,1160.3094482421875
PCAMLP,2335,1159.03369140625,1161.3206787109375
PCAMLP,2336,1164.30810546875,1162.29736328125
PCAMLP,2337,1160.6529541015625,1165.3978271484375
PCAMLP,2338,1161.0142822265625,1161.739013671875
PCAMLP,2339,1165.2587890625,1164.575927734375
PCAMLP,2340,1163.773681640625,1161.611328125
PCAMLP,2341,1156.945068359375,1160.4202880859375
PCAMLP,2342,1158.8353271484375,1165.089111328125
PCAMLP,2343,1167.126953125,1159.02392578125
PCAMLP,2344,1155.88330078125,1164.26611328125
PCAMLP,2345,1165.1378173828125,1160.9520263671875
PCAMLP,2346,1156.4212646484375,1163.9376220703125
PCAMLP,2347,1161.079345703125,1168.5025634765625
PCAMLP,2348,1154.5633544921875,1163.7969970703125
PCAMLP,2349,1157.21484375,1162.5313720703125
PCAMLP,2350,1159.6551513671875,1154.310546875
PCAMLP,2351,1165.390380859375,1160.2010498046875
PCAMLP,2352,1165.8450927734375,1161.5345458984375
PCAMLP,2353,1157.7967529296875,1170.2325439453125
PCAMLP,2354,1155.339599609375,1161.260498046875
PCAMLP,2355,1158.2611083984375,1154.8172607421875
PCAMLP,2356,1169.985107421875,1160.874755859375
PCAMLP,2357,1163.64404296875,1160.145751953125
PCAMLP,2358,1161.49658203125,1165.0521240234375
PCAMLP,2359,1161.1771240234375,1162.098876953125
PCAMLP,2360,1156.91845703125,1148.9454345703125
PCAMLP,2361,1158.77783203125,1156.677978515625
PCAMLP,2362,1165.2882080078125,1164.12353515625
PCAMLP,2363,1162.968505859375,1153.456298828125
PCAMLP,2364,1161.66064453125,1170.372802734375
PCAMLP,2365,1164.003173828125,1163.942138671875
PCAMLP,2366,1168.2890625,1152.9688720703125
PCAMLP,2367,1153.7474365234375,1162.2010498046875
PCAMLP,2368,1160.2012939453125,1171.3380126953125
PCAMLP,2369,1168.1971435546875,1163.1488037109375
PCAMLP,2370,1165.98193359375,1163.0531005859375
PCAMLP,2371,1167.9412841796875,1155.2725830078125
PCAMLP,2372,1160.5958251953125,1151.85205078125
PCAMLP,2373,1163.29931640625,1160.5706787109375
PCAMLP,2374,1164.4677734375,1158.492431640625
PCAMLP,2375,1153.9635009765625,1161.5120849609375
PCAMLP,2376,1167.01708984375,1154.372314453125
PCAMLP,2377,1161.2821044921875,1170.3201904296875
PCAMLP,2378,1162.4840087890625,1160.0848388671875
PCAMLP,2379,1164.4527587890625,1159.0435791015625
PCAMLP,2380,1160.330322265625,1163.5782470703125
PCAMLP,2381,1168.443115234375,1161.8487548828125
PCAMLP,2382,1174.1180419921875,1156.2845458984375
PCAMLP,2383,1160.319580078125,1164.7532958984375
PCAMLP,2384,1162.190185546875,1159.702392578125
PCAMLP,2385,1157.7296142578125,1159.16845703125
PCAMLP,2386,1158.1494140625,1154.99951171875
PCAMLP,2387,1171.3258056640625,1163.3353271484375
PCAMLP,2388,1164.5712890625,1158.384765625
PCAMLP,2389,1160.9388427734375,1157.9078369140625
PCAMLP,2390,1153.769775390625,1159.375
PCAMLP,2391,1157.570556640625,1160.206787109375
PCAMLP,2392,1163.339111328125,1160.8603515625
PCAMLP,2393,1160.5777587890625,1166.788330078125
PCAMLP,2394,1160.0361328125,1156.8592529296875
PCAMLP,2395,1161.3341064453125,1163.71484375
PCAMLP,2396,1164.2528076171875,1157.7657470703125
PCAMLP,2397,1156.4300537109375,1165.4383544921875
PCAMLP,2398,1161.0665283203125,1162.0155029296875
PCAMLP,2399,1162.9365234375,1161.1273193359375
PCAMLP,2400,1165.4156494140625,1161.8385009765625
PCAMLP,2401,1164.5870361328125,1166.014404296875
PCAMLP,2402,1159.068115234375,1156.4176025390625
PCAMLP,2403,1168.8414306640625,1164.9224853515625
PCAMLP,2404,1159.7841796875,1162.97802734375
PCAMLP,2405,1165.2972412109375,1159.2618408203125
PCAMLP,2406,1156.2373046875,1165.9302978515625
PCAMLP,2407,1168.5321044921875,1167.787109375
PCAMLP,2408,1156.2587890625,1166.1297607421875
PCAMLP,2409,1156.53759765625,1157.888671875
PCAMLP,2410,1162.1689453125,1163.3385009765625
PCAMLP,2411,1163.506591796875,1172.7032470703125
PCAMLP,2412,1160.3995361328125,1161.8548583984375
PCAMLP,2413,1166.2900390625,1156.3348388671875
PCAMLP,2414,1159.894287109375,1153.806640625
PCAMLP,2415,1159.6373291015625,1163.22021484375
PCAMLP,2416,1161.96240234375,1173.7943115234375
PCAMLP,2417,1155.7567138671875,1157.0450439453125
PCAMLP,2418,1174.778076171875,1164.1578369140625
PCAMLP,2419,1165.5343017578125,1163.6898193359375
PCAMLP,2420,1157.917236328125,1163.2042236328125
PCAMLP,2421,1165.0882568359375,1162.7408447265625
PCAMLP,2422,1174.44189453125,1158.0462646484375
PCAMLP,2423,1170.840087890625,1160.6978759765625
PCAMLP,2424,1161.773193359375,1161.3236083984375
PCAMLP,2425,1166.998291015625,1163.6370849609375
PCAMLP,2426,1155.7127685546875,1149.13427734375
PCAMLP,2427,1161.5030517578125,1161.6217041015625
PCAMLP,2428,1160.2965087890625,1168.785400390625
PCAMLP,2429,1167.402587890625,1155.2183837890625
PCAMLP,2430,1160.4014892578125,1156.548828125
PCAMLP,2431,1155.082763671875,1163.800537109375
PCAMLP,2432,1163.1051025390625,1162.290771484375
PCAMLP,2433,1168.8472900390625,1154.5238037109375
PCAMLP,2434,1158.2227783203125,1162.1427001953125
PCAMLP,2435,1153.9007568359375,1163.141357421875
PCAMLP,2436,1163.270751953125,1154.9876708984375
PCAMLP,2437,1155.6087646484375,1158.3465576171875
PCAMLP,2438,1159.49609375,1157.2838134765625
PCAMLP,2439,1163.864501953125,1157.3642578125
PCAMLP,2440,1162.46533203125,1156.1182861328125
PCAMLP,2441,1166.4481201171875,1156.197998046875
PCAMLP,2442,1155.1822509765625,1162.2938232421875
PCAMLP,2443,1163.585205078125,1169.6884765625
PCAMLP,2444,1167.8583984375,1152.133544921875
PCAMLP,2445,1158.810546875,1157.1796875
PCAMLP,2446,1173.35986328125,1159.27734375
PCAMLP,2447,1159.989501953125,1161.2239990234375
PCAMLP,2448,1155.820556640625,1166.4410400390625
PCAMLP,2449,1163.5660400390625,1167.786865234375
PCAMLP,2450,1170.30908203125,1168.2823486328125
PCAMLP,2451,1160.7208251953125,1159.5142822265625
PCAMLP,2452,1160.679931640625,1157.183349609375
PCAMLP,2453,1161.963623046875,1163.3031005859375
PCAMLP,2454,1161.1103515625,1154.8614501953125
PCAMLP,2455,1163.4832763671875,1156.55029296875
PCAMLP,2456,1160.185546875,1163.5035400390625
PCAMLP,2457,1159.7430419921875,1164.227783203125
PCAMLP,2458,1161.1085205078125,1160.7025146484375
PCAMLP,2459,1156.2918701171875,1166.5150146484375
PCAMLP,2460,1158.80712890625,1159.405029296875
PCAMLP,2461,1162.2115478515625,1162.3292236328125
PCAMLP,2462,1165.736083984375,1161.4595947265625
PCAMLP,2463,1162.0145263671875,1161.968017578125
PCAMLP,2464,1153.1055908203125,1163.1005859375
PCAMLP,2465,1161.816650390625,1156.7850341796875
PCAMLP,2466,1152.5782470703125,1167.0828857421875
PCAMLP,2467,1168.9984130859375,1169.385986328125
PCAMLP,2468,1158.055419921875,1176.8558349609375
PCAMLP,2469,1161.6986083984375,1167.943115234375
PCAMLP,2470,1164.114501953125,1165.56005859375
PCAMLP,2471,1158.4132080078125,1160.7833251953125
PCAMLP,2472,1166.9171142578125,1158.9351806640625
PCAMLP,2473,1164.643798828125,1153.043212890625
PCAMLP,2474,1164.2694091796875,1166.0186767578125
PCAMLP,2475,1157.166015625,1157.0914306640625
PCAMLP,2476,1167.5335693359375,1154.21435546875
PCAMLP,2477,1161.9658203125,1169.4554443359375
PCAMLP,2478,1167.6912841796875,1155.142333984375
PCAMLP,2479,1159.1241455078125,1163.50537109375
PCAMLP,2480,1167.80908203125,1168.6534423828125
PCAMLP,2481,1164.4873046875,1167.029296875
PCAMLP,2482,1169.1912841796875,1157.93701171875
PCAMLP,2483,1161.4796142578125,1159.829833984375
PCAMLP,2484,1154.4427490234375,1158.5791015625
PCAMLP,2485,1158.1258544921875,1158.7196044921875
PCAMLP,2486,1155.2327880859375,1163.989501953125
PCAMLP,2487,1157.2510986328125,1168.1812744140625
PCAMLP,2488,1163.976806640625,1166.399169921875
PCAMLP,2489,1159.66064453125,1164.8792724609375
PCAMLP,2490,1149.944580078125,1160.7373046875
PCAMLP,2491,1163.4591064453125,1161.0377197265625
PCAMLP,2492,1159.8695068359375,1159.354248046875
PCAMLP,2493,1165.5599365234375,1148.4947509765625
PCAMLP,2494,1161.2098388671875,1156.6962890625
PCAMLP,2495,1166.5518798828125,1162.0540771484375
PCAMLP,2496,1170.2802734375,1161.4722900390625
PCAMLP,2497,1153.3577880859375,1164.3958740234375
PCAMLP,2498,1170.118408203125,1162.89501953125
PCAMLP,2499,1164.7520751953125,1163.165771484375
