Model,Epoch,TrainLoss,ValLoss
UNet,0,6676.66455078125,1770.97900390625
UNet,1,1749.4342041015625,1505.8377685546875
UNet,2,1520.5052490234375,1337.229736328125
UNet,3,1352.84033203125,1250.7344970703125
UNet,4,1225.25927734375,1178.2872314453125
UNet,5,1181.0667724609375,1165.8485107421875
UNet,6,1137.6058349609375,1115.9912109375
UNet,7,1093.2445068359375,1063.4178466796875
UNet,8,1063.1094970703125,1033.6182861328125
UNet,9,1028.3707275390625,987.4448852539062
UNet,10,1016.2369995117188,974.599609375
UNet,11,967.2468872070312,919.4221801757812
UNet,12,935.6101684570312,907.1329956054688
UNet,13,911.7201538085938,892.19970703125
UNet,14,901.3812866210938,880.780029296875
UNet,15,873.6431274414062,858.4179077148438
UNet,16,859.3599243164062,851.5811157226562
UNet,17,858.6715698242188,848.0147094726562
UNet,18,845.4236450195312,832.7819213867188
UNet,19,835.99951171875,820.6306762695312
UNet,20,809.4384765625,811.432373046875
UNet,21,808.5365600585938,795.6002807617188
UNet,22,801.2808227539062,787.0518188476562
UNet,23,792.076171875,787.9694213867188
UNet,24,789.15625,778.4365844726562
UNet,25,776.9441528320312,770.9270629882812
UNet,26,773.397705078125,772.3200073242188
UNet,27,762.02783203125,761.1182250976562
UNet,28,767.2090454101562,759.1438598632812
UNet,29,754.0025024414062,757.2799682617188
UNet,30,748.6514282226562,756.0723266601562
UNet,31,758.9037475585938,747.1393432617188
UNet,32,746.8801879882812,739.9700317382812
UNet,33,740.4772338867188,748.2062377929688
UNet,34,742.2527465820312,734.921142578125
UNet,35,735.4318237304688,741.861328125
UNet,36,737.7753295898438,732.9955444335938
UNet,37,738.8308715820312,734.82421875
UNet,38,738.2744750976562,731.0554809570312
UNet,39,727.373291015625,725.1115112304688
UNet,40,723.9262084960938,725.3661499023438
UNet,41,721.9926147460938,725.3767700195312
UNet,42,724.6066284179688,722.1279907226562
UNet,43,719.491455078125,716.53271484375
UNet,44,719.7783813476562,721.1802368164062
UNet,45,717.2369995117188,721.6715698242188
UNet,46,714.3482055664062,710.0059204101562
UNet,47,715.2752075195312,713.3202514648438
UNet,48,711.0844116210938,711.6364135742188
UNet,49,711.9474487304688,715.6782836914062
UNet,50,711.1681518554688,703.8472290039062
UNet,51,715.745849609375,713.377685546875
UNet,52,708.0380859375,707.4971313476562
UNet,53,701.8671875,702.3822631835938
UNet,54,705.1409301757812,706.6240844726562
UNet,55,707.38623046875,700.9494018554688
UNet,56,704.7413940429688,700.7369995117188
UNet,57,704.4843139648438,699.1277465820312
UNet,58,703.86962890625,698.1220092773438
UNet,59,706.3582153320312,704.912109375
UNet,60,699.3217163085938,699.76171875
UNet,61,697.806396484375,698.9973754882812
UNet,62,698.2468872070312,694.41650390625
UNet,63,696.5712280273438,697.8180541992188
UNet,64,696.9457397460938,703.6149291992188
UNet,65,698.6572875976562,693.5439453125
UNet,66,693.1640014648438,695.7819213867188
UNet,67,694.265869140625,692.735595703125
UNet,68,695.2749633789062,686.1428833007812
UNet,69,693.0745239257812,690.4270629882812
UNet,70,692.314208984375,692.899658203125
UNet,71,691.84912109375,697.55126953125
UNet,72,693.8466796875,687.86083984375
UNet,73,688.730224609375,692.0453491210938
UNet,74,688.4628295898438,688.4937133789062
UNet,75,690.0308227539062,686.8065795898438
UNet,76,690.0753784179688,691.6200561523438
UNet,77,692.29638671875,690.3755493164062
UNet,78,686.91455078125,689.8450317382812
UNet,79,683.869873046875,684.212890625
UNet,80,688.996826171875,686.1982421875
UNet,81,688.3994750976562,689.47900390625
UNet,82,683.3141479492188,687.0891723632812
UNet,83,687.5994262695312,687.2431030273438
UNet,84,685.4812622070312,681.4114990234375
UNet,85,683.3751831054688,685.5308227539062
UNet,86,683.168701171875,683.5512084960938
UNet,87,685.5835571289062,689.4988403320312
UNet,88,685.4375610351562,685.4451293945312
UNet,89,683.5934448242188,689.2744140625
UNet,90,684.3897094726562,683.1513061523438
UNet,91,687.160888671875,682.6542358398438
UNet,92,685.0557250976562,682.9454956054688
UNet,93,686.3013305664062,685.9917602539062
UNet,94,683.4459838867188,679.47021484375
UNet,95,682.7708129882812,678.3764038085938
UNet,96,681.8687133789062,685.645263671875
UNet,97,677.9877319335938,680.6173706054688
UNet,98,680.5554809570312,686.7608032226562
UNet,99,681.7223510742188,679.7499389648438
UNet,100,682.1945190429688,677.3078002929688
UNet,101,678.8372192382812,672.4024658203125
UNet,102,682.72314453125,680.4140014648438
UNet,103,682.1024780273438,680.2908325195312
UNet,104,680.27490234375,673.2991333007812
UNet,105,680.1871948242188,679.8311157226562
UNet,106,678.7600708007812,680.2479858398438
UNet,107,680.051513671875,680.6268920898438
UNet,108,675.5955200195312,678.7468872070312
UNet,109,675.2567749023438,679.1551513671875
UNet,110,682.3377685546875,678.1246948242188
UNet,111,677.8051147460938,677.1620483398438
UNet,112,672.4205322265625,679.9470825195312
UNet,113,676.6327514648438,673.5029907226562
UNet,114,677.4375610351562,673.857421875
UNet,115,676.7686157226562,675.2145385742188
UNet,116,676.90478515625,676.9791870117188
UNet,117,675.4172973632812,680.3690795898438
UNet,118,675.4564208984375,677.8206176757812
UNet,119,669.9929809570312,676.955322265625
UNet,120,676.2318115234375,673.3528442382812
UNet,121,674.3593139648438,672.9183959960938
UNet,122,673.3571166992188,673.6432495117188
UNet,123,668.6406860351562,672.0340576171875
UNet,124,674.7504272460938,677.5154418945312
UNet,125,669.6527709960938,673.4724731445312
UNet,126,670.25048828125,670.2882080078125
UNet,127,674.5288696289062,672.8279418945312
UNet,128,676.275390625,673.9436645507812
UNet,129,675.2021484375,675.4356689453125
UNet,130,668.9337768554688,672.4196166992188
UNet,131,668.5457153320312,672.0324096679688
UNet,132,676.3912963867188,672.6044311523438
UNet,133,676.2227172851562,673.3050537109375
UNet,134,668.7222900390625,673.0781860351562
UNet,135,675.2630004882812,668.9815063476562
UNet,136,669.5296020507812,668.843017578125
UNet,137,673.6531372070312,672.1395874023438
UNet,138,671.6953735351562,670.7156982421875
UNet,139,669.087646484375,672.2473754882812
UNet,140,674.8938598632812,672.3421020507812
UNet,141,675.0341186523438,669.7672119140625
UNet,142,675.9478149414062,668.5665893554688
UNet,143,669.6882934570312,672.512451171875
UNet,144,669.2567138671875,671.5231323242188
UNet,145,672.4882202148438,671.7900390625
UNet,146,670.3482666015625,669.5835571289062
UNet,147,673.2156372070312,672.6553344726562
UNet,148,666.6884155273438,672.2223510742188
UNet,149,667.3910522460938,675.248046875
UNet,150,667.5025024414062,670.0770874023438
UNet,151,673.25830078125,664.7598266601562
UNet,152,669.0122680664062,669.9697875976562
UNet,153,671.8162841796875,674.5578002929688
UNet,154,671.1843872070312,669.9935913085938
UNet,155,666.0579223632812,667.5086059570312
UNet,156,668.2362670898438,670.2241821289062
UNet,157,671.0713500976562,668.944580078125
UNet,158,672.0245971679688,668.2847290039062
UNet,159,665.1061401367188,670.5081176757812
UNet,160,669.1170043945312,664.6971435546875
UNet,161,667.90283203125,665.203369140625
UNet,162,672.4938354492188,670.19482421875
UNet,163,667.9066162109375,667.9129028320312
UNet,164,666.301513671875,668.6367797851562
UNet,165,671.6249389648438,667.8841552734375
UNet,166,671.4595947265625,667.4785766601562
UNet,167,664.3131713867188,668.7540893554688
UNet,168,665.2930908203125,667.046630859375
UNet,169,664.6620483398438,669.8190307617188
UNet,170,664.4794921875,669.3357543945312
UNet,171,665.2296752929688,669.9961547851562
UNet,172,667.4627075195312,666.5554809570312
UNet,173,666.4784545898438,668.0299682617188
UNet,174,670.7039794921875,668.7674560546875
UNet,175,662.642822265625,666.5731201171875
UNet,176,667.8156127929688,671.0404663085938
UNet,177,667.36767578125,666.6378173828125
UNet,178,664.890869140625,666.3975219726562
UNet,179,667.2838745117188,666.0437622070312
UNet,180,666.7845458984375,662.2793579101562
UNet,181,663.4244384765625,663.1239624023438
UNet,182,661.5042114257812,667.4663696289062
UNet,183,665.2702026367188,664.6430053710938
UNet,184,664.1458740234375,663.093994140625
UNet,185,668.9570922851562,663.084228515625
UNet,186,668.1694946289062,669.4358520507812
UNet,187,660.4735717773438,667.4913940429688
UNet,188,668.19091796875,665.3344116210938
UNet,189,660.638671875,664.3059692382812
UNet,190,668.1758422851562,663.7278442382812
UNet,191,666.8666381835938,665.9896240234375
UNet,192,662.7252197265625,664.9471435546875
UNet,193,664.3270263671875,665.601318359375
UNet,194,657.2776489257812,667.56494140625
UNet,195,664.1914672851562,666.1685180664062
UNet,196,667.0664672851562,662.4667358398438
UNet,197,669.6258544921875,667.3449096679688
UNet,198,666.7316284179688,665.7532958984375
UNet,199,660.2876586914062,662.6494750976562
UNet,200,667.3517456054688,665.3687133789062
UNet,201,667.294921875,662.964599609375
UNet,202,661.7033081054688,667.0994262695312
UNet,203,666.5950317382812,665.7498168945312
UNet,204,660.9021606445312,664.5653686523438
UNet,205,665.7261352539062,661.8673095703125
UNet,206,663.9387817382812,663.7711181640625
UNet,207,664.1492309570312,667.2467651367188
UNet,208,665.8873901367188,662.1133422851562
UNet,209,662.0573120117188,664.7924194335938
UNet,210,662.94482421875,664.9867553710938
UNet,211,664.7453002929688,664.1943359375
UNet,212,663.8982543945312,664.94482421875
UNet,213,662.4724731445312,663.6608276367188
UNet,214,666.6002807617188,665.14453125
UNet,215,659.580078125,660.3983764648438
UNet,216,664.2823486328125,663.9898071289062
UNet,217,660.8989868164062,662.9076538085938
UNet,218,666.76220703125,663.0887451171875
UNet,219,664.2540283203125,663.2697143554688
UNet,220,660.6878051757812,665.1032104492188
UNet,221,662.6311645507812,662.9290161132812
UNet,222,664.6340942382812,666.1015014648438
UNet,223,661.2295532226562,663.6931762695312
UNet,224,661.0432739257812,661.4938354492188
UNet,225,666.5836791992188,660.8150634765625
UNet,226,665.4098510742188,662.5696411132812
UNet,227,660.38818359375,663.6555786132812
UNet,228,663.9852905273438,659.6080322265625
UNet,229,663.2138061523438,659.8434448242188
UNet,230,660.164306640625,662.7001342773438
UNet,231,657.2650146484375,659.910888671875
UNet,232,662.2763671875,660.1629028320312
UNet,233,660.0599975585938,662.2107543945312
UNet,234,667.8988037109375,662.3031005859375
UNet,235,662.9782104492188,663.4108276367188
UNet,236,664.2142944335938,661.4717407226562
UNet,237,666.0048217773438,664.9944458007812
UNet,238,662.4932861328125,663.0941772460938
UNet,239,660.9188842773438,665.2824096679688
UNet,240,663.4097900390625,660.8765258789062
UNet,241,659.4262084960938,663.2804565429688
UNet,242,662.9769897460938,662.91650390625
UNet,243,660.6028442382812,661.2033081054688
UNet,244,665.04443359375,663.6512451171875
UNet,245,664.4374389648438,667.5712890625
UNet,246,663.7304077148438,659.10009765625
UNet,247,661.982177734375,664.9990234375
UNet,248,663.3888549804688,661.2664794921875
UNet,249,658.4299926757812,663.0488891601562
UNet,250,662.5402221679688,661.1591186523438
UNet,251,666.9781494140625,663.7581176757812
UNet,252,660.3233642578125,665.8092651367188
UNet,253,663.2130126953125,659.9973754882812
UNet,254,663.9932250976562,658.7756958007812
UNet,255,663.6841430664062,658.9199829101562
UNet,256,660.3497924804688,658.7825317382812
UNet,257,661.5751342773438,661.4210815429688
UNet,258,664.1027221679688,663.8545532226562
UNet,259,662.95068359375,661.8646240234375
UNet,260,664.3906860351562,660.086669921875
UNet,261,660.830322265625,657.4447631835938
UNet,262,662.9988403320312,660.6680908203125
UNet,263,661.8980712890625,661.9514770507812
UNet,264,658.501708984375,658.080322265625
UNet,265,658.9639892578125,663.2622680664062
UNet,266,662.1759643554688,660.4597778320312
UNet,267,661.5134887695312,658.6557006835938
UNet,268,656.3534545898438,665.115478515625
UNet,269,657.6420288085938,658.6712646484375
UNet,270,659.8980102539062,656.5613403320312
UNet,271,661.63037109375,661.9764404296875
UNet,272,660.9042358398438,661.7235107421875
UNet,273,658.1583862304688,663.4859008789062
UNet,274,661.2789916992188,661.4867553710938
UNet,275,663.5740356445312,663.7037963867188
UNet,276,660.4951171875,662.2141723632812
UNet,277,658.4757690429688,663.5874633789062
UNet,278,656.6240844726562,660.2882690429688
UNet,279,660.9400634765625,658.5650024414062
UNet,280,655.7631225585938,665.2672729492188
UNet,281,662.862548828125,660.630126953125
UNet,282,659.4087524414062,657.7457885742188
UNet,283,657.1157836914062,661.6776123046875
UNet,284,660.0973510742188,660.8694458007812
UNet,285,663.6648559570312,658.6339111328125
UNet,286,658.1771240234375,662.1705932617188
UNet,287,660.170654296875,661.6460571289062
UNet,288,661.6932373046875,654.5673217773438
UNet,289,658.2301635742188,662.6929321289062
UNet,290,662.6691284179688,658.9041748046875
UNet,291,662.602783203125,658.7418823242188
UNet,292,656.291748046875,659.7888793945312
UNet,293,659.7807006835938,659.843505859375
UNet,294,658.4306030273438,659.0744018554688
UNet,295,658.9496459960938,657.1500854492188
UNet,296,656.8237915039062,657.39013671875
UNet,297,660.3803100585938,659.0861206054688
UNet,298,662.1903076171875,662.90771484375
UNet,299,661.1859130859375,660.2338256835938
UNet,300,660.4844970703125,656.9080810546875
UNet,301,652.6769409179688,663.1869506835938
UNet,302,659.099609375,659.6300659179688
UNet,303,659.0191040039062,656.302734375
UNet,304,655.503662109375,656.689208984375
UNet,305,657.5667114257812,662.2568969726562
UNet,306,662.67578125,661.5051879882812
UNet,307,656.738525390625,661.3920288085938
UNet,308,656.3154907226562,659.2423706054688
UNet,309,657.6996459960938,657.5305786132812
UNet,310,660.4585571289062,658.93603515625
UNet,311,654.6372680664062,656.6004028320312
UNet,312,658.6173706054688,659.6580810546875
UNet,313,659.6152954101562,660.9873657226562
UNet,314,656.2261352539062,660.761962890625
UNet,315,659.01806640625,657.2483520507812
UNet,316,659.2529907226562,658.9800415039062
UNet,317,658.34521484375,657.7306518554688
UNet,318,656.9173583984375,655.5215454101562
UNet,319,655.0399780273438,657.5702514648438
UNet,320,663.1786499023438,660.8157348632812
UNet,321,659.2166137695312,658.0530395507812
UNet,322,658.560546875,662.2301635742188
UNet,323,659.7515258789062,657.9150390625
UNet,324,654.2189331054688,655.6896362304688
UNet,325,656.7869262695312,659.441162109375
UNet,326,659.8724975585938,660.7017211914062
UNet,327,658.4237060546875,656.8164672851562
UNet,328,660.9080200195312,659.6790161132812
UNet,329,657.277587890625,656.7546997070312
UNet,330,658.0676879882812,660.8312377929688
UNet,331,660.0958862304688,655.0407104492188
UNet,332,656.7872924804688,660.7573852539062
UNet,333,656.23876953125,658.75048828125
UNet,334,660.0607299804688,660.7633666992188
UNet,335,658.7474365234375,654.373291015625
UNet,336,656.4916381835938,661.7468872070312
UNet,337,659.2452392578125,658.7160034179688
UNet,338,655.0077514648438,659.0136108398438
UNet,339,663.2536010742188,662.5281372070312
UNet,340,657.0057373046875,657.2072143554688
UNet,341,658.7410888671875,658.9104614257812
UNet,342,660.6079711914062,659.9164428710938
UNet,343,658.2114868164062,659.8594360351562
UNet,344,659.7272338867188,656.7059936523438
UNet,345,663.2491455078125,660.3694458007812
UNet,346,661.276611328125,659.7900390625
UNet,347,652.8331909179688,656.1226806640625
UNet,348,657.0822143554688,662.7518310546875
UNet,349,655.7752685546875,659.0431518554688
UNet,350,655.1414184570312,657.8932495117188
UNet,351,654.2621459960938,657.4426879882812
UNet,352,657.9666137695312,658.2211303710938
UNet,353,661.9421997070312,661.6549072265625
UNet,354,657.6718139648438,658.8399658203125
UNet,355,656.2259521484375,658.9640502929688
UNet,356,659.265869140625,662.7810668945312
UNet,357,658.3206176757812,654.0587158203125
UNet,358,657.7322387695312,655.2158813476562
UNet,359,661.0858764648438,652.1560668945312
UNet,360,660.459228515625,656.111083984375
UNet,361,659.9093627929688,662.4148559570312
UNet,362,658.4385375976562,657.4468383789062
UNet,363,661.177978515625,657.9817504882812
UNet,364,656.4730834960938,660.7495727539062
UNet,365,654.6456298828125,654.7416381835938
UNet,366,658.0599975585938,660.6135864257812
UNet,367,654.9075317382812,657.5122680664062
UNet,368,658.927734375,653.7723999023438
UNet,369,656.6996459960938,656.144775390625
UNet,370,660.2937622070312,653.3567504882812
UNet,371,654.8229370117188,655.8554077148438
UNet,372,662.24267578125,658.5083618164062
UNet,373,658.844482421875,659.9932861328125
UNet,374,657.5800170898438,659.6807250976562
UNet,375,659.8934936523438,657.7274169921875
UNet,376,657.066650390625,658.9104614257812
UNet,377,658.3361206054688,658.080078125
UNet,378,653.8427124023438,657.3195190429688
UNet,379,659.416015625,658.2659301757812
UNet,380,656.1632080078125,651.4696044921875
UNet,381,658.7050170898438,658.2931518554688
UNet,382,655.2749633789062,658.5316162109375
UNet,383,655.3206176757812,656.8125610351562
UNet,384,654.6364135742188,660.4880981445312
UNet,385,660.3944702148438,660.3785400390625
UNet,386,654.8209838867188,657.4882202148438
UNet,387,655.313232421875,655.9558715820312
UNet,388,659.6275024414062,658.12548828125
UNet,389,656.3007202148438,649.6464233398438
UNet,390,658.0476684570312,660.7146606445312
UNet,391,656.0546875,656.5745239257812
UNet,392,657.7509765625,653.3838500976562
UNet,393,653.6854248046875,657.0906372070312
UNet,394,654.6260986328125,657.3468627929688
UNet,395,663.3197021484375,657.1495361328125
UNet,396,658.1534423828125,651.6849975585938
UNet,397,658.5438232421875,655.197509765625
UNet,398,656.0176391601562,657.224853515625
UNet,399,659.0408935546875,660.5098266601562
UNet,400,657.3511352539062,657.3883056640625
UNet,401,658.3595581054688,660.890869140625
UNet,402,654.8635864257812,653.1373291015625
UNet,403,654.5128173828125,656.9996948242188
UNet,404,660.442626953125,654.8067016601562
UNet,405,659.2023315429688,654.2955932617188
UNet,406,658.4141235351562,656.338134765625
UNet,407,658.9758911132812,655.8746337890625
UNet,408,656.3832397460938,658.6310424804688
UNet,409,653.6787719726562,654.1883544921875
UNet,410,658.092041015625,654.7977294921875
UNet,411,660.0189208984375,658.5979614257812
UNet,412,661.0734252929688,652.8683471679688
UNet,413,657.9617309570312,652.0917358398438
UNet,414,660.1182250976562,653.4906616210938
UNet,415,657.5892333984375,656.7715454101562
UNet,416,656.3748168945312,653.7048950195312
UNet,417,661.6434936523438,654.7382202148438
UNet,418,657.3200073242188,655.2251586914062
UNet,419,657.9977416992188,657.1459350585938
UNet,420,656.2816162109375,656.1641235351562
UNet,421,658.1482543945312,658.3802490234375
UNet,422,654.2489624023438,655.9861450195312
UNet,423,654.2152709960938,656.38037109375
UNet,424,654.6481323242188,659.384765625
UNet,425,659.4703979492188,660.0421752929688
UNet,426,657.8545532226562,657.3380126953125
UNet,427,654.7467041015625,654.8936157226562
UNet,428,656.9998779296875,659.6825561523438
UNet,429,657.2086181640625,651.7091064453125
UNet,430,656.2140502929688,659.2713012695312
UNet,431,659.6824951171875,660.3463745117188
UNet,432,661.3389282226562,657.1204833984375
UNet,433,657.3612670898438,655.4392700195312
UNet,434,655.9390258789062,658.5910034179688
UNet,435,651.0390014648438,658.2197875976562
UNet,436,656.173583984375,659.5841674804688
UNet,437,656.876220703125,657.3198852539062
UNet,438,660.1991577148438,660.0216064453125
UNet,439,656.7097778320312,657.2936401367188
UNet,440,656.2342529296875,654.9088134765625
UNet,441,655.0474243164062,655.7827758789062
UNet,442,658.78076171875,657.0233154296875
UNet,443,655.9382934570312,657.7565307617188
UNet,444,658.1503295898438,652.48486328125
UNet,445,657.383544921875,652.8030395507812
UNet,446,655.3748779296875,655.1017456054688
UNet,447,656.8338012695312,659.6585083007812
UNet,448,652.2651977539062,652.9616088867188
UNet,449,652.7147827148438,657.7872924804688
UNet,450,655.9087524414062,656.1597900390625
UNet,451,657.3129272460938,658.0608520507812
UNet,452,650.0123901367188,655.8630981445312
UNet,453,655.6663208007812,653.5257568359375
UNet,454,656.1559448242188,658.5316772460938
UNet,455,656.6612548828125,654.9442749023438
UNet,456,655.1694946289062,656.0516357421875
UNet,457,652.8804321289062,656.5542602539062
UNet,458,652.829833984375,656.1536865234375
UNet,459,656.9880981445312,658.8446044921875
UNet,460,654.9340209960938,657.297607421875
UNet,461,652.2578735351562,654.9015502929688
UNet,462,654.342041015625,655.00439453125
UNet,463,657.8536376953125,654.4814453125
UNet,464,657.6551513671875,654.584228515625
UNet,465,653.0510864257812,654.7057495117188
UNet,466,650.62939453125,651.2920532226562
UNet,467,656.4998779296875,658.4151611328125
UNet,468,655.3569946289062,655.9972534179688
UNet,469,656.6467895507812,657.4900512695312
UNet,470,654.916015625,652.5690307617188
UNet,471,660.0624389648438,649.949462890625
UNet,472,656.4948120117188,654.4385375976562
UNet,473,656.2345581054688,658.2601928710938
UNet,474,656.8444213867188,659.7522583007812
UNet,475,655.5272827148438,653.9872436523438
UNet,476,652.8726196289062,656.8087768554688
UNet,477,651.1221923828125,655.2015991210938
UNet,478,655.5149536132812,649.61767578125
UNet,479,654.1052856445312,656.2073364257812
UNet,480,653.200927734375,652.7330322265625
UNet,481,657.5336303710938,656.6028442382812
UNet,482,654.4188232421875,657.577392578125
UNet,483,652.7320556640625,656.5072631835938
UNet,484,654.1802368164062,652.7219848632812
UNet,485,659.2310791015625,655.9624633789062
UNet,486,655.7764892578125,657.7040405273438
UNet,487,656.5252075195312,655.3930053710938
UNet,488,658.1055908203125,658.5827026367188
UNet,489,651.7366333007812,655.6189575195312
UNet,490,657.5733642578125,654.7636108398438
UNet,491,654.8536987304688,653.3432006835938
UNet,492,659.391357421875,653.8883666992188
UNet,493,654.4188842773438,654.5184936523438
UNet,494,659.2189331054688,652.6285400390625
UNet,495,657.0225219726562,658.5059814453125
UNet,496,656.3495483398438,657.4678344726562
UNet,497,654.245849609375,656.033203125
UNet,498,654.6307983398438,655.8836669921875
UNet,499,658.3128051757812,653.8530883789062
UNet,500,652.9357299804688,656.0463256835938
UNet,501,657.2150268554688,655.447509765625
UNet,502,653.342529296875,659.0133666992188
UNet,503,656.1287841796875,654.059814453125
UNet,504,651.639892578125,655.775390625
UNet,505,656.0404663085938,657.2555541992188
UNet,506,656.990234375,657.004150390625
UNet,507,657.3441772460938,655.7353515625
UNet,508,654.913330078125,655.219482421875
UNet,509,660.1333618164062,655.5232543945312
UNet,510,655.5800170898438,659.7459106445312
UNet,511,652.9694213867188,651.2598876953125
UNet,512,651.9053955078125,653.2587280273438
UNet,513,655.7902221679688,656.7716674804688
UNet,514,658.694580078125,653.3673706054688
UNet,515,657.50390625,650.1732788085938
UNet,516,652.7838134765625,656.6589965820312
UNet,517,658.0392456054688,656.1149291992188
UNet,518,652.2496948242188,652.7119750976562
UNet,519,657.7850952148438,657.9163818359375
UNet,520,655.5311889648438,655.5859985351562
UNet,521,656.2112426757812,660.5823364257812
UNet,522,655.6689453125,659.806884765625
UNet,523,654.4135131835938,657.28076171875
UNet,524,650.2232055664062,653.3428344726562
UNet,525,658.7136840820312,652.7300415039062
UNet,526,657.8765869140625,652.4317626953125
UNet,527,657.6480102539062,654.5772094726562
UNet,528,661.3973999023438,653.3751831054688
UNet,529,655.1378784179688,649.5706787109375
UNet,530,652.4797973632812,656.4358520507812
UNet,531,655.6987915039062,655.6253051757812
UNet,532,653.5822143554688,654.1727294921875
UNet,533,657.9862670898438,656.9212036132812
UNet,534,659.5690307617188,652.5291137695312
UNet,535,656.9352416992188,654.9501953125
UNet,536,655.4569091796875,652.6705932617188
UNet,537,657.8963012695312,654.4417724609375
UNet,538,654.6198120117188,654.42919921875
UNet,539,654.2788696289062,649.9546508789062
UNet,540,658.071044921875,656.4506225585938
UNet,541,656.0130004882812,653.5621948242188
UNet,542,654.0038452148438,653.6602783203125
UNet,543,657.3097534179688,655.2120361328125
UNet,544,650.9086303710938,652.8408813476562
UNet,545,656.2821044921875,651.5193481445312
UNet,546,653.7415161132812,653.9796752929688
UNet,547,659.5225830078125,655.2154541015625
UNet,548,655.3343505859375,652.8126220703125
UNet,549,654.7725830078125,656.8958740234375
UNet,550,658.7135620117188,650.6687622070312
UNet,551,660.0078735351562,654.457763671875
UNet,552,654.538330078125,657.2727661132812
UNet,553,655.4427490234375,653.3855590820312
UNet,554,655.73779296875,653.3983764648438
UNet,555,656.3118896484375,654.7755737304688
UNet,556,658.1821899414062,654.932861328125
UNet,557,653.6470947265625,655.7757568359375
UNet,558,656.3992309570312,656.0374145507812
UNet,559,655.0198974609375,655.8285522460938
UNet,560,654.0418090820312,659.13427734375
UNet,561,654.3329467773438,654.6423950195312
UNet,562,661.2161254882812,655.5910034179688
UNet,563,657.9594116210938,656.82958984375
UNet,564,654.9205932617188,655.9213256835938
UNet,565,656.3640747070312,657.9099731445312
UNet,566,654.1001586914062,653.1356811523438
UNet,567,652.3194580078125,657.6712036132812
UNet,568,653.6246337890625,654.700927734375
UNet,569,653.1648559570312,653.6373291015625
UNet,570,656.2147216796875,654.8662719726562
UNet,571,653.6846313476562,654.2239379882812
UNet,572,655.54345703125,655.3358154296875
UNet,573,658.7996215820312,654.6104125976562
UNet,574,654.2680053710938,652.9053344726562
UNet,575,656.4652709960938,652.3782348632812
UNet,576,654.5016479492188,651.9733276367188
UNet,577,655.6773071289062,660.3409423828125
UNet,578,654.435791015625,654.7840576171875
UNet,579,655.833740234375,653.5597534179688
UNet,580,658.858154296875,654.860595703125
UNet,581,654.9884033203125,660.8328857421875
UNet,582,651.9678955078125,656.0896606445312
UNet,583,656.8589477539062,658.9444580078125
UNet,584,658.1471557617188,651.2554931640625
UNet,585,654.2716064453125,654.4752197265625
UNet,586,653.8380737304688,655.1417236328125
UNet,587,655.4708862304688,653.8920288085938
UNet,588,652.1689453125,653.4362182617188
UNet,589,663.3289184570312,650.7763671875
UNet,590,655.1965942382812,653.9513549804688
UNet,591,650.6060791015625,652.3374633789062
UNet,592,654.2731323242188,653.4003295898438
UNet,593,655.1115112304688,651.1268920898438
UNet,594,655.6961669921875,654.1763305664062
UNet,595,649.3825073242188,656.8955688476562
UNet,596,653.489501953125,657.4983520507812
UNet,597,653.6400756835938,652.8760375976562
UNet,598,653.8434448242188,654.00830078125
UNet,599,654.1387329101562,655.3471069335938
UNet,600,653.9613037109375,653.1097412109375
UNet,601,652.4104614257812,652.322998046875
UNet,602,655.2339477539062,656.1301879882812
UNet,603,656.9121704101562,654.5457763671875
UNet,604,650.7498168945312,650.5172119140625
UNet,605,653.6356811523438,657.5575561523438
UNet,606,649.9869384765625,651.8015747070312
UNet,607,653.93359375,655.3449096679688
UNet,608,652.4686889648438,657.2233276367188
UNet,609,650.7705688476562,650.5929565429688
UNet,610,660.9495239257812,656.6842651367188
UNet,611,650.8551635742188,656.2835083007812
UNet,612,654.8231811523438,651.8573608398438
UNet,613,650.7168579101562,657.2462768554688
UNet,614,654.0126953125,653.0260009765625
UNet,615,652.8701782226562,658.5078735351562
UNet,616,660.2871704101562,652.6449584960938
UNet,617,652.7796020507812,652.9287719726562
UNet,618,657.3440551757812,653.3612670898438
UNet,619,657.5612182617188,655.7444458007812
UNet,620,655.07958984375,658.9963989257812
UNet,621,655.3812866210938,652.6901245117188
UNet,622,653.19189453125,655.5614624023438
UNet,623,659.323974609375,654.9779663085938
UNet,624,655.9562377929688,655.7870483398438
UNet,625,652.1502075195312,661.1903686523438
UNet,626,653.1614990234375,654.1016845703125
UNet,627,653.6397094726562,657.4119262695312
UNet,628,655.4419555664062,650.814453125
UNet,629,657.5255737304688,655.5465698242188
UNet,630,654.6543579101562,655.6275634765625
UNet,631,653.77490234375,654.2078857421875
UNet,632,656.3982543945312,656.5950317382812
UNet,633,654.25537109375,652.0836181640625
UNet,634,658.3976440429688,654.2830810546875
UNet,635,653.9090576171875,656.2117919921875
UNet,636,652.6561279296875,648.7412719726562
UNet,637,659.33447265625,653.8914184570312
UNet,638,656.906982421875,653.7803344726562
UNet,639,656.3212280273438,653.427490234375
UNet,640,659.4036254882812,650.0789184570312
UNet,641,652.723388671875,655.0316772460938
UNet,642,653.2771606445312,657.6110229492188
UNet,643,653.0111694335938,656.84521484375
UNet,644,653.6347045898438,652.2607421875
UNet,645,656.2178955078125,652.3533935546875
UNet,646,655.3709106445312,656.9404907226562
UNet,647,653.0811767578125,653.2699584960938
UNet,648,654.3148193359375,652.2548828125
UNet,649,653.1027221679688,653.9805908203125
UNet,650,655.0291137695312,652.9534912109375
UNet,651,654.085205078125,652.9917602539062
UNet,652,658.5064697265625,658.592529296875
UNet,653,653.3152465820312,653.0880737304688
UNet,654,652.9705810546875,649.5963745117188
UNet,655,653.6744995117188,656.087646484375
UNet,656,652.2998657226562,654.7293090820312
UNet,657,652.5446166992188,654.6550903320312
UNet,658,653.464599609375,653.9215698242188
UNet,659,654.9435424804688,653.8890991210938
UNet,660,652.5518188476562,654.0215454101562
UNet,661,658.4451293945312,655.4242553710938
UNet,662,654.0221557617188,653.8223876953125
UNet,663,656.1362915039062,655.0946044921875
UNet,664,654.9556884765625,651.3422241210938
UNet,665,654.0236206054688,652.8363647460938
UNet,666,653.4707641601562,652.3988037109375
UNet,667,653.76025390625,658.9182739257812
UNet,668,661.1176147460938,657.2695922851562
UNet,669,648.672119140625,652.828369140625
UNet,670,654.2896118164062,658.0940551757812
UNet,671,653.1996459960938,657.8729248046875
UNet,672,652.3789672851562,655.5508422851562
UNet,673,657.302001953125,653.5842895507812
UNet,674,654.324462890625,654.8701782226562
UNet,675,657.0311889648438,657.3588256835938
UNet,676,649.5219116210938,657.4606323242188
UNet,677,656.02392578125,656.0033569335938
UNet,678,652.2716674804688,655.806640625
UNet,679,652.9615478515625,650.927001953125
UNet,680,659.1945190429688,653.259033203125
UNet,681,655.4317016601562,651.3502807617188
UNet,682,652.1701049804688,654.689208984375
UNet,683,654.6925048828125,656.3670654296875
UNet,684,655.580078125,654.4816284179688
UNet,685,656.9754028320312,655.2864990234375
UNet,686,653.9332275390625,650.7388916015625
UNet,687,656.6892700195312,650.3363647460938
UNet,688,652.4360961914062,658.9629516601562
UNet,689,660.1443481445312,653.8369140625
UNet,690,657.8099975585938,653.7677612304688
UNet,691,657.3245849609375,655.23974609375
UNet,692,657.4866333007812,655.2297973632812
UNet,693,654.3858642578125,654.9263305664062
UNet,694,651.5332641601562,653.3295288085938
UNet,695,653.0538940429688,658.0457763671875
UNet,696,652.9047241210938,657.5509643554688
UNet,697,654.2289428710938,654.5779418945312
UNet,698,657.0507202148438,656.65625
UNet,699,652.4991455078125,658.0269775390625
UNet,700,654.8865356445312,651.4237670898438
UNet,701,656.3438720703125,651.0758056640625
UNet,702,653.2389526367188,652.9396362304688
UNet,703,653.1592407226562,655.108642578125
UNet,704,657.5382690429688,653.8505249023438
UNet,705,653.6273803710938,655.9136352539062
UNet,706,655.2313842773438,659.2623901367188
UNet,707,653.7423706054688,655.0101318359375
UNet,708,654.2576904296875,655.3026733398438
UNet,709,654.3258666992188,654.3958740234375
UNet,710,655.5728759765625,656.4122924804688
UNet,711,651.142822265625,649.8632202148438
UNet,712,655.47998046875,655.9937744140625
UNet,713,655.2593383789062,657.3162841796875
UNet,714,657.1782836914062,651.7963256835938
UNet,715,657.9970092773438,652.9090576171875
UNet,716,656.5842895507812,653.0827026367188
UNet,717,653.5941162109375,657.3886108398438
UNet,718,654.644287109375,651.6102294921875
UNet,719,652.6547241210938,651.0421752929688
UNet,720,652.6232299804688,656.3099365234375
UNet,721,657.6116943359375,656.4336547851562
UNet,722,652.3436279296875,651.3663940429688
UNet,723,653.5889892578125,653.8784790039062
UNet,724,651.7952270507812,653.8705444335938
UNet,725,653.0595092773438,654.6869506835938
UNet,726,648.6909790039062,657.3358154296875
UNet,727,653.8995361328125,655.5115966796875
UNet,728,657.7219848632812,651.95166015625
UNet,729,649.5111694335938,656.222900390625
UNet,730,653.1851196289062,658.3488159179688
UNet,731,655.1799926757812,651.5716552734375
UNet,732,656.3624877929688,657.1412353515625
UNet,733,654.0271606445312,655.3911743164062
UNet,734,651.6585083007812,656.6527709960938
UNet,735,657.6211547851562,657.8521118164062
UNet,736,654.1661987304688,653.9030151367188
UNet,737,653.1634521484375,654.5703125
UNet,738,654.7138671875,654.0836181640625
UNet,739,656.088134765625,654.9512329101562
UNet,740,656.9619750976562,653.4600830078125
UNet,741,656.294189453125,656.5975952148438
UNet,742,653.2468872070312,655.7919311523438
UNet,743,655.8477172851562,654.459716796875
UNet,744,653.3316040039062,655.137451171875
UNet,745,654.1618041992188,657.7341918945312
UNet,746,652.2046508789062,657.6196899414062
UNet,747,654.1187744140625,650.120849609375
UNet,748,654.4373779296875,657.7609252929688
UNet,749,649.8362426757812,651.6571655273438
UNet,750,654.3406982421875,655.0269165039062
UNet,751,654.5796508789062,652.54443359375
UNet,752,651.4133911132812,652.3434448242188
UNet,753,650.8297119140625,657.0692749023438
UNet,754,653.8746948242188,654.5042114257812
UNet,755,652.1307983398438,653.6753540039062
UNet,756,654.2250366210938,653.0498046875
UNet,757,658.2633666992188,655.5846557617188
UNet,758,654.7083129882812,651.7946166992188
UNet,759,654.5028686523438,654.4976196289062
UNet,760,656.6010131835938,653.4783325195312
UNet,761,654.9778442382812,657.8629760742188
UNet,762,660.5364379882812,650.250732421875
UNet,763,650.5305786132812,653.0325317382812
UNet,764,662.3815307617188,653.3837890625
UNet,765,648.1000366210938,656.9136352539062
UNet,766,651.61376953125,655.4303588867188
UNet,767,653.1610107421875,653.9131469726562
UNet,768,651.4353637695312,654.4343872070312
UNet,769,649.4970703125,656.6281127929688
UNet,770,652.5545043945312,652.9776000976562
UNet,771,649.827392578125,653.4642944335938
UNet,772,657.0944213867188,660.2711791992188
UNet,773,656.19091796875,647.5283813476562
UNet,774,651.9125366210938,658.892333984375
UNet,775,656.0785522460938,659.2770385742188
UNet,776,651.5382080078125,654.9974365234375
UNet,777,655.0662841796875,654.7841186523438
UNet,778,656.61865234375,654.4456787109375
UNet,779,656.5944213867188,657.1664428710938
UNet,780,653.6365356445312,650.9511108398438
UNet,781,658.206787109375,655.9213256835938
UNet,782,655.5347900390625,654.8729248046875
UNet,783,652.5447998046875,654.8010864257812
UNet,784,653.3029174804688,656.464111328125
UNet,785,656.701416015625,657.9815673828125
UNet,786,657.4907836914062,652.2102661132812
UNet,787,658.1580810546875,655.2000122070312
UNet,788,657.4174194335938,649.201904296875
UNet,789,651.8374633789062,655.5161743164062
UNet,790,655.9999389648438,651.5238037109375
UNet,791,654.6127319335938,653.3648071289062
UNet,792,656.6459350585938,655.6675415039062
UNet,793,651.9943237304688,650.7070922851562
UNet,794,654.0398559570312,651.6221313476562
UNet,795,654.0551147460938,660.7756958007812
UNet,796,653.4479370117188,647.5726928710938
UNet,797,654.8013305664062,657.2894897460938
UNet,798,654.2283325195312,653.2264404296875
UNet,799,656.7979125976562,651.4964599609375
UNet,800,656.6959228515625,657.7214965820312
UNet,801,654.7099609375,654.80810546875
UNet,802,650.0757446289062,657.2348022460938
UNet,803,656.6281127929688,655.5601806640625
UNet,804,654.1229858398438,653.4149780273438
UNet,805,653.5043334960938,653.47802734375
UNet,806,654.0328979492188,657.1732177734375
UNet,807,656.4521484375,657.1969604492188
UNet,808,656.6756591796875,655.4017944335938
UNet,809,656.2220458984375,656.3707885742188
UNet,810,653.5810546875,648.8079223632812
UNet,811,650.3939208984375,653.06591796875
UNet,812,651.9405517578125,646.7944946289062
UNet,813,653.9120483398438,650.4483032226562
UNet,814,656.8189086914062,651.5430297851562
UNet,815,649.0142211914062,655.775634765625
UNet,816,657.9436645507812,651.444091796875
UNet,817,649.5676879882812,653.9911499023438
UNet,818,652.7708129882812,655.4280395507812
UNet,819,656.3899536132812,659.7529296875
UNet,820,654.7551879882812,653.6279907226562
UNet,821,653.2450561523438,653.6123046875
UNet,822,655.0538940429688,657.1387329101562
UNet,823,653.9563598632812,656.0123901367188
UNet,824,654.4627075195312,653.0659790039062
UNet,825,654.9193725585938,654.9451904296875
UNet,826,653.7703247070312,653.7615966796875
UNet,827,653.4519653320312,654.1602172851562
UNet,828,650.74755859375,658.603759765625
UNet,829,651.4697265625,654.9236450195312
UNet,830,655.1693725585938,654.2171020507812
UNet,831,652.766845703125,655.4354858398438
UNet,832,652.4066772460938,652.1590576171875
UNet,833,652.4201049804688,652.9249267578125
UNet,834,650.0911254882812,655.815673828125
UNet,835,653.8621215820312,652.9229125976562
UNet,836,651.991943359375,653.5092163085938
UNet,837,656.9223022460938,656.661865234375
UNet,838,654.8330688476562,651.6275024414062
UNet,839,652.5370483398438,656.3175659179688
UNet,840,653.00732421875,652.0372924804688
UNet,841,658.6931762695312,652.425048828125
UNet,842,656.3358154296875,652.1483764648438
UNet,843,655.216552734375,656.2803344726562
UNet,844,655.7059936523438,656.1129760742188
UNet,845,658.1986694335938,652.3014526367188
UNet,846,655.0374145507812,658.2697143554688
UNet,847,648.4122924804688,655.1824951171875
UNet,848,655.0042114257812,652.8477783203125
UNet,849,655.7567749023438,654.2992553710938
UNet,850,653.200439453125,653.3970336914062
UNet,851,653.1841430664062,655.99951171875
UNet,852,653.2567749023438,651.4865112304688
UNet,853,650.7940063476562,658.0596313476562
UNet,854,652.8925170898438,653.41650390625
UNet,855,654.3300170898438,651.3916625976562
UNet,856,659.5848999023438,657.3745727539062
UNet,857,653.9021606445312,654.5750122070312
UNet,858,649.7146606445312,653.78955078125
UNet,859,651.2656860351562,646.4085693359375
UNet,860,654.8132934570312,651.5142211914062
UNet,861,657.3427734375,654.8458251953125
UNet,862,654.3738403320312,655.1309814453125
UNet,863,654.6039428710938,655.3482055664062
UNet,864,655.3876342773438,654.6870727539062
UNet,865,651.0714721679688,655.4940795898438
UNet,866,655.2444458007812,651.5987548828125
UNet,867,656.1359252929688,653.1526489257812
UNet,868,654.5789184570312,649.5303344726562
UNet,869,647.7879638671875,656.4652709960938
UNet,870,650.279052734375,652.9788208007812
UNet,871,651.6499633789062,652.1727905273438
UNet,872,652.1217651367188,655.6812133789062
UNet,873,654.3846435546875,652.8014526367188
UNet,874,655.8033447265625,654.1414184570312
UNet,875,651.3667602539062,651.0381469726562
UNet,876,650.6163940429688,655.4131469726562
UNet,877,655.4306030273438,651.2262573242188
UNet,878,656.0184936523438,656.08203125
UNet,879,653.2528076171875,655.5366821289062
UNet,880,657.532470703125,656.0358276367188
UNet,881,654.9652709960938,653.79638671875
UNet,882,654.8131713867188,656.2232666015625
UNet,883,657.04736328125,654.9192504882812
UNet,884,652.493896484375,653.7453002929688
UNet,885,653.7471313476562,652.8556518554688
UNet,886,658.1131591796875,652.5695190429688
UNet,887,654.3949584960938,653.2122192382812
UNet,888,653.9716186523438,654.9375610351562
UNet,889,658.4252319335938,654.5336303710938
UNet,890,656.3523559570312,652.9014282226562
UNet,891,654.450927734375,652.4961547851562
UNet,892,651.3345336914062,653.7047119140625
UNet,893,655.0587768554688,659.0919799804688
UNet,894,653.4694213867188,654.4577026367188
UNet,895,650.6845092773438,653.557861328125
UNet,896,656.48779296875,655.60107421875
UNet,897,653.7691040039062,655.7857666015625
UNet,898,652.6834106445312,650.77197265625
UNet,899,649.873291015625,653.0752563476562
UNet,900,654.2761840820312,650.992431640625
UNet,901,653.6318969726562,652.3777465820312
UNet,902,653.3880004882812,655.8991088867188
UNet,903,658.2926025390625,652.1241455078125
UNet,904,654.0086059570312,651.8900756835938
UNet,905,658.7836303710938,652.0126342773438
UNet,906,649.9912719726562,658.9381103515625
UNet,907,652.3504028320312,656.2886352539062
UNet,908,651.0870971679688,652.7609252929688
UNet,909,653.3203735351562,657.6315307617188
UNet,910,655.0285034179688,654.4547119140625
UNet,911,653.1670532226562,654.3308715820312
UNet,912,655.5492553710938,650.4514770507812
UNet,913,655.3828735351562,650.2351684570312
UNet,914,656.4007568359375,647.6353149414062
UNet,915,654.4049072265625,656.8880615234375
UNet,916,653.6564331054688,652.1587524414062
UNet,917,647.315673828125,656.3889770507812
UNet,918,654.7301025390625,654.5917358398438
UNet,919,657.2548828125,655.1317749023438
UNet,920,651.3997192382812,656.0100708007812
UNet,921,651.102783203125,656.1450805664062
UNet,922,651.4993896484375,655.0492553710938
UNet,923,658.0700073242188,656.1495971679688
UNet,924,655.2744750976562,657.685302734375
UNet,925,659.97412109375,651.545166015625
UNet,926,656.336669921875,651.3975219726562
UNet,927,651.4768676757812,655.704833984375
UNet,928,651.4274291992188,656.9334106445312
UNet,929,652.57568359375,653.8690185546875
UNet,930,655.1381225585938,652.4999389648438
UNet,931,657.5012817382812,651.4654541015625
UNet,932,656.2841186523438,654.30029296875
UNet,933,652.5101928710938,653.0248413085938
UNet,934,653.7618408203125,650.9544067382812
UNet,935,655.3026733398438,655.6442260742188
UNet,936,651.94482421875,651.0460815429688
UNet,937,653.5113525390625,657.8798828125
UNet,938,654.5875244140625,651.36767578125
UNet,939,654.6681518554688,653.8057250976562
UNet,940,659.3373413085938,656.0015869140625
UNet,941,651.3433837890625,655.5824584960938
UNet,942,659.96484375,655.9041137695312
UNet,943,649.5503540039062,659.2744750976562
UNet,944,652.6219482421875,652.0509643554688
UNet,945,654.1153564453125,653.4326171875
UNet,946,655.21142578125,653.8482666015625
UNet,947,649.1558837890625,651.4373168945312
UNet,948,652.417724609375,654.0067138671875
UNet,949,649.1731567382812,653.3876953125
UNet,950,652.0778198242188,657.6757202148438
UNet,951,658.2479248046875,656.6384887695312
UNet,952,655.1631469726562,651.3759765625
UNet,953,656.5114135742188,656.3724365234375
UNet,954,655.6528930664062,654.3674926757812
UNet,955,653.8716430664062,650.5303344726562
UNet,956,654.090576171875,651.5645141601562
UNet,957,653.7835083007812,657.2207641601562
UNet,958,650.3240356445312,651.6791381835938
UNet,959,653.8989868164062,653.7492065429688
UNet,960,657.113525390625,653.2218017578125
UNet,961,651.9059448242188,657.3735961914062
UNet,962,651.9841918945312,653.483642578125
UNet,963,653.5692138671875,653.1331787109375
UNet,964,648.6181030273438,653.029052734375
UNet,965,654.2926025390625,655.9536743164062
UNet,966,654.8218383789062,656.21337890625
UNet,967,656.5419921875,657.335693359375
UNet,968,657.36865234375,656.7022094726562
UNet,969,655.7905883789062,653.8302001953125
UNet,970,656.686767578125,655.1822509765625
UNet,971,649.3759155273438,651.615966796875
UNet,972,655.2061767578125,654.7643432617188
UNet,973,652.5770874023438,651.6302490234375
UNet,974,653.5531616210938,652.6026000976562
UNet,975,652.735595703125,657.5438842773438
UNet,976,652.02783203125,653.8174438476562
UNet,977,659.0075073242188,649.7417602539062
UNet,978,657.8799438476562,653.7013549804688
UNet,979,652.3732299804688,649.6323852539062
UNet,980,655.947509765625,654.6904907226562
UNet,981,657.5690307617188,655.00732421875
UNet,982,654.1851196289062,653.8215942382812
UNet,983,651.578125,654.7910766601562
UNet,984,654.1217651367188,653.0236206054688
UNet,985,651.2658081054688,652.6543579101562
UNet,986,656.337890625,651.5588989257812
UNet,987,659.3511352539062,653.5696411132812
UNet,988,651.5266723632812,650.8098754882812
UNet,989,652.5342407226562,653.77099609375
UNet,990,650.4164428710938,653.507568359375
UNet,991,652.1430053710938,655.4649047851562
UNet,992,655.6931762695312,652.0161743164062
UNet,993,652.2731323242188,651.7590942382812
UNet,994,652.8429565429688,651.2640380859375
UNet,995,652.6614379882812,650.3429565429688
UNet,996,655.9256591796875,653.2494506835938
UNet,997,651.0741577148438,653.328125
UNet,998,654.019775390625,653.5536499023438
UNet,999,646.604736328125,650.6752319335938
UNet,1000,650.3873901367188,654.1384887695312
UNet,1001,652.1116943359375,656.9260864257812
UNet,1002,656.6925659179688,649.2318725585938
UNet,1003,651.741455078125,652.9051513671875
UNet,1004,657.7951049804688,652.4191284179688
UNet,1005,657.6678466796875,653.6093139648438
UNet,1006,660.9484252929688,651.0703735351562
UNet,1007,651.8176879882812,653.82958984375
UNet,1008,651.5488891601562,650.9234008789062
UNet,1009,653.3021850585938,651.5741577148438
UNet,1010,652.4712524414062,651.1484985351562
UNet,1011,651.6809692382812,656.8815307617188
UNet,1012,652.9658813476562,655.3236694335938
UNet,1013,651.1107788085938,653.4885864257812
UNet,1014,653.928955078125,654.4633178710938
UNet,1015,653.0734252929688,648.7662963867188
UNet,1016,649.8059692382812,653.2628173828125
UNet,1017,653.0588989257812,650.8175659179688
UNet,1018,653.0575561523438,658.2391357421875
UNet,1019,652.1011962890625,650.7940673828125
UNet,1020,655.2472534179688,650.2603149414062
UNet,1021,655.0542602539062,649.2021484375
UNet,1022,656.7321166992188,656.4514770507812
UNet,1023,657.4346313476562,653.0177612304688
UNet,1024,654.0931396484375,651.7252197265625
UNet,1025,652.51611328125,648.5467529296875
UNet,1026,652.83349609375,653.5078735351562
UNet,1027,650.0798950195312,654.6054077148438
UNet,1028,650.3037719726562,654.0138549804688
UNet,1029,656.2053833007812,654.7078247070312
UNet,1030,653.9522094726562,658.393798828125
UNet,1031,655.4764404296875,653.8405151367188
UNet,1032,654.8276977539062,653.88427734375
UNet,1033,656.2782592773438,655.2274780273438
UNet,1034,650.9690551757812,653.752685546875
UNet,1035,655.3331909179688,654.5348510742188
UNet,1036,648.962158203125,654.9403686523438
UNet,1037,652.861083984375,654.3346557617188
UNet,1038,653.8953247070312,651.580078125
UNet,1039,656.0736694335938,652.7699584960938
UNet,1040,649.1428833007812,651.5470581054688
UNet,1041,653.9196166992188,652.6616821289062
UNet,1042,653.2258911132812,651.256591796875
UNet,1043,653.1263427734375,656.7999877929688
UNet,1044,653.8649291992188,651.0003662109375
UNet,1045,654.9306030273438,648.041259765625
UNet,1046,651.6415405273438,654.89404296875
UNet,1047,656.4345092773438,653.129638671875
UNet,1048,654.3694458007812,653.018798828125
UNet,1049,651.7786254882812,654.8663940429688
UNet,1050,649.2198486328125,655.6033935546875
UNet,1051,653.5217895507812,655.9727783203125
UNet,1052,654.0422973632812,655.9534301757812
UNet,1053,652.6174926757812,653.5476684570312
UNet,1054,653.653564453125,658.868408203125
UNet,1055,656.4611206054688,655.0680541992188
UNet,1056,653.6598510742188,658.8695068359375
UNet,1057,653.3786010742188,650.8931274414062
UNet,1058,651.0101928710938,655.3056640625
UNet,1059,655.38134765625,650.7852783203125
UNet,1060,647.423828125,649.7774047851562
UNet,1061,653.2975463867188,654.3176879882812
UNet,1062,655.282470703125,650.8944702148438
UNet,1063,650.9453735351562,652.7487182617188
UNet,1064,651.2067260742188,653.3949584960938
UNet,1065,654.8382568359375,648.6727905273438
UNet,1066,651.9803466796875,649.267822265625
UNet,1067,653.5851440429688,655.4660034179688
UNet,1068,657.67138671875,653.0902709960938
UNet,1069,650.326171875,652.98486328125
UNet,1070,651.3693237304688,658.8875732421875
UNet,1071,652.7612915039062,654.2306518554688
UNet,1072,650.7072143554688,651.3706665039062
UNet,1073,653.2603149414062,656.7009887695312
UNet,1074,650.8945922851562,656.5231323242188
UNet,1075,652.2454223632812,656.1471557617188
UNet,1076,657.3336181640625,652.7887573242188
UNet,1077,651.7014770507812,650.7644653320312
UNet,1078,651.0401000976562,655.8715209960938
UNet,1079,656.072998046875,653.009033203125
UNet,1080,653.1530151367188,653.2616577148438
UNet,1081,654.5650634765625,649.05712890625
UNet,1082,656.932861328125,655.4647827148438
UNet,1083,653.2763671875,649.8862915039062
UNet,1084,651.7831420898438,650.8622436523438
UNet,1085,650.4490356445312,650.0053100585938
UNet,1086,653.4121704101562,652.784423828125
UNet,1087,651.1560668945312,651.9486083984375
UNet,1088,654.2659301757812,655.9983520507812
UNet,1089,653.7326049804688,652.1427612304688
UNet,1090,654.0272827148438,650.4024047851562
UNet,1091,652.5994262695312,654.3536376953125
UNet,1092,653.6317749023438,651.7234497070312
UNet,1093,650.3618774414062,654.7359008789062
UNet,1094,656.0255126953125,654.6273803710938
UNet,1095,656.8775024414062,650.9920043945312
UNet,1096,655.4581909179688,652.321533203125
UNet,1097,652.2054443359375,656.067626953125
UNet,1098,654.4547729492188,649.7767944335938
UNet,1099,654.6734619140625,655.1529541015625
UNet,1100,656.961181640625,651.8884887695312
UNet,1101,652.5140991210938,652.1198120117188
UNet,1102,652.8165893554688,653.6259765625
UNet,1103,654.6039428710938,657.0028686523438
UNet,1104,654.8873291015625,650.597900390625
UNet,1105,650.7650146484375,650.9170532226562
UNet,1106,654.8312377929688,654.1060180664062
UNet,1107,653.2078247070312,657.3239135742188
UNet,1108,653.0218505859375,653.3447875976562
UNet,1109,654.28564453125,655.7158813476562
UNet,1110,654.6798095703125,653.6298217773438
UNet,1111,652.87646484375,654.6892700195312
UNet,1112,655.8933715820312,651.6565551757812
UNet,1113,651.724853515625,650.667236328125
UNet,1114,657.9542846679688,652.9561157226562
UNet,1115,654.802978515625,654.1683959960938
UNet,1116,654.8906860351562,652.5333251953125
UNet,1117,653.0383911132812,653.2764892578125
UNet,1118,656.0997924804688,656.0044555664062
UNet,1119,649.0297241210938,657.1780395507812
UNet,1120,653.4295043945312,654.6347045898438
UNet,1121,656.748291015625,656.3234252929688
UNet,1122,650.0897216796875,652.0221557617188
UNet,1123,652.761962890625,655.9690551757812
UNet,1124,650.8241577148438,652.7574462890625
UNet,1125,651.1375732421875,652.6843872070312
UNet,1126,647.4398803710938,651.870849609375
UNet,1127,651.531005859375,652.0090942382812
UNet,1128,652.3395385742188,654.4127807617188
UNet,1129,652.3585205078125,651.7257080078125
UNet,1130,650.5369262695312,650.734375
UNet,1131,653.9238891601562,653.4588012695312
UNet,1132,655.2503662109375,654.9149780273438
UNet,1133,651.1786499023438,649.6522216796875
UNet,1134,655.3081665039062,654.6890258789062
UNet,1135,655.865478515625,656.5189819335938
UNet,1136,658.38623046875,657.7730712890625
UNet,1137,653.971923828125,655.6480712890625
UNet,1138,654.0512084960938,654.3123168945312
UNet,1139,654.6990356445312,653.7384643554688
UNet,1140,650.1775512695312,653.8245849609375
UNet,1141,657.9593505859375,653.0820922851562
UNet,1142,653.4887084960938,652.423583984375
UNet,1143,655.7396850585938,649.9089965820312
UNet,1144,650.63720703125,653.1278686523438
UNet,1145,656.5623779296875,658.1653442382812
UNet,1146,653.6007690429688,654.156982421875
UNet,1147,657.5453491210938,650.7560424804688
UNet,1148,650.2251586914062,651.71826171875
UNet,1149,653.9591674804688,657.3546752929688
UNet,1150,655.7472534179688,653.7068481445312
UNet,1151,653.9921875,651.1412963867188
UNet,1152,650.4052124023438,652.7842407226562
UNet,1153,652.7888793945312,651.141357421875
UNet,1154,649.4594116210938,652.490478515625
UNet,1155,652.6249389648438,655.82373046875
UNet,1156,653.9358520507812,651.9796142578125
UNet,1157,655.759033203125,647.5365600585938
UNet,1158,651.9049682617188,656.0468139648438
UNet,1159,653.19921875,655.8050537109375
UNet,1160,655.317626953125,655.4902954101562
UNet,1161,653.5466918945312,649.9127197265625
UNet,1162,652.3883056640625,653.0031127929688
UNet,1163,646.0503540039062,652.8165893554688
UNet,1164,654.218994140625,655.46923828125
UNet,1165,655.9109497070312,649.8999633789062
UNet,1166,651.4776000976562,652.5736694335938
UNet,1167,659.0272216796875,650.2039794921875
UNet,1168,656.5072021484375,656.1494140625
UNet,1169,654.9946899414062,651.6995849609375
UNet,1170,652.6630859375,651.3297729492188
UNet,1171,653.9671630859375,650.9224853515625
UNet,1172,653.3076782226562,652.3593139648438
UNet,1173,654.5068969726562,649.766357421875
UNet,1174,652.0101928710938,657.8463745117188
UNet,1175,656.1420288085938,655.7194213867188
UNet,1176,651.0099487304688,647.3145751953125
UNet,1177,653.6534423828125,652.6043090820312
UNet,1178,652.7012329101562,653.4666137695312
UNet,1179,655.1358642578125,652.5722045898438
UNet,1180,655.2357177734375,653.1102905273438
UNet,1181,654.9151000976562,653.27685546875
UNet,1182,649.3818359375,653.1199340820312
UNet,1183,652.4075317382812,655.4141845703125
UNet,1184,653.8057250976562,651.6543579101562
UNet,1185,652.6849975585938,653.3587036132812
UNet,1186,655.0289306640625,652.6319580078125
UNet,1187,652.0562133789062,653.502685546875
UNet,1188,652.8074340820312,650.8323364257812
UNet,1189,650.6660766601562,653.9459838867188
UNet,1190,652.3263549804688,652.9722900390625
UNet,1191,654.1942749023438,651.1549682617188
UNet,1192,653.7255249023438,659.6503295898438
UNet,1193,653.1166381835938,656.3671264648438
UNet,1194,648.5221557617188,649.622802734375
UNet,1195,655.2741088867188,651.1471557617188
UNet,1196,653.1109619140625,647.3391723632812
UNet,1197,653.3192749023438,648.6594848632812
UNet,1198,650.0057983398438,654.4276733398438
UNet,1199,650.7685546875,650.2814331054688
UNet,1200,653.3316040039062,647.3524780273438
UNet,1201,653.1198120117188,655.4451293945312
UNet,1202,649.9647827148438,656.257080078125
UNet,1203,654.2999267578125,657.6455688476562
UNet,1204,653.3604125976562,655.8680419921875
UNet,1205,654.5848999023438,652.3167114257812
UNet,1206,654.8460083007812,655.9265747070312
UNet,1207,659.575439453125,655.7945556640625
UNet,1208,653.2009887695312,655.4201049804688
UNet,1209,649.8516845703125,651.2284545898438
UNet,1210,651.1196899414062,655.2803955078125
UNet,1211,649.2564086914062,654.4420776367188
UNet,1212,651.3423461914062,652.7759399414062
UNet,1213,654.6192016601562,652.5643920898438
UNet,1214,654.1122436523438,653.5424194335938
UNet,1215,651.6859741210938,652.8839721679688
UNet,1216,653.3162231445312,656.2583618164062
UNet,1217,655.1099243164062,651.3937377929688
UNet,1218,655.4521484375,655.8916625976562
UNet,1219,649.7697143554688,655.1851196289062
UNet,1220,655.3203735351562,651.8965454101562
UNet,1221,652.1184692382812,655.9312133789062
UNet,1222,650.5671997070312,658.2843627929688
UNet,1223,650.5076293945312,654.8424682617188
UNet,1224,653.0331420898438,652.2738647460938
UNet,1225,654.6325073242188,658.194091796875
UNet,1226,649.1036987304688,650.0703125
UNet,1227,652.456787109375,653.3235473632812
UNet,1228,652.4690551757812,647.8911743164062
UNet,1229,654.9675903320312,653.9801025390625
UNet,1230,655.718017578125,655.8822631835938
UNet,1231,651.3539428710938,652.8521118164062
UNet,1232,652.8236694335938,655.08837890625
UNet,1233,648.1812744140625,652.4230346679688
UNet,1234,656.0977783203125,654.8358764648438
UNet,1235,653.9505615234375,651.7501831054688
UNet,1236,653.2394409179688,651.6724243164062
UNet,1237,653.3321533203125,654.177734375
UNet,1238,655.9305419921875,651.9225463867188
UNet,1239,655.0557250976562,651.4348754882812
UNet,1240,651.7060546875,653.80029296875
UNet,1241,652.1511840820312,652.82666015625
UNet,1242,654.1558837890625,656.1384887695312
UNet,1243,652.194580078125,651.3944702148438
UNet,1244,652.3571166992188,656.9284057617188
UNet,1245,655.8466796875,654.3334350585938
UNet,1246,650.6783447265625,655.3197631835938
UNet,1247,653.47802734375,656.1683959960938
UNet,1248,651.7186889648438,654.1300048828125
UNet,1249,654.4207763671875,656.0088500976562
UNet,1250,656.91162109375,651.226318359375
UNet,1251,655.8350219726562,654.5244750976562
UNet,1252,654.362060546875,652.767822265625
UNet,1253,651.376708984375,649.541748046875
UNet,1254,650.9874877929688,647.9210815429688
UNet,1255,649.6116333007812,652.5941162109375
UNet,1256,651.1629028320312,649.7633666992188
UNet,1257,654.3815307617188,650.9338989257812
UNet,1258,651.9459228515625,653.9104614257812
UNet,1259,651.601318359375,652.16162109375
UNet,1260,651.9494018554688,656.8430786132812
UNet,1261,652.2294311523438,652.7514038085938
UNet,1262,653.157958984375,655.0234985351562
UNet,1263,653.0733032226562,653.8369750976562
UNet,1264,655.0755004882812,652.796142578125
UNet,1265,654.615966796875,651.6746826171875
UNet,1266,651.3800048828125,650.9894409179688
UNet,1267,652.5977172851562,656.7553100585938
UNet,1268,647.9872436523438,652.3072509765625
UNet,1269,654.51611328125,652.4010009765625
UNet,1270,660.0223999023438,654.6286010742188
UNet,1271,653.3717651367188,654.9552612304688
UNet,1272,653.0868530273438,651.834716796875
UNet,1273,654.6834716796875,654.077392578125
UNet,1274,652.0206909179688,654.9404296875
UNet,1275,651.0584106445312,647.5287475585938
UNet,1276,655.0772705078125,653.7705688476562
UNet,1277,650.9137573242188,650.0140380859375
UNet,1278,651.1005249023438,652.2092895507812
UNet,1279,654.1134643554688,652.14892578125
UNet,1280,654.7476196289062,653.7736206054688
UNet,1281,659.6324462890625,652.7412719726562
UNet,1282,653.8845825195312,652.609619140625
UNet,1283,657.5336303710938,654.7359619140625
UNet,1284,655.8619995117188,653.8893432617188
UNet,1285,655.4232788085938,660.3408813476562
UNet,1286,650.5665283203125,656.02099609375
UNet,1287,653.8346557617188,654.340087890625
UNet,1288,650.7363891601562,653.8760375976562
UNet,1289,655.1309814453125,648.1226196289062
UNet,1290,650.2540283203125,654.546875
UNet,1291,653.0213012695312,653.3223266601562
UNet,1292,654.2064208984375,652.2560424804688
UNet,1293,653.01611328125,648.6426391601562
UNet,1294,658.8439331054688,654.2984008789062
UNet,1295,651.2762451171875,649.7727661132812
UNet,1296,657.7055053710938,649.964599609375
UNet,1297,652.1253051757812,652.56005859375
UNet,1298,655.9544067382812,656.6268920898438
UNet,1299,651.2553100585938,653.1841430664062
UNet,1300,653.943115234375,652.8840942382812
UNet,1301,655.3519287109375,653.2315063476562
UNet,1302,653.0394897460938,652.9962768554688
UNet,1303,653.2346801757812,649.6089477539062
UNet,1304,651.5575561523438,655.59619140625
UNet,1305,652.4070434570312,651.8666381835938
UNet,1306,655.19580078125,653.6295776367188
UNet,1307,653.6257934570312,655.791748046875
UNet,1308,652.2384033203125,649.5006713867188
UNet,1309,649.558837890625,650.8812255859375
UNet,1310,649.8921508789062,654.9067993164062
UNet,1311,653.744873046875,654.6012573242188
UNet,1312,649.0690307617188,654.8565063476562
UNet,1313,653.0411376953125,649.2224731445312
UNet,1314,657.8676147460938,654.1168212890625
UNet,1315,655.7457885742188,652.1368408203125
UNet,1316,651.6721801757812,657.1451416015625
UNet,1317,652.514404296875,653.2744750976562
UNet,1318,650.5088500976562,651.8013305664062
UNet,1319,652.8442993164062,649.6417236328125
UNet,1320,650.6553955078125,647.1130981445312
UNet,1321,651.8355102539062,649.4236450195312
UNet,1322,652.0440063476562,652.6229858398438
UNet,1323,653.6801147460938,653.0962524414062
UNet,1324,654.2423706054688,653.3972778320312
UNet,1325,656.4815673828125,651.5658569335938
UNet,1326,652.3446655273438,651.39013671875
UNet,1327,655.814453125,652.6692504882812
UNet,1328,649.5866088867188,653.0283203125
UNet,1329,649.9396362304688,651.3634033203125
UNet,1330,652.36181640625,650.3244018554688
UNet,1331,654.7393188476562,651.7605590820312
UNet,1332,651.4884643554688,653.5142211914062
UNet,1333,651.8843994140625,651.5211181640625
UNet,1334,651.9384155273438,652.3368530273438
UNet,1335,655.3700561523438,651.6115112304688
UNet,1336,651.479248046875,652.3128662109375
UNet,1337,651.5176391601562,654.2886352539062
UNet,1338,655.7318725585938,657.7433471679688
UNet,1339,656.2758178710938,647.5443725585938
UNet,1340,653.860595703125,653.64013671875
UNet,1341,653.4977416992188,655.3325805664062
UNet,1342,655.79296875,651.9848022460938
UNet,1343,654.0172729492188,647.6389770507812
UNet,1344,653.8035888671875,651.3171997070312
UNet,1345,654.5330200195312,648.5944213867188
UNet,1346,655.4694213867188,653.4009399414062
UNet,1347,655.0046997070312,655.7998046875
UNet,1348,652.7280883789062,656.7777709960938
UNet,1349,651.9532470703125,655.8186645507812
UNet,1350,650.9269409179688,651.3677978515625
UNet,1351,651.7853393554688,651.1815185546875
UNet,1352,655.4580688476562,656.8124389648438
UNet,1353,656.4320678710938,652.8219604492188
UNet,1354,654.2273559570312,658.8357543945312
UNet,1355,656.0220336914062,651.6196899414062
UNet,1356,652.1865234375,653.4827270507812
UNet,1357,650.9268188476562,650.8910522460938
UNet,1358,657.0308837890625,648.8192749023438
UNet,1359,654.5773315429688,654.2883911132812
UNet,1360,649.9058227539062,653.4880981445312
UNet,1361,655.04736328125,653.7793579101562
UNet,1362,653.4115600585938,652.8859252929688
UNet,1363,650.8507080078125,654.324951171875
UNet,1364,650.4968872070312,657.8718872070312
UNet,1365,654.8584594726562,650.0956420898438
UNet,1366,657.3056030273438,652.1172485351562
UNet,1367,648.9227294921875,654.4192504882812
UNet,1368,649.5073852539062,654.9623413085938
UNet,1369,651.6300659179688,651.6836547851562
UNet,1370,651.6085205078125,652.3865966796875
UNet,1371,652.8529663085938,646.9695434570312
UNet,1372,649.1959838867188,649.9890747070312
UNet,1373,652.5158081054688,656.2009887695312
UNet,1374,653.1724853515625,651.7250366210938
UNet,1375,653.4417114257812,649.9152221679688
UNet,1376,648.929931640625,652.8135375976562
UNet,1377,652.0331420898438,651.471923828125
UNet,1378,652.4712524414062,656.5656127929688
UNet,1379,652.3965454101562,652.4618530273438
UNet,1380,653.3547973632812,651.2271118164062
UNet,1381,653.4263916015625,651.02001953125
UNet,1382,655.56591796875,655.3493041992188
UNet,1383,654.4542236328125,656.3908081054688
UNet,1384,653.7289428710938,654.656494140625
UNet,1385,655.7340087890625,656.3875122070312
UNet,1386,654.5662231445312,652.9163818359375
UNet,1387,652.6198120117188,651.8187866210938
UNet,1388,656.8999633789062,652.1837768554688
UNet,1389,650.7738647460938,652.6013793945312
UNet,1390,650.2438354492188,654.6255493164062
UNet,1391,648.8806762695312,651.4549560546875
UNet,1392,654.969482421875,649.7962036132812
UNet,1393,655.6776123046875,650.6178588867188
UNet,1394,657.1676635742188,652.36669921875
UNet,1395,651.6027221679688,653.0652465820312
UNet,1396,655.6560668945312,653.0869750976562
UNet,1397,651.07275390625,651.5086059570312
UNet,1398,651.1073608398438,653.5661010742188
UNet,1399,651.8764038085938,652.4585571289062
UNet,1400,651.6292114257812,650.1975708007812
UNet,1401,656.6283569335938,654.5951538085938
UNet,1402,646.9098510742188,653.2705688476562
UNet,1403,650.7640991210938,650.9837646484375
UNet,1404,655.9943237304688,649.9520874023438
UNet,1405,653.1070556640625,655.5487060546875
UNet,1406,653.8827514648438,652.6256103515625
UNet,1407,652.69970703125,655.9166259765625
UNet,1408,649.6320190429688,652.738037109375
UNet,1409,656.9396362304688,655.0713500976562
UNet,1410,655.0939331054688,653.3323364257812
UNet,1411,654.8062133789062,654.2437133789062
UNet,1412,653.2877807617188,655.4180297851562
UNet,1413,652.0430297851562,649.7418823242188
UNet,1414,654.1222534179688,650.7072143554688
UNet,1415,653.0752563476562,651.8074340820312
UNet,1416,654.6636962890625,653.2459106445312
UNet,1417,653.8397216796875,651.7476806640625
UNet,1418,659.2828979492188,650.4349975585938
UNet,1419,655.5416259765625,648.3838500976562
UNet,1420,653.7726440429688,652.8826293945312
UNet,1421,653.3263549804688,651.9319458007812
UNet,1422,651.8594360351562,651.8970947265625
UNet,1423,654.9666748046875,651.0376586914062
UNet,1424,655.5676879882812,655.2112426757812
UNet,1425,654.3085327148438,649.4446411132812
UNet,1426,656.3425903320312,649.2173461914062
UNet,1427,651.8073120117188,650.0728149414062
UNet,1428,652.0841064453125,652.087158203125
UNet,1429,654.8427124023438,653.9014282226562
UNet,1430,651.6976318359375,653.3864135742188
UNet,1431,655.7408447265625,649.8981323242188
UNet,1432,654.9383544921875,654.2621459960938
UNet,1433,648.3975830078125,654.6751098632812
UNet,1434,652.6565551757812,646.2935180664062
UNet,1435,657.7569580078125,651.0244140625
UNet,1436,648.7122192382812,655.5662231445312
UNet,1437,652.4853515625,653.6771850585938
UNet,1438,656.9896850585938,655.3677368164062
UNet,1439,646.0084838867188,650.7271118164062
UNet,1440,650.587158203125,651.1941528320312
UNet,1441,655.6760864257812,654.0996704101562
UNet,1442,652.8778686523438,656.4070434570312
UNet,1443,651.4201049804688,654.7416381835938
UNet,1444,651.6998291015625,651.9761352539062
UNet,1445,653.8331909179688,650.9705200195312
UNet,1446,656.4821166992188,652.6591186523438
UNet,1447,647.8473510742188,653.8366088867188
UNet,1448,651.6158447265625,653.8368530273438
UNet,1449,654.3421630859375,654.0582885742188
UNet,1450,654.9403686523438,650.2672729492188
UNet,1451,655.0916137695312,656.9620361328125
UNet,1452,655.8922119140625,652.7363891601562
UNet,1453,655.2998657226562,653.5864868164062
UNet,1454,653.2337036132812,658.2056274414062
UNet,1455,651.8082885742188,649.4119873046875
UNet,1456,652.5160522460938,653.8387451171875
UNet,1457,652.9780883789062,649.8143920898438
UNet,1458,655.3483276367188,654.0234985351562
UNet,1459,651.9290161132812,651.3037719726562
UNet,1460,654.8682861328125,651.9893188476562
UNet,1461,651.598876953125,652.3081665039062
UNet,1462,653.4863891601562,647.2890014648438
UNet,1463,655.3516845703125,653.8623657226562
UNet,1464,656.7921752929688,653.0667114257812
UNet,1465,653.6529541015625,652.8359985351562
UNet,1466,655.0757446289062,655.3234252929688
UNet,1467,650.2210083007812,652.2806396484375
UNet,1468,651.1986694335938,651.0237426757812
UNet,1469,655.2474365234375,649.9866943359375
UNet,1470,653.9903564453125,653.7185668945312
UNet,1471,656.1080322265625,646.8220825195312
UNet,1472,654.8396606445312,652.0814208984375
UNet,1473,652.0281372070312,658.6665649414062
UNet,1474,654.779541015625,648.0596923828125
UNet,1475,649.608154296875,652.3392944335938
UNet,1476,653.2355346679688,651.9183349609375
UNet,1477,650.7455444335938,653.12060546875
UNet,1478,651.6945190429688,653.6920776367188
UNet,1479,651.8394165039062,657.1133422851562
UNet,1480,653.2852172851562,646.6136474609375
UNet,1481,654.5443115234375,655.7910766601562
UNet,1482,651.0511474609375,652.5117797851562
UNet,1483,648.4805297851562,650.3699340820312
UNet,1484,656.0535278320312,656.2349853515625
UNet,1485,653.4005126953125,652.114990234375
UNet,1486,659.103271484375,652.3715209960938
UNet,1487,658.130859375,653.4276733398438
UNet,1488,652.2753295898438,653.3720703125
UNet,1489,652.4115600585938,653.5300903320312
UNet,1490,652.3638305664062,650.7412109375
UNet,1491,652.5763549804688,656.191650390625
UNet,1492,654.6920776367188,653.8754272460938
UNet,1493,652.840576171875,653.7483520507812
UNet,1494,649.6336059570312,650.5645141601562
UNet,1495,651.0153198242188,654.0123901367188
UNet,1496,651.9692993164062,658.9999389648438
UNet,1497,655.2811889648438,652.7484130859375
UNet,1498,650.885009765625,649.4058837890625
UNet,1499,648.640625,653.1567993164062
UNet,1500,653.65673828125,651.3322143554688
UNet,1501,655.7112426757812,655.329833984375
UNet,1502,650.0809936523438,650.3815307617188
UNet,1503,650.3995971679688,650.9205322265625
UNet,1504,649.7994995117188,651.7850952148438
UNet,1505,653.4088745117188,655.2797241210938
UNet,1506,652.338134765625,652.8757934570312
UNet,1507,655.0817260742188,654.8931884765625
UNet,1508,651.0048217773438,653.042236328125
UNet,1509,649.6159057617188,657.3687133789062
UNet,1510,651.2410278320312,655.9231567382812
UNet,1511,656.4761352539062,656.1578979492188
UNet,1512,655.0145874023438,651.1134643554688
UNet,1513,658.420654296875,650.5094604492188
UNet,1514,652.4102783203125,652.410888671875
UNet,1515,652.933837890625,654.3444213867188
UNet,1516,654.6925659179688,655.6220703125
UNet,1517,653.7418823242188,652.0001831054688
UNet,1518,651.4912719726562,653.8558959960938
UNet,1519,653.3717651367188,654.744140625
UNet,1520,658.3984985351562,656.6569213867188
UNet,1521,655.1316528320312,655.6224365234375
UNet,1522,650.4498901367188,650.5589599609375
UNet,1523,652.346435546875,656.0569458007812
UNet,1524,657.1500244140625,653.1741333007812
UNet,1525,654.2750244140625,649.10986328125
UNet,1526,652.7059936523438,650.3870239257812
UNet,1527,652.8346557617188,655.8388061523438
UNet,1528,655.0798950195312,655.4960327148438
UNet,1529,654.7976684570312,651.8682250976562
UNet,1530,653.4771728515625,651.550048828125
UNet,1531,652.9404907226562,649.5140991210938
UNet,1532,649.9938354492188,652.7238159179688
UNet,1533,651.6941528320312,655.4873657226562
UNet,1534,653.7174682617188,654.7919311523438
UNet,1535,654.5078735351562,655.5004272460938
UNet,1536,650.8165283203125,646.89208984375
UNet,1537,654.9057006835938,651.6415405273438
UNet,1538,654.5189208984375,649.4461059570312
UNet,1539,656.0469970703125,651.4114990234375
UNet,1540,653.312744140625,652.1345825195312
UNet,1541,652.1478881835938,651.4125366210938
UNet,1542,655.207275390625,652.5067749023438
UNet,1543,652.6270141601562,651.5562133789062
UNet,1544,653.873046875,654.5088500976562
UNet,1545,655.8408813476562,653.3865356445312
UNet,1546,655.435302734375,652.9558715820312
UNet,1547,653.9884643554688,654.576416015625
UNet,1548,653.1551513671875,654.6742553710938
UNet,1549,654.8201904296875,653.0003051757812
UNet,1550,652.930419921875,657.8657836914062
UNet,1551,651.8373413085938,653.1660766601562
UNet,1552,654.8433227539062,658.0301513671875
UNet,1553,654.3137817382812,652.9330444335938
UNet,1554,652.2788696289062,651.1719970703125
UNet,1555,652.9456787109375,652.7577514648438
UNet,1556,651.868408203125,652.4566650390625
UNet,1557,653.9105224609375,653.980224609375
UNet,1558,652.9280395507812,651.7374877929688
UNet,1559,652.5636596679688,658.4220581054688
UNet,1560,645.6731567382812,654.4950561523438
UNet,1561,649.9362182617188,652.84130859375
UNet,1562,654.16845703125,654.0878295898438
UNet,1563,654.3995361328125,654.1847534179688
UNet,1564,652.01318359375,656.5357055664062
UNet,1565,651.6951293945312,656.1173706054688
UNet,1566,654.7263793945312,650.3218383789062
UNet,1567,650.9077758789062,649.9924926757812
UNet,1568,652.0233764648438,653.0083618164062
UNet,1569,655.4470825195312,650.3545532226562
UNet,1570,656.1006469726562,650.6298217773438
UNet,1571,653.3987426757812,651.7753295898438
UNet,1572,654.4004516601562,653.2904663085938
UNet,1573,648.5419311523438,648.3080444335938
UNet,1574,653.180419921875,652.7471313476562
UNet,1575,653.9765014648438,652.0944213867188
UNet,1576,655.7411499023438,649.851806640625
UNet,1577,656.6244506835938,654.7857055664062
UNet,1578,653.2764892578125,653.08642578125
UNet,1579,645.6776733398438,652.9934692382812
UNet,1580,657.2061157226562,651.8389282226562
UNet,1581,659.2645874023438,656.4737548828125
UNet,1582,651.3689575195312,652.135986328125
UNet,1583,654.4281616210938,650.4730834960938
UNet,1584,653.8226928710938,652.5371704101562
UNet,1585,654.4568481445312,648.9864501953125
UNet,1586,657.3658447265625,654.5782470703125
UNet,1587,654.2399291992188,652.1492309570312
UNet,1588,653.8832397460938,654.2183227539062
UNet,1589,652.4274291992188,653.4368286132812
UNet,1590,653.6011352539062,650.175048828125
UNet,1591,650.8897094726562,655.9727172851562
UNet,1592,648.88818359375,655.4949951171875
UNet,1593,656.3490600585938,654.8074340820312
UNet,1594,653.9857788085938,655.3314819335938
UNet,1595,654.2025146484375,653.8287963867188
UNet,1596,656.0975952148438,655.1516723632812
UNet,1597,652.856689453125,650.8973999023438
UNet,1598,653.1838989257812,653.8851318359375
UNet,1599,652.60595703125,650.2228393554688
UNet,1600,653.1307983398438,652.9094848632812
UNet,1601,651.0464477539062,655.7114868164062
UNet,1602,655.9608764648438,655.482177734375
UNet,1603,654.5350952148438,652.3385009765625
UNet,1604,653.924560546875,649.4933471679688
UNet,1605,657.1918334960938,651.4260864257812
UNet,1606,653.3037719726562,653.250244140625
UNet,1607,654.5126342773438,650.1856079101562
UNet,1608,652.3729858398438,655.5145874023438
UNet,1609,651.8186645507812,649.3002319335938
UNet,1610,652.0049438476562,651.7052612304688
UNet,1611,651.7744140625,654.5730590820312
UNet,1612,656.0253295898438,648.1615600585938
UNet,1613,658.0745239257812,654.3395385742188
UNet,1614,649.9118041992188,651.7559204101562
UNet,1615,649.5845336914062,648.433349609375
UNet,1616,651.595703125,653.9459838867188
UNet,1617,650.8211059570312,655.2948608398438
UNet,1618,655.3276977539062,652.152099609375
UNet,1619,657.0037231445312,651.2622680664062
UNet,1620,653.9176025390625,655.1500854492188
UNet,1621,653.0172729492188,650.6487426757812
UNet,1622,649.34716796875,656.5752563476562
UNet,1623,654.2671508789062,650.3120727539062
UNet,1624,654.2236938476562,655.2217407226562
UNet,1625,653.6951293945312,652.9705810546875
UNet,1626,653.3684692382812,654.7984619140625
UNet,1627,653.3683471679688,651.914794921875
UNet,1628,653.77587890625,648.0912475585938
UNet,1629,656.6989135742188,653.4143676757812
UNet,1630,653.364013671875,652.4002685546875
UNet,1631,655.3115844726562,650.33203125
UNet,1632,649.8090209960938,654.8383178710938
UNet,1633,652.75830078125,651.0757446289062
UNet,1634,651.8637084960938,654.5702514648438
UNet,1635,651.9595336914062,649.6820678710938
UNet,1636,653.4652099609375,650.791015625
UNet,1637,653.2754516601562,649.7723999023438
UNet,1638,653.7971801757812,651.0411376953125
UNet,1639,651.1875610351562,651.6652221679688
UNet,1640,651.4916381835938,653.2793579101562
UNet,1641,653.7523193359375,655.1364135742188
UNet,1642,651.0209350585938,654.939453125
UNet,1643,653.2157592773438,653.0256958007812
UNet,1644,654.4856567382812,653.2308959960938
UNet,1645,655.7943725585938,651.3734741210938
UNet,1646,652.4656982421875,656.4505615234375
UNet,1647,649.8772583007812,652.6725463867188
UNet,1648,653.0966186523438,649.5593872070312
UNet,1649,647.957275390625,652.1635131835938
UNet,1650,650.4367065429688,653.3915405273438
UNet,1651,650.2075805664062,653.6173706054688
UNet,1652,650.7858276367188,655.2471313476562
UNet,1653,661.06689453125,648.52978515625
UNet,1654,654.4494018554688,651.4937133789062
UNet,1655,653.2050170898438,655.1934204101562
UNet,1656,653.2389526367188,651.2871704101562
UNet,1657,651.134765625,655.5067749023438
UNet,1658,651.0692749023438,650.043212890625
UNet,1659,650.8969116210938,650.5227661132812
UNet,1660,650.5098266601562,656.0687255859375
UNet,1661,654.6767578125,652.4426879882812
UNet,1662,653.3309326171875,652.4632568359375
UNet,1663,654.8618774414062,653.8565673828125
UNet,1664,653.7230224609375,653.7647705078125
UNet,1665,652.81494140625,652.1043090820312
UNet,1666,655.8267211914062,652.646240234375
UNet,1667,650.5779418945312,653.1963500976562
UNet,1668,650.5888061523438,647.7337036132812
UNet,1669,654.5709228515625,651.2651977539062
UNet,1670,652.2352905273438,648.8447875976562
UNet,1671,653.2952270507812,655.4290161132812
UNet,1672,655.748779296875,653.6875
UNet,1673,653.307861328125,650.98974609375
UNet,1674,655.0390014648438,649.0621948242188
UNet,1675,651.56005859375,655.9227905273438
UNet,1676,653.7103881835938,656.6840209960938
UNet,1677,653.9429321289062,652.5452880859375
UNet,1678,655.020751953125,654.9942016601562
UNet,1679,652.1272583007812,657.3811645507812
UNet,1680,652.2811279296875,651.3800048828125
UNet,1681,654.1051025390625,654.2427368164062
UNet,1682,653.98828125,653.3438110351562
UNet,1683,651.0682983398438,650.4539184570312
UNet,1684,652.1746215820312,650.8397827148438
UNet,1685,653.5134887695312,656.5098266601562
UNet,1686,653.8419799804688,649.5271606445312
UNet,1687,658.5087890625,655.2064819335938
UNet,1688,654.5502319335938,654.012451171875
UNet,1689,655.5372924804688,651.3567504882812
UNet,1690,653.1107788085938,650.1815185546875
UNet,1691,651.3207397460938,652.4191284179688
UNet,1692,652.906982421875,651.5322875976562
UNet,1693,653.5725708007812,650.9422607421875
UNet,1694,649.8390502929688,649.0069580078125
UNet,1695,653.6641235351562,657.1906127929688
UNet,1696,647.8301391601562,651.1449584960938
UNet,1697,654.0209350585938,652.77392578125
UNet,1698,655.0902709960938,651.3217163085938
UNet,1699,649.9452514648438,651.4766235351562
UNet,1700,654.1807861328125,652.5471801757812
UNet,1701,656.5653686523438,652.337158203125
UNet,1702,655.9122924804688,651.0197143554688
UNet,1703,649.9913940429688,652.5745849609375
UNet,1704,654.8244018554688,651.3387451171875
UNet,1705,653.9110107421875,651.6965942382812
UNet,1706,653.3924560546875,651.8750610351562
UNet,1707,649.2230224609375,653.7925415039062
UNet,1708,655.0096435546875,656.161865234375
UNet,1709,651.9186401367188,651.4696655273438
UNet,1710,654.4700927734375,654.0197143554688
UNet,1711,656.7285766601562,653.2454223632812
UNet,1712,656.2730102539062,654.5233764648438
UNet,1713,653.1891479492188,656.0247192382812
UNet,1714,654.1447143554688,652.1013793945312
UNet,1715,650.4205932617188,650.5615844726562
UNet,1716,652.7857055664062,649.6956787109375
UNet,1717,653.9722900390625,655.2937622070312
UNet,1718,651.3015747070312,654.0465698242188
UNet,1719,655.0548706054688,654.2423095703125
UNet,1720,653.3063354492188,654.2066040039062
UNet,1721,654.5574951171875,654.42919921875
UNet,1722,654.3366088867188,654.7769775390625
UNet,1723,650.243408203125,654.3858032226562
UNet,1724,649.7384643554688,650.888916015625
UNet,1725,650.6469116210938,650.226806640625
UNet,1726,652.0604858398438,650.4238891601562
UNet,1727,655.768310546875,659.4586791992188
UNet,1728,653.8076782226562,654.2454223632812
UNet,1729,649.5138549804688,656.6880493164062
UNet,1730,653.344482421875,653.8167724609375
UNet,1731,655.6021118164062,651.9992065429688
UNet,1732,652.5436401367188,652.0398559570312
UNet,1733,649.8749389648438,649.2523803710938
UNet,1734,650.8036499023438,649.6871948242188
UNet,1735,656.9002685546875,651.369873046875
UNet,1736,651.865478515625,653.1088256835938
UNet,1737,652.2697143554688,654.976318359375
UNet,1738,651.5037231445312,655.2603759765625
UNet,1739,654.0537719726562,652.8525390625
UNet,1740,651.1973876953125,651.3206787109375
UNet,1741,652.098388671875,651.7269287109375
UNet,1742,652.418212890625,653.3794555664062
UNet,1743,648.977294921875,649.6920166015625
UNet,1744,651.0916748046875,653.2438354492188
UNet,1745,653.1356811523438,652.833251953125
UNet,1746,654.5587768554688,652.0188598632812
UNet,1747,654.8670654296875,652.6777954101562
UNet,1748,652.7290649414062,652.2323608398438
UNet,1749,654.4887084960938,649.3495483398438
UNet,1750,655.6819458007812,651.6869506835938
UNet,1751,650.1853637695312,649.33447265625
UNet,1752,651.4253540039062,653.9515991210938
UNet,1753,653.2239990234375,650.3364868164062
UNet,1754,652.5134887695312,649.5119018554688
UNet,1755,647.1057739257812,652.9589233398438
UNet,1756,655.0496215820312,652.9183959960938
UNet,1757,651.7273559570312,653.8820190429688
UNet,1758,650.6854858398438,652.4176635742188
UNet,1759,653.0986938476562,651.4432983398438
UNet,1760,655.4376831054688,651.0967407226562
UNet,1761,650.0736083984375,654.954345703125
UNet,1762,649.2122192382812,655.0410766601562
UNet,1763,652.2664794921875,654.4328002929688
UNet,1764,654.6539916992188,654.0918579101562
UNet,1765,651.8535766601562,654.7363891601562
UNet,1766,651.2740478515625,654.8151245117188
UNet,1767,652.6890258789062,651.8751831054688
UNet,1768,653.1253662109375,653.3114013671875
UNet,1769,653.5098266601562,651.2549438476562
UNet,1770,656.1387939453125,653.7838134765625
UNet,1771,653.8006591796875,647.5116577148438
UNet,1772,652.5231323242188,651.6760864257812
UNet,1773,654.2227783203125,655.6141967773438
UNet,1774,654.0066528320312,652.7520751953125
UNet,1775,654.4195556640625,649.6793212890625
UNet,1776,653.5300903320312,653.8079833984375
UNet,1777,652.8706665039062,654.081298828125
UNet,1778,653.2433471679688,656.1697998046875
UNet,1779,655.3986206054688,658.2503662109375
UNet,1780,655.098388671875,653.9300537109375
UNet,1781,652.827880859375,653.1331787109375
UNet,1782,652.023193359375,655.6209106445312
UNet,1783,652.1605834960938,651.9774780273438
UNet,1784,657.6945190429688,653.6353759765625
UNet,1785,657.722900390625,651.3296508789062
UNet,1786,652.31298828125,655.7388305664062
UNet,1787,650.5368041992188,652.3078002929688
UNet,1788,655.1475219726562,646.4908447265625
UNet,1789,656.6564331054688,651.227294921875
UNet,1790,654.2601928710938,659.4423217773438
UNet,1791,650.93896484375,652.6465454101562
UNet,1792,655.4163208007812,650.0536499023438
UNet,1793,651.284912109375,651.8818359375
UNet,1794,652.8218383789062,652.0491333007812
UNet,1795,652.25244140625,651.353759765625
UNet,1796,652.6531372070312,654.40673828125
UNet,1797,651.4012451171875,653.3372192382812
UNet,1798,648.8902587890625,648.5711059570312
UNet,1799,652.7543334960938,652.3797607421875
UNet,1800,653.7924194335938,650.867431640625
UNet,1801,651.7239379882812,655.3193969726562
UNet,1802,655.5267944335938,649.8233032226562
UNet,1803,651.4647216796875,650.232666015625
UNet,1804,655.8522338867188,652.5867919921875
UNet,1805,653.6867065429688,651.5249633789062
UNet,1806,654.8490600585938,650.8060302734375
UNet,1807,648.0526733398438,652.5699462890625
UNet,1808,654.2318115234375,650.4804077148438
UNet,1809,648.0111694335938,654.2743530273438
UNet,1810,655.4532470703125,654.8700561523438
UNet,1811,653.3338623046875,651.2039184570312
UNet,1812,651.9505004882812,652.077880859375
UNet,1813,650.1129760742188,650.3580322265625
UNet,1814,656.4156494140625,654.4650268554688
UNet,1815,655.7326049804688,653.64208984375
UNet,1816,651.868408203125,657.7337036132812
UNet,1817,645.8045043945312,654.1671752929688
UNet,1818,649.6921997070312,650.8545532226562
UNet,1819,654.9480590820312,652.5184936523438
UNet,1820,649.8063354492188,651.5542602539062
UNet,1821,654.9466552734375,650.0427856445312
UNet,1822,649.6845092773438,654.4736938476562
UNet,1823,650.8842163085938,654.8011474609375
UNet,1824,648.3273315429688,650.61181640625
UNet,1825,653.6756591796875,657.5078735351562
UNet,1826,651.5570068359375,655.1293334960938
UNet,1827,651.629150390625,651.2352905273438
UNet,1828,654.4700927734375,651.3790283203125
UNet,1829,651.8591918945312,654.1788940429688
UNet,1830,651.0258178710938,653.14501953125
UNet,1831,654.369140625,653.8956909179688
UNet,1832,652.6631469726562,651.5397338867188
UNet,1833,655.2753295898438,651.5858764648438
UNet,1834,648.7433471679688,649.526123046875
UNet,1835,650.2103881835938,652.658203125
UNet,1836,650.8659057617188,655.1731567382812
UNet,1837,647.5285034179688,654.0975952148438
UNet,1838,651.6057739257812,650.6283569335938
UNet,1839,649.9066772460938,655.3551025390625
UNet,1840,653.5422973632812,650.6650390625
UNet,1841,655.6142578125,654.4243774414062
UNet,1842,650.2296142578125,655.4472045898438
UNet,1843,651.1888427734375,653.2003784179688
UNet,1844,651.3839721679688,652.5040893554688
UNet,1845,654.6348876953125,651.91259765625
UNet,1846,658.5008544921875,649.0833129882812
UNet,1847,651.3358764648438,650.7901000976562
UNet,1848,655.661376953125,656.7813110351562
UNet,1849,656.9956665039062,658.4618530273438
UNet,1850,656.9971313476562,647.0577392578125
UNet,1851,651.6397094726562,654.0538330078125
UNet,1852,651.3712768554688,656.1907348632812
UNet,1853,652.4873046875,654.8222045898438
UNet,1854,651.1233520507812,655.7734985351562
UNet,1855,650.1026000976562,655.1456298828125
UNet,1856,655.0933837890625,652.62109375
UNet,1857,650.7106323242188,651.4839477539062
UNet,1858,649.9161376953125,651.9326782226562
UNet,1859,652.7289428710938,653.2495727539062
UNet,1860,651.5323486328125,653.6456909179688
UNet,1861,648.5734252929688,653.1659545898438
UNet,1862,648.9422607421875,653.8054809570312
UNet,1863,649.883056640625,652.3084716796875
UNet,1864,656.5662231445312,653.0891723632812
UNet,1865,655.8375854492188,656.7036743164062
UNet,1866,653.3417358398438,653.2413940429688
UNet,1867,651.5839233398438,656.4154663085938
UNet,1868,650.3698120117188,652.3721923828125
UNet,1869,656.9881591796875,651.7108764648438
UNet,1870,651.664794921875,652.9998168945312
UNet,1871,658.1650390625,653.17822265625
UNet,1872,648.8753662109375,653.8307495117188
UNet,1873,656.5067138671875,651.3405151367188
UNet,1874,654.6865844726562,657.0413208007812
UNet,1875,652.1204223632812,649.44775390625
UNet,1876,650.7197875976562,652.8386840820312
UNet,1877,654.0986328125,655.9701538085938
UNet,1878,655.3919677734375,653.5009765625
UNet,1879,654.6932373046875,651.78369140625
UNet,1880,652.8071899414062,651.7774047851562
UNet,1881,652.6363525390625,655.5144653320312
UNet,1882,652.9800415039062,653.2431030273438
UNet,1883,651.2359619140625,651.8556518554688
UNet,1884,652.8981323242188,654.3795776367188
UNet,1885,650.4716186523438,650.7369995117188
UNet,1886,655.9312133789062,654.754150390625
UNet,1887,655.1539916992188,656.436279296875
UNet,1888,651.1210327148438,652.8248901367188
UNet,1889,651.8131713867188,652.2517700195312
UNet,1890,654.7619018554688,650.3878173828125
UNet,1891,656.2630004882812,654.1613159179688
UNet,1892,653.4620971679688,654.9481811523438
UNet,1893,654.5784301757812,653.585693359375
UNet,1894,656.9821166992188,655.0999145507812
UNet,1895,649.9443359375,652.2195434570312
UNet,1896,652.6554565429688,653.7321166992188
UNet,1897,654.5033569335938,648.507568359375
UNet,1898,651.4545288085938,650.5963745117188
UNet,1899,652.7763671875,655.9822387695312
UNet,1900,651.0259399414062,654.829833984375
UNet,1901,650.0807495117188,654.884033203125
UNet,1902,651.6597290039062,653.862060546875
UNet,1903,651.0867309570312,649.6340942382812
UNet,1904,657.0145263671875,649.5375366210938
UNet,1905,652.5873413085938,651.8134155273438
UNet,1906,655.6181640625,656.1534423828125
UNet,1907,658.91552734375,650.7183227539062
UNet,1908,652.6071166992188,649.9708862304688
UNet,1909,652.0846557617188,648.6436767578125
UNet,1910,656.2921752929688,650.1879272460938
UNet,1911,652.0540771484375,652.6275634765625
UNet,1912,655.9878540039062,650.8635864257812
UNet,1913,653.3859252929688,654.7862548828125
UNet,1914,651.5990600585938,658.4443969726562
UNet,1915,653.1043090820312,654.1036987304688
UNet,1916,653.6963500976562,648.6444702148438
UNet,1917,657.2005615234375,652.0347290039062
UNet,1918,656.1603393554688,653.090087890625
UNet,1919,654.7720336914062,651.9451293945312
UNet,1920,650.1962890625,650.8532104492188
UNet,1921,649.3699340820312,651.0755004882812
UNet,1922,654.0687866210938,651.2252807617188
UNet,1923,654.6150512695312,650.7205200195312
UNet,1924,652.7901000976562,650.4153442382812
UNet,1925,651.305908203125,651.9962768554688
UNet,1926,653.2257690429688,654.7322387695312
UNet,1927,654.8844604492188,656.3759155273438
UNet,1928,650.8668823242188,650.1752319335938
UNet,1929,653.6782836914062,647.503662109375
UNet,1930,651.146484375,652.3085327148438
UNet,1931,649.2588500976562,649.5042114257812
UNet,1932,651.825927734375,651.4628295898438
UNet,1933,655.5073852539062,652.1323852539062
UNet,1934,649.3694458007812,654.1001586914062
UNet,1935,652.3587036132812,653.4321899414062
UNet,1936,651.9915161132812,650.161865234375
UNet,1937,649.6071166992188,653.8375854492188
UNet,1938,653.9199829101562,650.0432739257812
UNet,1939,651.251708984375,653.726318359375
UNet,1940,654.3712158203125,651.3959350585938
UNet,1941,651.7504272460938,651.8046875
UNet,1942,653.31884765625,653.2283935546875
UNet,1943,656.93505859375,651.0357055664062
UNet,1944,651.3616943359375,653.3775024414062
UNet,1945,653.8475341796875,649.8561401367188
UNet,1946,650.462890625,648.9127807617188
UNet,1947,653.969482421875,651.9427490234375
UNet,1948,654.31103515625,648.855712890625
UNet,1949,651.8655395507812,652.0724487304688
UNet,1950,652.8721313476562,653.2670288085938
UNet,1951,652.8093872070312,652.2802124023438
UNet,1952,649.5086669921875,656.7919311523438
UNet,1953,651.7461547851562,652.0036010742188
UNet,1954,654.7013549804688,651.0706787109375
UNet,1955,649.3632202148438,657.2871704101562
UNet,1956,646.569580078125,654.1029663085938
UNet,1957,649.947265625,650.575927734375
UNet,1958,654.1298828125,653.5758666992188
UNet,1959,653.8314208984375,652.5162963867188
UNet,1960,653.6085815429688,654.5296020507812
UNet,1961,649.2726440429688,657.2407836914062
UNet,1962,651.3871459960938,652.0911254882812
UNet,1963,655.1681518554688,652.5382690429688
UNet,1964,650.1287841796875,653.7508544921875
UNet,1965,652.7922973632812,652.4185180664062
UNet,1966,650.7693481445312,653.2599487304688
UNet,1967,651.1143188476562,655.8062744140625
UNet,1968,651.7564086914062,652.2568969726562
UNet,1969,650.6334838867188,648.447021484375
UNet,1970,651.4302978515625,648.5454711914062
UNet,1971,655.7777099609375,650.2920532226562
UNet,1972,654.2449340820312,653.3035888671875
UNet,1973,651.2260131835938,647.6333618164062
UNet,1974,654.6383056640625,654.4466552734375
UNet,1975,656.3992309570312,652.06494140625
UNet,1976,650.9308471679688,649.6345825195312
UNet,1977,650.6761474609375,652.1752319335938
UNet,1978,649.4646606445312,651.5527954101562
UNet,1979,652.4419555664062,651.71435546875
UNet,1980,654.4935302734375,653.1795043945312
UNet,1981,649.1043701171875,656.6282958984375
UNet,1982,652.8193969726562,654.0658569335938
UNet,1983,653.4495849609375,652.3368530273438
UNet,1984,653.7059936523438,651.0299682617188
UNet,1985,651.08251953125,653.1318359375
UNet,1986,650.8081665039062,649.5527954101562
UNet,1987,652.6764526367188,652.4157104492188
UNet,1988,651.8036499023438,656.0543823242188
UNet,1989,651.9002075195312,652.1021118164062
UNet,1990,651.1249389648438,655.6857299804688
UNet,1991,651.8538208007812,650.3731689453125
UNet,1992,652.3663940429688,656.3689575195312
UNet,1993,654.7105102539062,654.743896484375
UNet,1994,654.2951049804688,653.7197875976562
UNet,1995,650.3992919921875,650.457275390625
UNet,1996,655.26171875,648.7079467773438
UNet,1997,654.7573852539062,653.9619750976562
UNet,1998,652.6984252929688,653.1930541992188
UNet,1999,651.1744995117188,657.4628295898438
UNet,2000,654.51123046875,649.3421020507812
UNet,2001,650.3342895507812,655.3272094726562
UNet,2002,649.0753784179688,655.3709106445312
UNet,2003,654.9973754882812,654.9822998046875
UNet,2004,653.5640258789062,657.0137329101562
UNet,2005,656.4885864257812,651.0269165039062
UNet,2006,648.177001953125,651.9252319335938
UNet,2007,653.14013671875,652.998291015625
UNet,2008,649.5713500976562,648.1383666992188
UNet,2009,654.4979248046875,651.7042236328125
UNet,2010,651.4365234375,654.7937622070312
UNet,2011,651.8268432617188,650.8463134765625
UNet,2012,649.3977661132812,648.266845703125
UNet,2013,650.4312133789062,649.2814331054688
UNet,2014,652.7911987304688,649.4256591796875
UNet,2015,654.3822021484375,650.4844360351562
UNet,2016,653.3760986328125,656.2321166992188
UNet,2017,652.9403076171875,652.57373046875
UNet,2018,654.1536254882812,652.1923217773438
UNet,2019,655.7474365234375,649.4963989257812
UNet,2020,653.2354125976562,652.633056640625
UNet,2021,651.3995971679688,651.2888793945312
UNet,2022,652.5986938476562,649.4874877929688
UNet,2023,651.4332275390625,649.5533447265625
UNet,2024,651.5128784179688,651.3375244140625
UNet,2025,658.3460693359375,656.3986206054688
UNet,2026,653.5078125,651.2285766601562
UNet,2027,653.3501586914062,654.7349243164062
UNet,2028,648.0198974609375,654.0928955078125
UNet,2029,651.0608520507812,654.6897583007812
UNet,2030,650.6135864257812,652.5701293945312
UNet,2031,652.6287841796875,651.8795776367188
UNet,2032,653.1937866210938,646.3739624023438
UNet,2033,654.2881469726562,648.2078247070312
UNet,2034,652.9397583007812,649.537353515625
UNet,2035,648.3704223632812,649.8817749023438
UNet,2036,650.0614624023438,651.0535278320312
UNet,2037,653.0767211914062,653.099365234375
UNet,2038,648.9934692382812,652.1861572265625
UNet,2039,653.3309936523438,655.21044921875
UNet,2040,649.6471557617188,651.9849853515625
UNet,2041,650.4613647460938,654.5377807617188
UNet,2042,651.6476440429688,651.125
UNet,2043,653.5421752929688,647.7994995117188
UNet,2044,655.6154174804688,653.2561645507812
UNet,2045,654.4060668945312,652.6597290039062
UNet,2046,654.9503784179688,654.4657592773438
UNet,2047,651.4443969726562,654.3887939453125
UNet,2048,646.4678344726562,651.8576049804688
UNet,2049,650.4590454101562,652.5723266601562
UNet,2050,651.9931640625,648.4864501953125
UNet,2051,654.9489135742188,649.9805297851562
UNet,2052,646.1599731445312,647.9478149414062
UNet,2053,652.7857055664062,656.6847534179688
UNet,2054,650.6246337890625,653.3424682617188
UNet,2055,649.6128540039062,650.1824340820312
UNet,2056,653.6371459960938,649.752685546875
UNet,2057,649.680419921875,654.5133666992188
UNet,2058,652.9186401367188,652.3869018554688
UNet,2059,652.5681762695312,656.07470703125
UNet,2060,655.3530883789062,653.6867065429688
UNet,2061,652.8623657226562,652.8900756835938
UNet,2062,656.9767456054688,653.1104736328125
UNet,2063,652.2570190429688,649.2576293945312
UNet,2064,650.4790649414062,654.2521362304688
UNet,2065,652.6207885742188,656.5580444335938
UNet,2066,650.0490112304688,648.6187744140625
UNet,2067,653.3650512695312,648.372802734375
UNet,2068,652.294921875,647.6527709960938
UNet,2069,648.0361938476562,650.3480834960938
UNet,2070,656.5695190429688,653.342529296875
UNet,2071,650.8436889648438,655.6709594726562
UNet,2072,654.9706420898438,655.8030395507812
UNet,2073,652.2911987304688,647.6596069335938
UNet,2074,653.1994018554688,648.3618774414062
UNet,2075,649.5485229492188,647.9675903320312
UNet,2076,652.2503662109375,655.8938598632812
UNet,2077,652.3655395507812,652.2362060546875
UNet,2078,652.3060302734375,650.9508056640625
UNet,2079,651.8720092773438,652.6231079101562
UNet,2080,653.0820922851562,649.974365234375
UNet,2081,655.3326416015625,651.0643920898438
UNet,2082,655.3057861328125,650.428955078125
UNet,2083,650.3179321289062,651.2282104492188
UNet,2084,649.5476684570312,650.0980834960938
UNet,2085,649.8074340820312,650.2520751953125
UNet,2086,655.607421875,653.4755249023438
UNet,2087,648.7833251953125,647.3141479492188
UNet,2088,647.15673828125,655.6076049804688
UNet,2089,653.4345092773438,651.681884765625
UNet,2090,651.5274047851562,652.042236328125
UNet,2091,651.6026611328125,652.6567993164062
UNet,2092,653.1941528320312,651.5147705078125
UNet,2093,649.7889404296875,651.913330078125
UNet,2094,653.02587890625,655.4528198242188
UNet,2095,651.779541015625,653.2210083007812
UNet,2096,653.767822265625,653.2989501953125
UNet,2097,652.0819091796875,650.3423461914062
UNet,2098,650.4954833984375,648.7801513671875
UNet,2099,651.80859375,655.051513671875
UNet,2100,652.0963134765625,652.320068359375
UNet,2101,649.66357421875,650.0479125976562
UNet,2102,653.541748046875,652.1467895507812
UNet,2103,649.077392578125,651.8412475585938
UNet,2104,651.0218505859375,651.7140502929688
UNet,2105,653.6561889648438,653.4225463867188
UNet,2106,656.8208618164062,653.82470703125
UNet,2107,651.4987182617188,650.0604248046875
UNet,2108,649.8956909179688,651.8782348632812
UNet,2109,653.9177856445312,650.9492797851562
UNet,2110,653.3327026367188,650.4127807617188
UNet,2111,655.0435791015625,653.443359375
UNet,2112,653.7703857421875,654.8551635742188
UNet,2113,651.2123413085938,654.4818115234375
UNet,2114,652.3587036132812,653.7764282226562
UNet,2115,653.4652709960938,650.3305053710938
UNet,2116,651.8052978515625,646.9172973632812
UNet,2117,652.711669921875,655.6690063476562
UNet,2118,652.6343383789062,650.8532104492188
UNet,2119,651.39990234375,652.9359741210938
UNet,2120,648.8529663085938,649.7621459960938
UNet,2121,654.1212158203125,651.18994140625
UNet,2122,654.9384765625,654.3091430664062
UNet,2123,650.3812866210938,653.489501953125
UNet,2124,657.6161499023438,652.8793334960938
UNet,2125,654.2315063476562,653.4281616210938
UNet,2126,649.1207275390625,655.0101318359375
UNet,2127,652.2717895507812,651.3560791015625
UNet,2128,650.819091796875,652.1752319335938
UNet,2129,655.550048828125,653.1228637695312
UNet,2130,652.5707397460938,648.4755249023438
UNet,2131,652.7723999023438,650.656494140625
UNet,2132,651.792236328125,652.6635131835938
UNet,2133,652.9100952148438,654.5302734375
UNet,2134,650.87744140625,651.9353637695312
UNet,2135,652.081787109375,650.7901000976562
UNet,2136,651.680908203125,650.1030883789062
UNet,2137,647.5659790039062,652.9448852539062
UNet,2138,651.7106323242188,655.0682983398438
UNet,2139,656.5123291015625,649.4113159179688
UNet,2140,649.6798095703125,653.6207885742188
UNet,2141,655.3438110351562,653.9716796875
UNet,2142,647.4404296875,653.1204223632812
UNet,2143,654.2850952148438,650.9057006835938
UNet,2144,651.8621826171875,647.9673461914062
UNet,2145,653.5015258789062,653.7639770507812
UNet,2146,652.6048583984375,650.2827758789062
UNet,2147,649.7926025390625,651.3026123046875
UNet,2148,652.0016479492188,648.1759033203125
UNet,2149,651.5504760742188,653.4743041992188
UNet,2150,653.7431030273438,649.8544311523438
UNet,2151,650.5347900390625,654.3547973632812
UNet,2152,653.7571411132812,646.152587890625
UNet,2153,647.7263793945312,653.0497436523438
UNet,2154,654.4248657226562,652.407470703125
UNet,2155,654.7191162109375,649.3071899414062
UNet,2156,652.7180786132812,650.4862670898438
UNet,2157,650.2040405273438,652.9946899414062
UNet,2158,654.1626586914062,651.9583129882812
UNet,2159,651.5821533203125,652.7927856445312
UNet,2160,651.3946533203125,652.0128173828125
UNet,2161,652.0736083984375,650.1165161132812
UNet,2162,648.8899536132812,648.7747802734375
UNet,2163,653.9998168945312,650.7019653320312
UNet,2164,650.1554565429688,650.4671020507812
UNet,2165,650.8958129882812,652.5413208007812
UNet,2166,652.7544555664062,650.2662963867188
UNet,2167,652.4205932617188,646.516845703125
UNet,2168,650.9586791992188,651.6790161132812
UNet,2169,652.5806274414062,651.8181762695312
UNet,2170,648.4157104492188,652.1554565429688
UNet,2171,648.5765991210938,653.0560913085938
UNet,2172,653.3886108398438,653.7890014648438
UNet,2173,654.3544921875,648.94189453125
UNet,2174,649.776611328125,649.47021484375
UNet,2175,654.6785278320312,645.9122924804688
UNet,2176,649.5343627929688,652.0833129882812
UNet,2177,648.6555786132812,652.1240844726562
UNet,2178,654.8466796875,648.7095336914062
UNet,2179,654.501220703125,648.3078002929688
UNet,2180,648.2462768554688,653.8483276367188
UNet,2181,647.0158081054688,649.7540893554688
UNet,2182,651.3270874023438,656.2202758789062
UNet,2183,650.861572265625,649.082275390625
UNet,2184,653.2899169921875,648.4270629882812
UNet,2185,650.6036376953125,653.1410522460938
UNet,2186,648.6644897460938,653.1458129882812
UNet,2187,650.110107421875,653.2046508789062
UNet,2188,650.0390625,652.2008666992188
UNet,2189,648.8568725585938,652.2830200195312
UNet,2190,648.4357299804688,649.6881103515625
UNet,2191,649.8138427734375,654.9609985351562
UNet,2192,653.3095092773438,648.183349609375
UNet,2193,647.0979614257812,648.0453491210938
UNet,2194,649.1371459960938,651.1697998046875
UNet,2195,650.31640625,655.4943237304688
UNet,2196,650.5142211914062,652.9379272460938
UNet,2197,648.9117431640625,649.9044799804688
UNet,2198,648.9277954101562,649.3427734375
UNet,2199,652.4152221679688,652.2235717773438
UNet,2200,656.8814086914062,652.6505737304688
UNet,2201,650.6243286132812,649.0
UNet,2202,651.8976440429688,648.4075317382812
UNet,2203,654.4679565429688,652.0786743164062
UNet,2204,653.1461791992188,652.2828979492188
UNet,2205,648.6176147460938,652.2491455078125
UNet,2206,651.90234375,653.034912109375
UNet,2207,646.50048828125,655.7967529296875
UNet,2208,650.95263671875,648.6339111328125
UNet,2209,649.42822265625,650.6597900390625
UNet,2210,648.363525390625,649.7512817382812
UNet,2211,654.1087036132812,650.1181030273438
UNet,2212,655.7913208007812,654.0887451171875
UNet,2213,651.830810546875,648.5172119140625
UNet,2214,655.4042358398438,652.9483032226562
UNet,2215,650.2289428710938,648.6551513671875
UNet,2216,654.4299926757812,651.7218017578125
UNet,2217,649.3207397460938,650.7646484375
UNet,2218,653.061279296875,652.8826293945312
UNet,2219,650.7665405273438,655.4664306640625
UNet,2220,649.0150756835938,649.499267578125
UNet,2221,650.8136596679688,649.3125
UNet,2222,655.63671875,657.4171142578125
UNet,2223,651.7052612304688,651.592529296875
UNet,2224,650.1580200195312,652.3660888671875
UNet,2225,651.9281616210938,647.1150512695312
UNet,2226,649.2542114257812,657.1055297851562
UNet,2227,649.3274536132812,652.583984375
UNet,2228,647.1740112304688,655.1932373046875
UNet,2229,650.505615234375,657.435791015625
UNet,2230,652.7755737304688,651.6314697265625
UNet,2231,647.7517700195312,649.72021484375
UNet,2232,653.0859375,650.360595703125
UNet,2233,652.0069580078125,655.2926635742188
UNet,2234,650.29443359375,649.52392578125
UNet,2235,651.4337768554688,647.691650390625
UNet,2236,654.4786376953125,650.7833862304688
UNet,2237,655.4528198242188,653.984375
UNet,2238,650.5382690429688,652.5382690429688
UNet,2239,653.6112670898438,652.4097900390625
UNet,2240,653.6735229492188,652.3308715820312
UNet,2241,649.88623046875,647.5665893554688
UNet,2242,650.3955688476562,650.5112915039062
UNet,2243,648.9142456054688,653.2542724609375
UNet,2244,651.1016235351562,654.5009155273438
UNet,2245,650.3667602539062,647.4091186523438
UNet,2246,650.4719848632812,649.7267456054688
UNet,2247,653.9310302734375,648.5735473632812
UNet,2248,651.5526733398438,650.1892700195312
UNet,2249,649.7313842773438,651.74560546875
UNet,2250,652.2194213867188,651.2705688476562
UNet,2251,652.53466796875,650.0799560546875
UNet,2252,648.8290405273438,652.9844970703125
UNet,2253,650.9868774414062,651.7008056640625
UNet,2254,653.4713745117188,648.2095336914062
UNet,2255,646.1865234375,651.8071899414062
UNet,2256,652.4891357421875,651.1392211914062
UNet,2257,647.491943359375,650.0856323242188
UNet,2258,651.5113525390625,648.2792358398438
UNet,2259,649.8566284179688,651.4175415039062
UNet,2260,651.2711181640625,653.310302734375
UNet,2261,649.79150390625,655.5530395507812
UNet,2262,652.2067260742188,651.3947143554688
UNet,2263,656.1696166992188,651.8519287109375
UNet,2264,651.1729736328125,651.47216796875
UNet,2265,651.7196044921875,647.9741821289062
UNet,2266,653.052001953125,651.2251586914062
UNet,2267,653.7744750976562,653.5543212890625
UNet,2268,649.8114624023438,650.9818115234375
UNet,2269,652.6593627929688,652.7913208007812
UNet,2270,650.3640747070312,652.4119262695312
UNet,2271,648.9198608398438,650.8232421875
UNet,2272,649.8764038085938,651.8880004882812
UNet,2273,649.9207763671875,655.3103637695312
UNet,2274,651.513671875,643.9274291992188
UNet,2275,652.8457641601562,650.3787841796875
UNet,2276,654.6605834960938,653.0709228515625
UNet,2277,649.5139770507812,652.454833984375
UNet,2278,651.8224487304688,651.554931640625
UNet,2279,649.4339599609375,650.2922973632812
UNet,2280,655.2066040039062,651.4407348632812
UNet,2281,651.506591796875,654.63427734375
UNet,2282,651.3392944335938,651.8392944335938
UNet,2283,643.6640014648438,652.668701171875
UNet,2284,651.2954711914062,649.3894653320312
UNet,2285,649.132080078125,652.8043823242188
UNet,2286,650.96044921875,648.4671020507812
UNet,2287,651.5068359375,653.0689086914062
UNet,2288,654.7761840820312,652.9142456054688
UNet,2289,649.7550659179688,651.189208984375
UNet,2290,652.6732788085938,649.41162109375
UNet,2291,649.7658081054688,652.6953735351562
UNet,2292,650.0809936523438,654.1130981445312
UNet,2293,650.5703735351562,650.0913696289062
UNet,2294,650.9757690429688,648.9498901367188
UNet,2295,650.5078735351562,652.5984497070312
UNet,2296,648.9198608398438,647.3446044921875
UNet,2297,649.960205078125,652.901611328125
UNet,2298,646.4404907226562,654.1959228515625
UNet,2299,651.2197875976562,649.0897827148438
UNet,2300,653.9411010742188,651.2578735351562
UNet,2301,651.3634643554688,650.4119262695312
UNet,2302,651.9486694335938,651.0632934570312
UNet,2303,656.2659301757812,649.0558471679688
UNet,2304,652.3294677734375,651.6763305664062
UNet,2305,653.0296020507812,648.7377319335938
UNet,2306,650.6647338867188,650.7651977539062
UNet,2307,653.8087768554688,649.6761474609375
UNet,2308,649.8582763671875,648.8579711914062
UNet,2309,652.4937744140625,654.3245239257812
UNet,2310,652.6228637695312,653.25048828125
UNet,2311,648.2218627929688,651.069580078125
UNet,2312,647.5241088867188,651.4234008789062
UNet,2313,647.860107421875,647.4148559570312
UNet,2314,649.9266967773438,649.6266479492188
UNet,2315,650.2761840820312,650.3554077148438
UNet,2316,649.2827758789062,653.5133056640625
UNet,2317,651.128173828125,646.5095825195312
UNet,2318,653.8670043945312,649.8602294921875
UNet,2319,652.666259765625,649.9329223632812
UNet,2320,647.5049438476562,651.6347045898438
UNet,2321,649.6520385742188,651.2631225585938
UNet,2322,647.9960327148438,645.7705078125
UNet,2323,653.6004638671875,649.4915161132812
UNet,2324,648.6697387695312,647.9595336914062
UNet,2325,648.7700805664062,652.2044677734375
UNet,2326,650.1166381835938,650.009521484375
UNet,2327,654.8872680664062,649.017333984375
UNet,2328,651.5662231445312,649.3894653320312
UNet,2329,649.5210571289062,649.2239990234375
UNet,2330,648.1049194335938,646.0828247070312
UNet,2331,644.8297729492188,650.6114501953125
UNet,2332,652.1060791015625,655.1650390625
UNet,2333,647.6957397460938,650.7981567382812
UNet,2334,649.4713134765625,651.2377319335938
UNet,2335,647.8154907226562,648.4285278320312
UNet,2336,651.733642578125,651.4092407226562
UNet,2337,651.6150512695312,651.0511474609375
UNet,2338,641.9712524414062,648.9559326171875
UNet,2339,650.8888549804688,650.9546508789062
UNet,2340,651.6377563476562,654.0947875976562
UNet,2341,652.9707641601562,650.1762084960938
UNet,2342,654.0469360351562,650.4254760742188
UNet,2343,653.4010009765625,650.8639526367188
UNet,2344,648.4144897460938,651.575439453125
UNet,2345,649.3336181640625,651.5806274414062
UNet,2346,649.6146850585938,647.59130859375
UNet,2347,650.200439453125,648.82470703125
UNet,2348,651.323486328125,651.9330444335938
UNet,2349,654.4888916015625,651.42626953125
UNet,2350,652.0237426757812,650.7799072265625
UNet,2351,646.1473388671875,652.2761840820312
UNet,2352,648.8418579101562,650.7251586914062
UNet,2353,648.3905029296875,648.5664672851562
UNet,2354,651.1102294921875,652.6654663085938
UNet,2355,651.2311401367188,649.0222778320312
UNet,2356,648.9921875,653.5358276367188
UNet,2357,651.641845703125,651.2713623046875
UNet,2358,649.0978393554688,648.7988891601562
UNet,2359,650.2947387695312,646.3634643554688
UNet,2360,648.60986328125,651.4064331054688
UNet,2361,650.45068359375,650.2681274414062
UNet,2362,649.4136352539062,653.2606201171875
UNet,2363,653.111083984375,646.9776000976562
UNet,2364,652.2990112304688,648.5498657226562
UNet,2365,650.6528930664062,646.4964599609375
UNet,2366,651.6078491210938,651.8068237304688
UNet,2367,651.6091918945312,650.6550903320312
UNet,2368,654.6200561523438,651.9639282226562
UNet,2369,650.0735473632812,647.2123413085938
UNet,2370,643.4415893554688,653.8660278320312
UNet,2371,649.983642578125,648.4752807617188
UNet,2372,648.6932983398438,643.2826538085938
UNet,2373,647.1858520507812,654.4686889648438
UNet,2374,645.8685913085938,648.5997924804688
UNet,2375,649.218505859375,647.4163818359375
UNet,2376,649.1951293945312,646.9949340820312
UNet,2377,648.7258911132812,648.8658447265625
UNet,2378,654.6012573242188,649.6463012695312
UNet,2379,645.8932495117188,648.4075317382812
UNet,2380,650.5562744140625,651.6170043945312
UNet,2381,648.1192016601562,653.1394653320312
UNet,2382,649.9100952148438,653.4313354492188
UNet,2383,647.7182006835938,649.9979858398438
UNet,2384,651.1007690429688,653.2805786132812
UNet,2385,651.6320190429688,653.37548828125
UNet,2386,652.0684814453125,647.9397583007812
UNet,2387,650.7137451171875,649.5532836914062
UNet,2388,648.3817749023438,647.13427734375
UNet,2389,648.2311401367188,651.9606323242188
UNet,2390,654.2892456054688,645.5020141601562
UNet,2391,651.20654296875,650.9515380859375
UNet,2392,647.7045288085938,649.8482055664062
UNet,2393,651.454345703125,642.5427856445312
UNet,2394,649.3731689453125,650.287841796875
UNet,2395,652.8179321289062,648.5254516601562
UNet,2396,648.3938598632812,645.8556518554688
UNet,2397,643.0552368164062,650.3949584960938
UNet,2398,647.4036254882812,643.9773559570312
UNet,2399,650.1885375976562,651.0348510742188
UNet,2400,647.9481201171875,654.672119140625
UNet,2401,647.913818359375,650.3051147460938
UNet,2402,649.2103881835938,649.5857543945312
UNet,2403,649.9156494140625,646.8999633789062
UNet,2404,652.6862182617188,645.5165405273438
UNet,2405,646.3289184570312,649.556884765625
UNet,2406,645.19482421875,647.1795043945312
UNet,2407,645.2603149414062,647.1052856445312
UNet,2408,647.2275390625,652.1935424804688
UNet,2409,650.7088623046875,645.5912475585938
UNet,2410,646.6022338867188,647.0137939453125
UNet,2411,643.3450317382812,646.74072265625
UNet,2412,650.7036743164062,649.8045043945312
UNet,2413,651.1301879882812,646.7605590820312
UNet,2414,643.9655151367188,646.9912719726562
UNet,2415,646.3109741210938,646.8289794921875
UNet,2416,647.9182739257812,644.1787719726562
UNet,2417,644.6390991210938,645.9378051757812
UNet,2418,646.9191284179688,646.5118408203125
UNet,2419,646.1900024414062,642.21923828125
UNet,2420,646.4330444335938,644.2650146484375
UNet,2421,646.5209350585938,649.3075561523438
UNet,2422,651.171875,644.5315551757812
UNet,2423,646.6325073242188,643.0932006835938
UNet,2424,647.1599731445312,649.7427368164062
UNet,2425,643.7881469726562,647.8573608398438
UNet,2426,644.82861328125,650.5457153320312
UNet,2427,644.1422729492188,646.9525756835938
UNet,2428,647.05810546875,645.7937622070312
UNet,2429,650.3104858398438,649.024169921875
UNet,2430,642.6885986328125,649.370361328125
UNet,2431,643.9776611328125,643.3382568359375
UNet,2432,645.4026489257812,642.7188110351562
UNet,2433,647.76416015625,644.527099609375
UNet,2434,640.7830200195312,645.3937377929688
UNet,2435,644.9234008789062,648.1217651367188
UNet,2436,642.1510620117188,642.1634521484375
UNet,2437,642.2896118164062,642.3753662109375
UNet,2438,641.9923706054688,642.7852172851562
UNet,2439,645.3560180664062,639.2947998046875
UNet,2440,644.5907592773438,640.9866333007812
UNet,2441,642.696044921875,645.0514526367188
UNet,2442,637.8219604492188,642.4310913085938
UNet,2443,641.5938110351562,644.6823120117188
UNet,2444,643.4310302734375,642.0441284179688
UNet,2445,641.273681640625,647.0724487304688
UNet,2446,639.1307983398438,643.8988037109375
UNet,2447,642.2401733398438,645.971923828125
UNet,2448,643.0245971679688,648.4783325195312
UNet,2449,647.047607421875,647.9983520507812
UNet,2450,647.6045532226562,638.0537109375
UNet,2451,648.9002075195312,646.4193725585938
UNet,2452,639.6832275390625,645.2162475585938
UNet,2453,641.1323852539062,640.0149536132812
UNet,2454,646.9435424804688,642.4335327148438
UNet,2455,637.8568725585938,640.2339477539062
UNet,2456,642.39501953125,639.7112426757812
UNet,2457,642.2819213867188,638.5159912109375
UNet,2458,641.354248046875,639.6319580078125
UNet,2459,643.1976928710938,639.9841918945312
UNet,2460,637.6655883789062,644.7232055664062
UNet,2461,635.6853637695312,636.8370361328125
UNet,2462,643.3875122070312,640.438232421875
UNet,2463,635.1498413085938,639.1687622070312
UNet,2464,639.3414916992188,636.0747680664062
UNet,2465,635.2966918945312,636.0946655273438
UNet,2466,635.7279663085938,636.5443115234375
UNet,2467,633.2542724609375,638.4393920898438
UNet,2468,640.7390747070312,639.3011474609375
UNet,2469,637.4639282226562,639.1548461914062
UNet,2470,638.5655517578125,631.2130737304688
UNet,2471,639.8804931640625,646.1741333007812
UNet,2472,643.580810546875,639.1766967773438
UNet,2473,638.3368530273438,638.4739990234375
UNet,2474,634.6477661132812,636.4773559570312
UNet,2475,633.8359985351562,637.3027954101562
UNet,2476,635.0577392578125,633.0781860351562
UNet,2477,634.6671752929688,631.9421997070312
UNet,2478,631.7408447265625,630.9752807617188
UNet,2479,635.0796508789062,638.423828125
UNet,2480,635.4766845703125,636.8836669921875
UNet,2481,638.7543334960938,639.7526245117188
UNet,2482,645.8117065429688,650.4239501953125
UNet,2483,655.8606567382812,668.7884521484375
UNet,2484,664.5867919921875,650.692626953125
UNet,2485,649.726318359375,631.4918823242188
UNet,2486,633.8182373046875,651.3436889648438
UNet,2487,653.54443359375,633.1494750976562
UNet,2488,631.0054321289062,637.3678588867188
UNet,2489,642.3726196289062,636.2371215820312
UNet,2490,640.88525390625,636.3682250976562
UNet,2491,635.4119873046875,635.1439819335938
UNet,2492,637.07958984375,637.1860961914062
UNet,2493,635.5014038085938,635.4641723632812
UNet,2494,635.3782958984375,635.4925537109375
UNet,2495,637.0330810546875,633.3861694335938
UNet,2496,636.5399780273438,634.8984985351562
UNet,2497,632.190673828125,629.7643432617188
UNet,2498,631.5164184570312,634.9554443359375
UNet,2499,636.051025390625,627.0675048828125
